# Blender 3.5.1
# www.blender.org
o Object_4
v 0.482474 0.138922 0.335885
v 0.482474 0.138922 0.335885
v 0.638014 -0.296762 -0.664338
v 0.122979 0.234901 -0.235007
v 0.122979 0.234901 -0.235007
v 0.122979 0.234901 -0.235007
v 0.247385 0.171005 -0.196828
v 0.226962 0.192553 -0.206216
v 0.226962 0.192553 -0.206216
v 0.623162 0.287049 0.055611
v 0.670076 0.334961 0.028624
v 0.667201 0.329683 0.077300
v 0.642767 0.305384 0.017383
v 0.477131 0.220878 0.409844
v 0.519282 0.269537 0.439475
v 0.517771 0.232519 0.435905
v 0.013862 0.947924 0.378211
v 0.123017 0.210565 -0.341180
v 0.172417 0.205081 -0.351914
v 0.088321 0.214566 -0.372631
v 0.251670 0.267617 0.619109
v 0.450298 0.208055 0.108618
v 0.450298 0.208055 0.108618
v 0.470192 0.190312 0.135689
v 0.470192 0.190312 0.135689
v 0.492130 0.194521 0.123933
v 0.468466 0.480197 0.334145
v 0.470413 0.492174 0.341423
v 0.459989 0.477757 0.334774
v 0.339295 0.268012 -0.026307
v 0.339295 0.268012 -0.026307
v 0.339295 0.268012 -0.026307
v 0.339295 0.268012 -0.026307
v 0.351552 0.265290 -0.035686
v 0.351552 0.265290 -0.035686
v 0.060835 -0.842959 0.096593
v 0.084281 -0.924493 0.143765
v 0.313942 0.112255 -0.163890
v 0.257840 0.009997 0.721646
v 0.313514 0.032159 0.685210
v 0.313514 0.032159 0.685210
v 0.357671 -0.778080 -0.209156
v 0.364721 -0.781223 -0.294857
v 0.600358 0.321889 -0.074913
v 0.677295 -0.297988 -0.497065
v 0.470763 -0.706335 -0.694102
v 0.470763 -0.706335 -0.694102
v 0.457646 -0.117079 0.025119
v 0.360026 0.283341 0.536661
v 0.360026 0.283341 0.536661
v 0.392740 0.288672 0.512635
v 0.392740 0.288672 0.512635
v 0.693733 -0.489627 -0.393527
v 0.339899 0.668585 0.591006
v 0.371715 0.665832 0.573617
v 0.259364 -0.948576 -0.034789
v 0.254040 -0.969529 -0.015457
v 0.195577 0.328511 0.607978
v 0.195577 0.328511 0.607978
v 0.082948 0.421325 0.774049
v 0.600413 0.552369 0.287760
v 0.549437 0.589119 0.290627
v 0.000002 0.441698 -0.497868
v 0.000002 0.441698 -0.497868
v 0.400331 0.035018 -0.586145
v 0.223609 0.065418 -0.705941
v 0.263361 0.005005 -0.752666
v 0.326903 -0.009398 -0.705397
v 0.431417 0.576196 0.609179
v 0.432164 0.542651 0.626504
v 0.108394 -0.959309 -0.014264
v 0.141076 -0.956970 -0.053200
v 0.140151 -0.971315 -0.036194
v 0.340885 0.831824 -0.008169
v 0.386914 0.820035 -0.009624
v 0.368886 0.792278 -0.037582
v 0.735952 0.006881 0.327136
v 0.766025 -0.034067 0.279954
v 0.810281 0.009003 0.349620
v 0.061184 0.888566 -0.071615
v 0.692698 -0.539933 -0.618431
v 0.407082 -0.070475 0.660386
v 0.413272 -0.138809 0.647946
v 0.276576 -0.247316 0.693267
v 0.464093 0.036473 -0.445135
v 0.498209 0.012208 -0.450719
v 0.169952 0.693502 0.523791
v 0.501706 -0.925777 -0.464154
v 0.517646 -0.929583 -0.520621
v 0.020761 0.768480 -0.155229
v 0.042565 0.762863 -0.223905
v 0.512360 -0.914319 -0.598439
v 0.514781 -0.830819 -0.630049
v 0.568566 -0.602215 0.001319
v 0.427031 0.056707 0.606834
v 0.457421 -0.016678 0.581816
v 0.408222 0.265714 0.473693
v 0.382084 0.288350 0.509267
v 0.035462 0.419858 -0.488736
v 0.061598 0.497971 -0.497447
v 0.071898 0.423372 -0.482448
v 0.170204 0.082765 -0.709775
v 0.419733 -0.418472 0.209031
v 0.238350 0.697419 0.564589
v 0.362755 -0.823746 -0.424248
v 0.348387 -0.806610 -0.423853
v 0.769162 0.241029 0.286673
v 0.595738 -0.552374 -0.010903
v 0.519711 0.430876 -0.258472
v 0.506182 0.400756 -0.284265
v 0.245066 0.042593 0.712046
v 0.245066 0.042593 0.712046
v 0.155400 -0.254275 0.733781
v 0.230158 0.117112 -0.621656
v 0.171831 0.169543 -0.557050
v 0.374034 -0.003424 -0.671451
v 0.440745 -0.041456 -0.695085
v 0.735529 0.111572 0.095852
v 0.789540 0.126183 0.121428
v 0.347714 -0.264984 0.254218
v 0.671213 -0.404625 -0.311006
v 0.665030 -0.440913 -0.310179
v 0.424757 0.627445 0.568962
v 0.445265 0.629148 0.536480
v 0.744195 0.183048 0.158023
v 0.706437 0.216374 0.176952
v 0.785613 0.185887 0.185903
v 0.315936 -0.196694 0.696522
v 0.310676 -0.142018 0.714771
v 0.266975 -0.911333 -0.469812
v 0.666059 0.399528 -0.065742
v 0.667692 0.432036 -0.081644
v 0.826653 -0.024239 0.175976
v 0.826653 -0.024239 0.175976
v 0.884969 -0.019206 0.205876
v 0.884969 -0.019206 0.205876
v 0.113581 0.983136 0.216838
v 0.579977 -0.675942 -0.160337
v 0.692502 -0.234129 -0.413781
v 0.666483 -0.174898 -0.385976
v 0.507334 0.542272 0.419586
v 0.506713 0.553266 0.444586
v 0.517940 0.480332 0.463652
v 0.152824 0.214056 -0.231097
v 0.498697 0.526948 -0.301045
v 0.317078 0.288834 0.610896
v 0.330378 0.284165 0.565009
v 0.330378 0.284165 0.565009
v 0.343960 0.293656 0.600910
v 0.320527 -0.790783 -0.286907
v 0.699502 -0.586267 -0.488178
v 0.462620 -0.165697 0.363311
v 0.646225 -0.293260 -0.159878
v 0.652294 -0.380832 -0.157699
v 0.675124 -0.314764 -0.208216
v 0.391125 0.260547 -0.060061
v 0.366967 0.260022 -0.026551
v 0.366967 0.260022 -0.026551
v 0.366967 0.260022 -0.026551
v 0.079986 -0.773348 0.133541
v 0.085326 -0.753238 0.142677
v 0.085326 -0.753238 0.142677
v 0.401344 -0.656247 0.057317
v 0.379334 -0.676579 0.090537
v 0.620312 -0.431097 -0.028266
v 0.623867 -0.494345 -0.041099
v 0.571628 0.035858 0.160679
v 0.571628 0.035858 0.160679
v 0.529455 0.111003 0.119071
v 0.485283 -0.752629 -0.191910
v 0.268831 -0.848277 -0.049769
v 0.466740 0.519759 0.344684
v 0.490358 0.484592 0.360696
v 0.448741 -0.672210 -0.734565
v 0.471760 -0.652184 -0.743493
v 0.485064 -0.666777 -0.721131
v 0.642534 -0.361474 -0.646996
v 0.659788 -0.385110 -0.636769
v 0.324841 -0.000639 0.698998
v 0.447814 -0.196403 0.483605
v 0.836123 0.064745 0.113582
v 0.325731 0.146838 0.704560
v 0.541422 -0.059647 -0.204704
v 0.547270 0.252387 0.442143
v 0.541203 0.304994 0.418628
v 0.492433 0.586254 0.475204
v 0.476998 0.595926 0.517318
v 0.506677 0.542390 0.502465
v 0.110104 0.279501 -0.310069
v 0.419809 -0.625489 0.078734
v 0.657511 -0.653515 -0.490810
v 0.838620 0.179133 0.383404
v 0.838620 0.179133 0.383404
v 0.888695 0.140166 0.350714
v 0.888695 0.140166 0.350714
v 0.858643 0.179308 0.336200
v 0.488777 0.399787 -0.319824
v 0.351649 -0.534596 -0.888228
v 0.362478 -0.589495 -0.870290
v 0.447500 -0.037603 0.150263
v 0.421738 -0.043357 0.103525
v 0.641897 -0.129581 -0.429355
v 0.283969 -0.723926 0.153564
v 0.283969 -0.723926 0.153564
v 0.311488 -0.709524 0.163913
v 0.470308 -0.695933 -0.067376
v 0.182569 -0.720062 -0.676336
v 0.520082 -0.200450 -0.781869
v 0.011586 0.222611 -0.261882
v 0.011586 0.222611 -0.261882
v 0.229006 -0.429755 -0.883406
v 0.696125 0.167525 0.119783
v 0.311902 0.197407 -0.207394
v 0.376315 0.216371 -0.203244
v 0.315451 0.189639 -0.118418
v 0.027955 0.724955 0.627075
v 0.069457 0.716008 0.620054
v 0.416789 0.500014 0.654318
v 0.458836 0.355624 0.375969
v 0.457416 0.333186 0.404836
v 0.588226 -0.361819 0.016646
v 0.555043 -0.322668 0.055868
v 0.681193 0.596790 0.042512
v 0.008112 0.030031 0.793420
v 0.005253 0.019485 0.799154
v 0.005253 0.019485 0.799154
v 0.005253 0.019485 0.799154
v 0.370737 -0.255514 0.267020
v 0.227581 -0.343564 0.348807
v 0.612756 -0.683750 -0.538707
v 0.021247 0.769049 -0.281548
v 0.607507 -0.669363 -0.289362
v 0.575078 -0.671525 -0.339092
v 0.347360 0.097804 -0.515934
v 0.230000 0.716864 0.469772
v 0.300176 0.720035 0.481430
v 0.250583 -0.253259 -0.872589
v 0.618341 -0.633492 -0.184054
v 0.512278 -0.505465 -0.806618
v 0.542063 -0.551830 -0.772271
v 0.208097 0.849253 0.317920
v 0.171428 0.879483 0.348368
v 0.203811 0.828332 0.347430
v 0.103055 -0.368859 -0.892538
v 0.095185 -0.333607 -0.901515
v 0.045108 -0.370657 0.574910
v 0.046421 1.003180 0.236337
v 0.590633 -0.515767 0.029426
v 0.381601 0.336963 -0.392450
v 0.253844 -0.729617 -0.663902
v 0.253844 -0.729617 -0.663902
v 0.551936 0.742796 0.142514
v 0.560349 0.704095 0.146623
v 0.244211 0.655765 -0.371906
v 0.256015 0.653548 -0.375951
v 0.040891 -0.758171 -0.029899
v 0.064131 -0.755569 -0.023330
v 0.573584 0.004124 0.198176
v 0.168363 0.655809 -0.364632
v 0.174818 0.678979 -0.324423
v 0.489388 -0.665992 -0.704835
v 0.494600 -0.689339 -0.666690
v 0.371428 0.484605 0.689262
v 0.329114 -0.708712 -0.030438
v 0.232253 -0.869831 -0.074985
v 0.143772 -0.866228 -0.073585
v 0.251834 0.171337 -0.180036
v 0.251834 0.171337 -0.180036
v 0.127844 0.694140 0.591580
v 0.118423 0.706564 0.546535
v 0.207454 0.487216 0.702964
v 0.173087 0.523714 0.696416
v 0.715322 0.490989 0.116085
v 0.023195 -0.477704 -0.863358
v 0.076636 -0.450804 -0.871411
v 0.306074 0.262119 -0.356570
v 0.357302 0.291721 -0.366549
v 0.210622 0.771631 -0.027493
v 0.249370 0.832744 -0.000572
v 0.264425 0.781699 -0.032344
v 0.463704 0.179784 0.466539
v 0.434497 0.184096 0.518827
v 0.460022 0.111972 0.510861
v 0.397027 -0.383606 -0.885329
v 0.171728 -0.370438 -0.878958
v 0.465671 -0.742150 -0.443953
v 0.465671 -0.742150 -0.443953
v 0.475822 -0.811571 -0.446520
v 0.313001 0.650707 0.621091
v 0.003905 0.230669 -0.294408
v 0.003905 0.230669 -0.294408
v 0.309740 0.309508 0.631275
v 0.711427 -0.534925 -0.487945
v 0.464974 -0.725617 -0.103102
v 0.524949 -0.709996 -0.126343
v 0.516396 -0.679722 -0.082116
v 0.449360 0.809354 0.019642
v 0.583387 -0.059404 -0.470439
v 0.599070 -0.070293 -0.422347
v 0.518522 -0.685539 -0.417726
v 0.529169 -0.689538 -0.437615
v 0.546039 -0.664171 -0.397823
v 0.132648 0.566196 0.723182
v 0.155333 0.519939 0.721048
v 0.164768 0.551187 0.695175
v 0.599005 0.324099 0.353524
v 0.592276 0.332345 0.301929
v 0.320499 0.196135 -0.076700
v 0.313493 0.207995 -0.043725
v 0.313493 0.207995 -0.043725
v 0.320175 0.178833 -0.055023
v 0.320175 0.178833 -0.055023
v 0.514158 -0.333179 -0.775681
v 0.381120 0.024483 -0.627713
v 0.447803 -0.021120 -0.659352
v 0.266805 0.164741 -0.328775
v 0.218498 0.187588 -0.383884
v 0.257737 -0.264285 0.696523
v 0.689431 -0.328966 -0.407260
v 0.491949 -0.277951 -0.794702
v 0.417994 -0.599565 -0.845178
v 0.431245 -0.579779 -0.848103
v 0.430870 -0.618495 -0.823222
v 0.009820 0.739722 0.594168
v 0.233238 0.176105 -0.259205
v 0.405884 0.680348 0.433026
v 0.413622 0.307695 0.419844
v 0.413622 0.307695 0.419844
v 0.424594 0.279798 0.434513
v 0.558980 0.336701 0.269610
v 0.558980 0.336701 0.269610
v 0.662890 0.317909 0.123949
v 0.469473 -0.819938 -0.673707
v 0.474744 -0.914892 -0.655827
v 0.342900 0.076313 0.675637
v 0.342900 0.076313 0.675637
v 0.055240 -0.764629 -0.124964
v 0.319456 -0.226399 0.680349
v 0.273843 0.506465 0.704088
v 0.235905 0.550510 0.690075
v 0.140969 -0.592396 -0.788604
v 0.172291 -0.642601 -0.785595
v 0.336092 0.103592 -0.076244
v 0.336092 0.103592 -0.076244
v 0.344523 0.044034 -0.058688
v 0.344523 0.044034 -0.058688
v 0.025443 0.764090 -0.132749
v 0.621169 -0.580438 -0.158701
v 0.477939 0.015869 -0.560456
v 0.573023 0.343395 -0.120395
v 0.470569 0.289841 -0.112436
v 0.494833 0.299699 -0.117711
v 0.513797 0.259819 -0.068012
v 0.616781 -0.372602 -0.675812
v 0.100480 0.319741 -0.385159
v 0.178490 0.409633 0.683305
v 0.452691 0.122855 0.129642
v 0.105677 0.140703 -0.640020
v 0.124805 0.116540 -0.676083
v 0.330826 0.712171 -0.266962
v 0.367378 0.711159 -0.207595
v 0.387271 0.700813 -0.232166
v 0.488934 -0.067734 0.324817
v 0.480113 -0.051485 0.266535
v 0.368374 -0.690261 -0.727089
v 0.368374 -0.690261 -0.727089
v 0.366755 -0.734965 -0.723431
v 0.227311 -0.317311 -0.881257
v 0.262384 -0.870258 -0.641536
v 0.263659 -0.889022 -0.640805
v 0.330105 0.111982 0.704717
v 0.699927 -0.459247 -0.426966
v 0.331914 0.427952 0.703063
v 0.733906 0.248850 0.394436
v 0.733906 0.248850 0.394436
v 0.064026 0.738976 0.555110
v 0.066741 0.736978 0.577353
v 0.485530 -0.747301 -0.300281
v 0.526776 -0.736528 -0.275949
v 0.021742 -0.059003 0.797761
v 0.056499 -0.059487 0.789262
v 0.074042 -0.035325 0.784976
v 0.371464 0.004506 -0.024430
v 0.371464 0.004506 -0.024430
v 0.522557 0.406870 -0.184743
v 0.586182 0.029935 0.288314
v 0.610109 -0.004558 0.268418
v 0.456649 0.027077 0.145883
v 0.639268 0.464741 0.276784
v 0.662176 0.434118 0.254822
v 0.313344 0.255695 -0.038958
v 0.382155 -0.670729 0.020561
v 0.173606 0.201424 -0.442844
v 0.304135 0.670811 -0.349733
v 0.317712 0.646852 -0.383866
v 0.473962 0.832107 0.079793
v 0.507030 0.776290 0.051988
v 0.453959 -0.166762 0.311788
v 0.428115 -0.090147 -0.742331
v 0.460241 -0.062703 -0.713031
v 0.685037 -0.281750 -0.341349
v 0.526071 0.164627 0.374329
v 0.547118 0.100700 0.332583
v 0.360735 -0.574128 0.257796
v 0.317711 -0.532061 0.291995
v 0.166352 -0.280787 -0.898959
v 0.341467 0.707998 0.514304
v 0.304908 0.703628 0.558455
v 0.386686 -0.124197 -0.778424
v 0.394668 -0.092319 -0.758221
v 0.329349 -0.762947 -0.430532
v 0.329349 -0.762947 -0.430532
v 0.093251 -0.504367 -0.849647
v 0.089764 -0.429788 -0.876352
v 0.161654 -0.473560 -0.848642
v 0.430020 0.668002 -0.120181
v 0.297224 0.169136 -0.122971
v 0.359443 -0.687818 0.128326
v 0.641944 -0.501850 -0.332233
v 0.235546 0.444019 -0.450338
v 0.057640 -0.754786 0.002106
v 0.057640 -0.754786 0.002106
v 0.057640 -0.754786 0.002106
v 0.045100 -0.758812 0.027924
v 0.045100 -0.758812 0.027924
v 0.381514 0.637493 0.600749
v 0.058041 0.500695 0.784290
v 0.077081 0.523417 0.771707
v 0.102884 -0.689158 -0.639143
v 0.206428 -0.188531 0.753479
v 0.274437 -0.118545 0.728404
v 0.210602 0.635168 0.631997
v 0.247049 0.637563 0.632209
v 0.114671 -0.265407 -0.900148
v 0.302628 0.754160 -0.086535
v 0.295417 0.763314 -0.153286
v 0.540681 -0.731912 -0.262387
v 0.569033 -0.700640 -0.277106
v 0.106256 -0.591817 -0.762289
v 0.614381 -0.188382 -0.165689
v 0.627018 -0.211021 -0.173533
v 0.476757 0.756392 0.002093
v 0.414199 0.333333 0.369504
v 0.232182 0.874650 0.093722
v 0.263878 0.856560 0.048673
v 0.312303 0.305074 -0.395817
v 0.331715 0.614039 0.651751
v 0.378287 0.296107 0.579694
v 0.655093 -0.544566 -0.209094
v 0.706388 -0.464406 -0.584673
v 0.715900 -0.476775 -0.537014
v 0.710197 -0.497694 -0.582000
v 0.101669 -0.767192 -0.270850
v 0.101778 -0.766546 -0.348621
v 0.133710 -0.773982 -0.318610
v 0.464377 0.456268 0.321953
v 0.491240 0.453176 0.321648
v 0.493021 -0.947619 -0.462812
v 0.390849 -0.259698 0.189633
v 0.333501 -0.318028 0.242145
v 0.391617 0.129508 -0.019276
v 0.422849 0.061338 0.026840
v 0.404737 0.057047 -0.008884
v 0.423933 0.410654 0.324093
v 0.305363 -0.323884 0.489230
v 0.317097 -0.319668 0.454080
v 0.358779 -0.290092 0.480045
v 0.444131 -0.103056 0.206646
v 0.433669 -0.142928 0.223652
v 0.492129 -0.064313 -0.685534
v 0.641471 0.300778 0.248367
v 0.677608 0.551029 -0.047061
v 0.174011 0.380548 0.692539
v 0.008988 0.994578 0.059981
v 0.079314 0.976426 0.037983
v 0.110631 0.632333 -0.426026
v 0.080477 0.595368 -0.463603
v 0.607079 0.370573 -0.112895
v 0.854485 0.188747 0.287574
v 0.390476 -0.566213 0.210571
v 0.270975 -0.825010 -0.477768
v 0.271914 -0.759077 -0.470268
v 0.271914 -0.759077 -0.470268
v 0.658462 -0.167158 -0.455073
v 0.676629 -0.216394 -0.470923
v 0.168051 0.697110 -0.298550
v 0.240246 -0.829222 -0.548054
v 0.227128 -0.857271 -0.566198
v 0.225924 -0.888365 -0.558083
v 0.398606 -0.753541 -0.423797
v 0.398606 -0.753541 -0.423797
v 0.435464 -0.757488 -0.389775
v 0.116568 0.142513 0.719576
v 0.146067 0.196066 0.690347
v 0.104630 -0.680406 -0.659467
v 0.474906 0.358935 0.542133
v 0.115952 -0.115549 0.777524
v 0.133880 -0.043878 0.775468
v 0.268933 0.335205 0.660757
v 0.282270 0.364844 0.679565
v 0.026173 -0.616399 0.374948
v 0.056888 -0.615730 0.376106
v 0.319327 0.509512 -0.444050
v 0.491091 0.047529 0.465978
v 0.332527 0.655258 -0.362662
v 0.406672 0.668251 0.531919
v 0.420071 0.068454 -0.449547
v 0.125541 0.345708 0.716774
v 0.561892 0.247127 0.126353
v 0.561892 0.247127 0.126353
v 0.530326 0.225115 0.120202
v 0.669461 -0.521727 -0.273161
v 0.553396 0.641698 0.278196
v 0.564473 0.649014 0.221817
v 0.009835 -0.011665 0.795065
v 0.026115 0.000278 0.785115
v 0.026115 0.000278 0.785115
v 0.026115 0.000278 0.785115
v 0.389888 -0.468081 -0.896094
v 0.390539 -0.533186 -0.883767
v 0.002084 -0.663549 0.355360
v 0.527628 0.228025 0.098452
v 0.527628 0.228025 0.098452
v 0.549538 0.238272 0.104177
v 0.549538 0.238272 0.104177
v 0.441414 -0.009738 0.118115
v 0.294168 -0.542043 -0.895967
v 0.360275 -0.850706 -0.706126
v 0.364661 -0.910946 -0.696586
v 0.175042 0.902432 0.315451
v 0.144461 0.918088 0.335098
v 0.188544 -0.775437 -0.263789
v 0.213199 -0.772246 -0.333738
v 0.479329 0.695836 0.381154
v 0.266008 0.166517 -0.443404
v 0.277807 -0.510899 -0.899403
v 0.043813 -0.334292 0.685254
v 0.107558 -0.343433 0.630136
v 0.155200 -0.314978 0.675033
v 0.122928 0.216562 -0.280398
v 0.142524 0.211003 -0.312025
v 0.428181 0.213730 0.512649
v 0.525340 -0.573744 -0.776693
v 0.517552 0.656283 0.343715
v 0.454404 0.736480 0.386262
v 0.510138 0.742492 0.326356
v 0.472842 -0.834405 -0.445836
v 0.443779 -0.878784 -0.416653
v 0.379268 -0.033044 0.007205
v 0.379268 -0.033044 0.007205
v 0.461105 0.335260 0.492077
v 0.487330 0.423603 0.375243
v 0.496856 0.399938 0.409028
v 0.468581 0.414290 0.352230
v 0.423739 0.179333 0.045320
v 0.107976 0.587332 -0.451449
v 0.048849 -0.915244 0.070266
v 0.036586 -0.231227 0.769333
v 0.126274 -0.993236 0.144631
v 0.126274 -0.993236 0.144631
v 0.126274 -0.993236 0.144631
v 0.628422 0.015344 0.149419
v 0.628422 0.015344 0.149419
v 0.399592 -0.254882 0.367746
v 0.439318 0.540939 -0.380270
v 0.441463 0.467207 -0.390141
v 0.069302 0.676498 0.681138
v 0.090301 0.685091 0.648905
v 0.420654 0.317315 0.560212
v 0.469583 0.596502 0.383977
v 0.546843 0.618454 -0.099969
v 0.541823 0.596341 -0.129634
v 0.270097 -0.405442 0.303012
v 0.275049 -0.367534 0.288875
v 0.286732 0.882014 0.093830
v 0.338599 0.891624 0.083629
v 0.224832 0.219343 0.658114
v 0.224832 0.219343 0.658114
v 0.236994 0.225279 0.682424
v 0.378281 0.587890 -0.393834
v 0.226546 -0.825573 0.183936
v 0.226546 -0.825573 0.183936
v 0.581729 0.261962 0.134345
v 0.581729 0.261962 0.134345
v 0.497054 0.481043 0.330988
v 0.512276 0.524212 0.322650
v 0.545667 -0.041325 -0.271312
v 0.463974 0.198470 0.434515
v 0.475458 0.165869 0.379552
v 0.154982 0.715962 0.442877
v 0.117964 0.727930 0.480803
v 0.245295 -0.758482 -0.072572
v 0.203806 -0.406742 -0.866706
v 0.256835 -0.367292 -0.880226
v 0.485670 0.116396 0.314520
v 0.485670 0.116396 0.314520
v 0.209320 -0.359043 0.457072
v 0.379223 0.188346 -0.020736
v 0.400124 0.200633 0.018845
v 0.393802 0.156525 -0.010171
v 0.334633 0.203644 0.623224
v 0.383729 0.179092 0.598121
v 0.081864 0.865613 0.430664
v 0.097210 0.851102 0.433384
v 0.503687 0.559453 0.342242
v 0.535982 -0.434646 -0.783984
v 0.585796 -0.488733 -0.742782
v 0.388032 -0.617914 0.175376
v 0.642596 -0.491176 -0.696365
v 0.617108 -0.437345 -0.708258
v 0.686103 -0.366195 -0.519061
v 0.708931 -0.434405 -0.503670
v 0.173860 0.551282 -0.418299
v 0.174477 0.502266 -0.435427
v 0.348885 -0.448113 -0.897326
v 0.317619 -0.465866 -0.899314
v 0.486662 -0.992726 -0.525327
v 0.486662 -0.992726 -0.525327
v 0.486662 -0.992726 -0.525327
v 0.670761 -0.321761 -0.278356
v 0.539688 0.398146 -0.177410
v 0.548264 0.474242 -0.168040
v 0.544669 -0.695698 -0.593099
v 0.174047 0.925648 0.275324
v 0.196263 -0.266745 -0.889123
v 0.045007 -0.280627 0.741438
v 0.315782 0.347009 -0.421174
v 0.244417 0.334777 -0.416886
v 0.157467 0.589688 0.685681
v 0.262144 -0.635582 0.290964
v 0.153944 -0.757953 0.187719
v 0.484668 0.587285 0.440353
v 0.065215 -0.775344 -0.215464
v 0.343147 0.213450 -0.092861
v 0.352827 0.233766 -0.077862
v 0.672226 0.216494 0.461444
v 0.596505 0.322092 0.238210
v 0.596505 0.322092 0.238210
v 0.536181 -0.715563 -0.538579
v 0.536181 -0.715563 -0.538579
v 0.166648 0.084451 0.723470
v 0.474479 0.049595 0.522194
v 0.460764 0.007221 0.571154
v 0.142594 0.371838 0.716056
v 0.526012 0.513991 -0.220946
v 0.679640 0.561506 0.187138
v 0.688400 0.510392 0.206393
v 0.705979 0.522185 0.017219
v 0.202901 0.915771 0.195330
v 0.165645 0.946715 0.227220
v 0.381110 0.883238 0.083930
v 0.428778 0.863243 0.085978
v 0.394536 0.895424 0.153754
v 0.209261 0.009820 0.739519
v 0.174904 -0.036386 0.770777
v 0.206284 -0.041501 0.759272
v 0.038305 0.609342 -0.478600
v 0.074484 0.649772 -0.442600
v 0.323386 -0.835279 -0.709915
v 0.292532 -0.838268 -0.678943
v 0.257815 -0.779677 -0.653364
v 0.680855 0.459568 -0.063313
v 0.003519 0.643912 -0.462428
v 0.036871 0.663961 -0.436667
v 0.223837 -0.740865 0.185674
v 0.223837 -0.740865 0.185674
v 0.622495 0.509700 -0.128447
v 0.130489 -0.761812 -0.160496
v 0.048521 0.744492 0.506311
v 0.705926 0.401783 0.069381
v 0.521448 0.231016 0.014848
v 0.496903 0.223170 0.064666
v 0.706411 -0.431908 -0.469733
v 0.312911 -0.731903 -0.022461
v 0.312911 -0.731903 -0.022461
v 0.115109 -0.744370 -0.541262
v 0.178164 -0.756509 -0.553131
v 0.346707 -0.709121 0.054901
v 0.346707 -0.709121 0.054901
v 0.216185 0.760760 0.399303
v 0.195240 -0.664668 -0.776379
v 0.137684 -0.742499 0.181282
v 0.137684 -0.742499 0.181282
v 0.132239 0.738146 -0.119041
v 0.156047 0.739047 -0.178594
v 0.701474 -0.501620 -0.607999
v 0.505389 -0.629131 -0.758953
v 0.574061 -0.682163 -0.444531
v 0.515654 0.249817 -0.047232
v 0.088313 -0.751272 -0.476537
v 0.082292 -0.742235 -0.541714
v 0.122022 -0.749732 -0.507894
v 0.269649 -0.307246 0.625724
v 0.426442 0.013451 0.070906
v 0.526428 -0.803688 -0.511156
v 0.120618 0.874193 -0.050032
v 0.606733 -0.524741 -0.721075
v 0.262257 -0.846235 -0.490216
v 0.714528 -0.518324 -0.534675
v 0.496342 -0.437582 -0.826387
v 0.490947 -0.383652 -0.814111
v 0.589783 0.470462 0.311178
v 0.626102 0.501568 0.284333
v 0.016852 0.746539 0.520710
v 0.094617 0.295116 0.657486
v 0.094617 0.295116 0.657486
v 0.092143 0.249325 0.678871
v 0.134942 0.275794 0.655701
v 0.498782 0.550437 -0.289616
v 0.055999 0.607347 0.746062
v 0.430644 -0.915655 -0.695713
v 0.430644 -0.915655 -0.695713
v 0.426936 -0.940331 -0.686880
v 0.426936 -0.940331 -0.686880
v 0.133484 -0.689004 0.325675
v 0.121255 0.736776 -0.099679
v 0.381411 -0.271462 0.361946
v 0.207520 0.175072 0.708515
v 0.581612 0.331210 0.258910
v 0.581612 0.331210 0.258910
v 0.445937 0.260263 0.384206
v 0.445937 0.260263 0.384206
v 0.523912 -0.042930 -0.620501
v 0.536662 -0.024504 -0.564827
v 0.567551 -0.083740 -0.599414
v 0.131752 0.483419 0.749324
v 0.503402 -0.573592 0.110733
v 0.107612 0.832319 0.429984
v 0.079392 0.796610 0.456553
v 0.531641 0.785336 0.204627
v 0.874110 0.001992 0.163090
v 0.879580 0.042385 0.140962
v 0.130517 -0.385031 0.337185
v 0.189054 -0.399077 0.325859
v 0.788841 0.057577 0.388271
v 0.563504 0.681794 0.131485
v 0.491410 0.346532 0.280191
v 0.491410 0.346532 0.280191
v 0.651398 -0.547450 -0.309418
v 0.017405 -0.723188 0.309297
v 0.062973 -0.726122 0.316606
v 0.310041 0.710382 -0.281502
v 0.564101 0.623122 0.267407
v 0.095270 0.983695 0.093703
v 0.102204 0.986487 0.136082
v 0.146481 0.963310 0.095118
v 0.109403 0.730092 -0.235553
v 0.186496 0.727533 -0.219027
v 0.390628 0.227960 -0.232018
v 0.418795 0.245939 -0.190718
v 0.432847 0.231815 0.462491
v 0.454844 0.228620 0.416468
v 0.488963 0.447983 0.574451
v 0.178715 0.443619 0.700202
v 0.233710 -0.583202 0.332179
v 0.351440 0.878787 0.054093
v 0.454580 0.019726 -0.575708
v 0.469735 -0.001060 -0.605457
v 0.249012 -0.428031 0.314648
v 0.243524 -0.756680 -0.562395
v 0.243524 -0.756680 -0.562395
v 0.255028 -0.799403 -0.527666
v 0.313194 0.221264 -0.061946
v 0.310884 0.241990 -0.036496
v 0.310884 0.241990 -0.036496
v 0.170235 -0.097458 0.769677
v 0.386960 -0.929164 -0.401627
v 0.547602 0.189181 0.426113
v 0.469850 0.105613 0.186835
v 0.469850 0.105613 0.186835
v 0.724488 -0.037674 0.198214
v 0.904070 0.046819 0.350340
v 0.927923 0.080918 0.322172
v 0.927923 0.080918 0.322172
v 0.309167 -0.746949 -0.707091
v 0.622252 0.331791 0.225469
v 0.656739 0.364678 0.217177
v 0.271601 -0.993726 0.055981
v 0.271601 -0.993726 0.055981
v 0.353056 0.705669 0.443008
v 0.342059 -0.603833 0.265782
v 0.139731 0.971173 0.202509
v 0.270736 -0.964523 0.125712
v 0.200244 -0.019874 -0.790783
v 0.208614 -0.055138 -0.809517
v 0.386896 0.365059 0.303922
v 0.386896 0.365059 0.303922
v 0.386896 0.365059 0.303922
v 0.415173 0.339827 0.332638
v 0.415173 0.339827 0.332638
v 0.413809 0.347389 0.309182
v 0.413809 0.347389 0.309182
v 0.496074 -0.070884 0.417866
v 0.178882 -0.758389 -0.505528
v 0.655531 0.323149 0.161221
v 0.291609 -0.885311 -0.454376
v 0.465497 -0.566379 0.130093
v 0.465788 -0.488126 -0.860919
v 0.363961 -0.283067 0.521974
v 0.403284 -0.222617 0.162303
v 0.416669 -0.179656 0.118014
v 0.553889 -0.705826 -0.554766
v 0.008420 -0.483490 0.367173
v 0.068360 -0.484490 0.370122
v 0.299850 -0.993156 -0.463756
v 0.299850 -0.993156 -0.463756
v 0.299850 -0.993156 -0.463756
v 0.639376 -0.158871 -0.594947
v 0.055799 -0.752765 -0.479973
v 0.066089 -0.760837 -0.419456
v 0.867574 0.035099 0.371385
v 0.892758 0.016152 0.337710
v 0.374823 0.749111 0.420121
v 0.404764 0.761452 0.397663
v 0.383250 0.770644 0.404289
v 0.226055 -0.607984 0.316890
v 0.491286 0.063926 0.209104
v 0.063054 -0.855172 0.005713
v 0.036904 -0.758818 0.251824
v 0.530302 0.167214 0.113785
v 0.580763 0.122521 0.104117
v 0.274884 0.639270 0.633601
v 0.082360 0.961975 0.324056
v 0.020967 0.989433 0.298388
v 0.641463 -0.023961 0.259179
v 0.339235 -0.778596 -0.367903
v 0.163801 0.368979 0.641236
v 0.215511 0.351503 0.656519
v 0.364114 0.728209 -0.109683
v 0.393672 0.695300 -0.093246
v 0.230609 0.311715 0.623525
v 0.337291 -0.763948 0.060474
v 0.371406 0.140730 0.618687
v 0.164723 0.913684 0.021797
v 0.280358 0.302185 -0.396870
v 0.218746 0.187658 -0.228197
v 0.476394 -0.060079 -0.086696
v 0.460191 -0.005847 -0.149063
v 0.686533 -0.358654 -0.362743
v 0.059324 -0.758725 0.086089
v 0.059324 -0.758725 0.086089
v 0.226725 -0.787594 -0.205534
v 0.441922 0.133090 0.544263
v 0.586369 -0.621626 -0.371160
v 0.230494 -0.169782 -0.860260
v 0.618101 -0.514962 -0.106002
v 0.625047 -0.495247 -0.077414
v 0.385793 0.383213 0.656541
v 0.348846 0.121036 -0.402466
v 0.131723 -0.370647 0.505826
v 0.599855 0.663737 0.138523
v 0.334920 -0.782260 -0.216043
v 0.627371 -0.312218 -0.691195
v 0.713222 0.505469 0.046638
v 0.054042 -0.083471 0.787796
v 0.054042 -0.083471 0.787796
v 0.081274 -0.061261 0.781882
v 0.081274 -0.061261 0.781882
v 0.833807 0.049623 0.111316
v 0.179339 0.633650 0.636845
v 0.400047 -0.448326 -0.893147
v 0.321760 0.779527 0.401703
v 0.268307 0.745017 -0.228833
v 0.070558 0.673343 -0.415424
v 0.103578 0.654635 -0.405073
v 0.569172 -0.322475 -0.748736
v 0.586247 -0.383705 -0.704123
v 0.077060 0.643975 -0.447308
v 0.171303 -0.189295 0.765251
v 0.309690 0.748857 -0.064385
v 0.087568 0.238933 -0.240195
v 0.087568 0.238933 -0.240195
v 0.087568 0.238933 -0.240195
v 0.579073 0.289658 0.435589
v 0.629690 0.279245 0.426639
v 0.269360 0.192104 -0.205153
v 0.627489 -0.111279 -0.375581
v 0.643361 0.483838 -0.112562
v 0.398131 0.709414 -0.054418
v 0.421125 0.691980 -0.080246
v 0.187179 -0.700795 0.253400
v 0.147466 -0.715395 0.292644
v 0.343524 0.735785 -0.157642
v 0.417510 0.072516 -0.401257
v 0.668174 0.059144 0.348243
v 0.527154 0.516675 -0.179378
v 0.284842 -0.563663 0.311945
v 0.469832 0.629855 -0.217438
v 0.183851 0.825499 -0.022450
v 0.319549 0.908362 0.150553
v 0.501506 -0.448775 0.153102
v 0.324408 0.680126 -0.333128
v 0.401382 0.693204 -0.198816
v 0.404982 0.698654 -0.176473
v 0.455898 0.235613 -0.018031
v 0.461620 0.262122 -0.078999
v 0.643039 0.617696 0.168723
v 0.663094 0.573162 0.204397
v 0.926407 0.109154 0.287695
v 0.935690 0.056315 0.271183
v 0.935690 0.056315 0.271183
v 0.567859 0.283563 -0.070833
v 0.335072 0.045966 0.670868
v 0.425665 -0.968977 -0.660486
v 0.425665 -0.968977 -0.660486
v 0.439080 0.438368 0.324380
v 0.842573 0.009068 0.136970
v 0.535665 -0.202830 0.010691
v 0.582183 -0.274335 -0.025565
v 0.495126 0.049686 0.349727
v 0.492344 0.060844 0.323221
v 0.558271 0.662380 -0.048587
v 0.436701 0.217931 0.065422
v 0.436701 0.217931 0.065422
v 0.430234 0.219826 0.056915
v 0.430234 0.219826 0.056915
v 0.104262 -0.908437 -0.043852
v 0.128237 0.001482 0.771512
v 0.045131 -0.380280 0.349651
v 0.045131 -0.380280 0.349651
v 0.254988 0.592853 0.666634
v 0.360171 0.105430 -0.269440
v 0.390651 0.071047 -0.224190
v 0.599819 -0.021451 0.225330
v 0.203727 0.276123 0.631448
v 0.247778 -0.601271 -0.846689
v 0.013074 0.031265 0.792031
v 0.088416 0.729725 0.519311
v 0.536407 0.495113 0.319489
v 0.250261 -0.850860 0.165567
v 0.253330 -0.919056 0.155166
v 0.341792 0.908055 0.181609
v 0.288345 0.896036 0.212960
v 0.611009 -0.516953 -0.006598
v 0.144904 -0.750300 -0.115401
v 0.235713 0.256409 -0.360372
v 0.229049 0.718922 0.431014
v 0.582869 -0.065552 -0.325958
v 0.509431 -0.947546 -0.517546
v 0.633249 0.082696 0.105841
v 0.616672 0.121447 0.098809
v 0.651499 0.108222 0.094895
v 0.393682 -0.506262 0.225073
v 0.661251 0.245982 0.177856
v 0.694147 0.258223 0.227516
v 0.252334 -0.932365 -0.594067
v 0.270031 -0.939842 -0.630047
v 0.145465 -0.993266 -0.023044
v 0.145465 -0.993266 -0.023044
v 0.145465 -0.993266 -0.023044
v 0.399798 0.644584 -0.333541
v 0.194830 0.143936 0.708213
v 0.528254 0.610021 0.307510
v 0.392408 0.219292 -0.003445
v 0.559845 -0.634370 -0.098794
v 0.264004 -0.743759 -0.084738
v 0.436666 -0.759843 -0.172370
v 0.460641 -0.100444 0.568090
v 0.524174 -0.779505 -0.626062
v 0.544600 -0.471702 0.108511
v 0.306841 0.471512 0.704920
v 0.003850 -0.414196 0.348310
v 0.044544 -0.428722 0.352919
v 0.262665 -0.086571 -0.814216
v 0.260150 -0.030575 -0.781588
v 0.606217 0.213822 0.126686
v 0.348353 -0.702305 -0.021092
v 0.001923 -0.778290 -0.325024
v 0.142632 -0.548078 0.375393
v 0.113148 0.893322 -0.045258
v 0.012634 0.769526 -0.258887
v 0.537630 -0.626284 -0.738007
v 0.585660 -0.640189 -0.685040
v 0.509242 0.807990 0.117933
v 0.471745 -0.131491 0.320110
v 0.556661 0.419118 -0.165295
v 0.136369 0.397865 0.736942
v 0.370296 -0.446867 0.249606
v 0.431934 0.351112 0.324574
v 0.431934 0.351112 0.324574
v 0.410589 0.719299 0.413845
v 0.596066 -0.681365 -0.463377
v 0.602040 -0.643112 -0.404073
v 0.311172 -0.307737 0.541281
v 0.460596 0.328924 0.435210
v 0.512548 -0.644714 -0.721289
v 0.621702 0.377422 0.268761
v 0.457999 0.162907 0.158695
v 0.457999 0.162907 0.158695
v 0.457999 0.162907 0.158695
v 0.465527 0.133984 0.172063
v 0.465527 0.133984 0.172063
v 0.153559 0.966328 0.132392
v 0.197714 -0.481819 0.352062
v 0.112919 0.705169 -0.327041
v 0.491574 0.793409 0.293298
v 0.506753 0.794864 0.265331
v 0.460325 0.757230 -0.017063
v 0.907931 0.132379 0.311830
v 0.561194 0.688024 0.077688
v 0.564252 0.685769 0.012453
v 0.442337 -0.732279 -0.428143
v 0.515792 -0.741367 -0.213338
v 0.554450 -0.712225 -0.184029
v 0.450044 0.398079 0.309468
v 0.657415 -0.649628 -0.471529
v 0.169120 0.312534 -0.382067
v 0.304396 -0.284187 0.246914
v 0.304396 -0.284187 0.246914
v 0.370801 -0.194615 -0.806056
v 0.768724 0.110260 0.442013
v 0.876757 -0.024484 0.286933
v 0.065203 -0.806594 -0.014523
v 0.096394 -0.797338 -0.042192
v 0.072933 -0.857608 -0.021512
v 0.051584 -0.510145 -0.851267
v 0.390221 0.295561 0.465750
v 0.390221 0.295561 0.465750
v 0.252546 0.213453 -0.284178
v 0.315609 0.207788 -0.264245
v 0.481965 -0.654577 0.002163
v 0.149118 0.634534 0.650784
v 0.043651 -0.765717 -0.395924
v 0.015254 0.361296 -0.463449
v 0.474032 -0.204643 -0.803545
v 0.609617 -0.666464 -0.642329
v 0.572390 -0.665917 -0.662567
v 0.206937 0.346394 -0.413569
v 0.238025 0.403502 -0.442527
v 0.059332 0.355484 -0.448253
v 0.452777 0.849874 0.265041
v 0.111770 0.609015 0.710247
v 0.028135 -0.071696 0.795303
v 0.046826 1.004734 0.122259
v 0.473094 0.341164 -0.305214
v 0.227001 0.574537 -0.415738
v 0.407522 0.348967 0.346689
v 0.421623 0.326167 0.353854
v 0.421623 0.326167 0.353854
v 0.421623 0.326167 0.353854
v 0.395913 0.584190 0.636305
v 0.304680 -0.050879 0.723603
v 0.375281 -0.057110 0.683068
v 0.667682 -0.225494 -0.590379
v 0.138010 0.666304 -0.376164
v 0.149766 -0.504285 -0.842492
v 0.371409 0.687227 -0.289302
v 0.053339 0.279051 0.672395
v 0.053339 0.279051 0.672395
v 0.275936 0.181810 -0.152537
v 0.280544 0.149252 -0.140407
v 0.280544 0.149252 -0.140407
v 0.641864 -0.604539 -0.212816
v 0.307443 0.693011 0.578131
v 0.203678 0.794574 0.376022
v 0.279017 0.761883 0.408805
v 0.260257 0.801886 0.378510
v 0.680533 -0.381574 -0.350084
v 0.562351 0.019662 0.254774
v 0.297892 -0.823737 -0.028094
v 0.628758 -0.637867 -0.420288
v 0.330632 0.367228 0.681527
v 0.127101 -0.362355 0.559369
v 0.386006 0.871669 0.295054
v 0.329494 0.779397 -0.042939
v 0.208389 -0.704625 0.215304
v 0.583593 -0.106720 -0.217388
v 0.614426 -0.119661 -0.254451
v 0.739725 -0.025798 0.166212
v 0.739725 -0.025798 0.166212
v 0.587749 0.252152 0.080443
v 0.341062 0.859170 0.011417
v 0.204194 0.310385 -0.393348
v 0.459883 0.640387 -0.134020
v 0.519891 -0.943815 -0.549252
v 0.169440 -0.346820 0.588726
v 0.486320 0.486758 0.577224
v 0.509617 0.468249 0.538690
v 0.652977 0.623098 0.020438
v 0.223610 -0.993096 -0.023172
v 0.223610 -0.993096 -0.023172
v 0.320729 -0.100178 0.715540
v 0.122843 0.539915 0.735239
v 0.559721 -0.491722 -0.764212
v 0.583552 -0.580330 -0.733361
v 0.053935 0.404869 0.782972
v 0.051470 0.959840 0.000485
v 0.373878 -0.777710 -0.320222
v 0.111542 -0.750364 -0.049461
v 0.111542 -0.750364 -0.049461
v 0.240860 0.155024 0.723279
v 0.529886 -0.018354 -0.566405
v 0.412184 -0.690603 -0.013474
v 0.531595 -0.085968 -0.672629
v 0.089312 -0.961758 0.000892
v 0.445060 0.332840 0.350363
v 0.225131 -0.323097 0.287041
v 0.225131 -0.323097 0.287041
v 0.035102 -0.559771 -0.804990
v 0.139352 0.370378 -0.402091
v 0.144353 0.406123 -0.415475
v 0.172214 0.331941 -0.401214
v 0.207789 -0.663203 0.289087
v 0.479831 0.088262 0.253041
v 0.479831 0.088262 0.253041
v 0.751329 0.249616 0.363444
v 0.226944 0.891598 0.198539
v 0.264755 0.898927 0.180216
v 0.150603 0.670725 0.615108
v 0.152086 0.680634 0.582584
v 0.096292 0.739456 -0.179861
v 0.466330 -0.543012 -0.842343
v 0.325744 0.560377 -0.427332
v 0.213087 0.202408 -0.224629
v 0.213087 0.202408 -0.224629
v 0.331692 -0.295889 0.305907
v 0.361048 0.360285 -0.414172
v 0.393153 0.399970 -0.413565
v 0.426455 -0.993346 -0.638146
v 0.426455 -0.993346 -0.638146
v 0.426455 -0.993346 -0.638146
v 0.426455 -0.993346 -0.638146
v 0.647134 0.617669 -0.018705
v 0.388676 -0.975971 -0.413662
v 0.388676 -0.975971 -0.413662
v 0.101775 -0.836748 0.154975
v 0.413470 0.095955 0.610170
v 0.150082 0.428323 -0.424862
v 0.185502 0.388074 -0.421828
v 0.165987 -0.775141 -0.319796
v 0.123032 -0.701573 0.317617
v 0.104993 -0.746977 0.264836
v 0.582529 -0.308040 -0.744899
v 0.223475 0.829470 0.351435
v 0.574613 -0.138846 -0.686510
v 0.179466 0.157728 0.692060
v 0.179466 0.157728 0.692060
v 0.680674 -0.354031 -0.338367
v 0.301478 -0.952083 0.056965
v 0.186029 -0.731995 0.188337
v 0.186029 -0.731995 0.188337
v 0.868631 0.086832 0.388683
v 0.190045 0.894061 0.038177
v 0.113986 0.224138 0.683773
v 0.612316 -0.398587 -0.008088
v 0.035498 0.033807 0.778435
v 0.035498 0.033807 0.778435
v 0.814633 0.157863 0.420636
v 0.420950 0.835068 0.323862
v 0.444619 -0.287140 0.165592
v 0.305594 -0.622325 0.285770
v 0.171355 0.933945 0.087571
v 0.080242 0.726682 0.473514
v 0.163528 0.647192 0.634199
v 0.136723 0.651637 0.652473
v 0.411698 -0.239000 0.518746
v 0.516923 0.690944 0.012877
v 0.318849 0.736885 -0.200717
v 0.076856 -0.908951 -0.018522
v 0.794789 0.153185 0.153198
v 0.727860 0.012319 0.114391
v 0.471748 -0.592455 -0.814043
v 0.459199 0.402102 0.604355
v 0.337200 0.911242 0.156837
v 0.484298 -0.004291 -0.209538
v 0.486627 0.099794 0.301528
v 0.486627 0.099794 0.301528
v 0.069299 0.701829 -0.394766
v 0.670685 -0.277448 -0.270377
v 0.069907 -0.742098 -0.540685
v 0.422429 -0.726753 -0.073167
v 0.278318 0.683671 -0.341012
v 0.561061 -0.115113 -0.150814
v 0.463608 0.660393 -0.091950
v 0.341869 -0.895115 -0.407718
v 0.712749 0.525040 0.094604
v 0.673307 -0.252395 -0.512536
v 0.543083 -0.366392 -0.750796
v 0.528162 -0.384661 -0.767394
v 0.016909 -0.766847 -0.384496
v 0.616324 -0.581100 -0.356477
v 0.314227 -0.326719 -0.862456
v 0.322961 0.845612 0.343728
v 0.386210 0.805511 0.377608
v 0.612409 0.267959 0.149657
v 0.488766 0.714956 -0.002053
v 0.381824 -0.284696 -0.820912
v 0.403422 0.890526 0.187592
v 0.415681 0.652299 -0.306362
v 0.336532 0.744614 -0.071332
v 0.366087 0.717647 -0.065197
v 0.603604 -0.326138 -0.038305
v 0.531290 0.235671 0.066626
v 0.377015 0.888755 0.258100
v 0.155729 0.359520 0.674068
v 0.497541 0.567251 -0.258210
v 0.334034 -0.516302 0.282712
v 0.544116 0.743095 0.258595
v 0.669165 -0.624523 -0.611257
v 0.095514 -0.192966 -0.889971
v 0.782595 0.173256 0.436551
v 0.544061 -0.735711 -0.597353
v 0.544061 -0.735711 -0.597353
v 0.536017 -0.016734 -0.349443
v 0.018917 0.517980 0.789307
v 0.244146 0.188284 0.714877
v 0.620982 -0.304144 -0.091873
v 0.488010 0.336400 0.375004
v 0.512299 -0.125866 -0.048379
v 0.470912 -0.407163 -0.852386
v 0.093756 -0.993356 0.058481
v 0.093756 -0.993356 0.058481
v 0.430720 0.038544 -0.215841
v 0.424271 0.352940 0.294376
v 0.424271 0.352940 0.294376
v 0.365705 -0.751588 -0.101839
v 0.300624 0.152722 -0.443159
v 0.034028 0.014460 0.780606
v 0.065667 0.743829 -0.121943
v 0.470532 -0.120967 0.529541
v 0.208923 0.446465 -0.447791
v 0.211400 0.484423 -0.444544
v 0.242734 0.703451 0.553313
v 0.468164 0.616899 -0.273867
v 0.479536 0.608681 -0.250884
v 0.085155 -0.558950 -0.802589
v 0.148718 0.852259 0.415650
v 0.073023 0.761490 -0.114822
v 0.265466 -0.993786 0.007553
v 0.265466 -0.993786 0.007553
v 0.253742 0.205019 0.701457
v 0.524054 -0.697070 -0.438774
v 0.411575 0.483204 0.656184
v 0.442820 0.496539 0.626361
v 0.676030 -0.372967 -0.207711
v 0.619196 -0.393030 -0.026419
v 0.276948 0.719685 0.526321
v 0.609137 -0.094584 -0.530668
v 0.377242 -0.697444 -0.010785
v 0.576801 -0.166844 -0.118555
v 0.451993 0.605527 -0.319035
v 0.126964 -0.375166 0.455343
v 0.300587 -0.796621 0.129322
v 0.469112 0.474242 0.603069
v 0.078708 -0.384863 0.340786
v 0.309521 0.124961 -0.083781
v 0.309521 0.124961 -0.083781
v 0.309521 0.124961 -0.083781
v 0.510816 0.534433 0.484172
v 0.686477 0.290530 0.312157
v 0.652010 0.152649 0.103130
v 0.501033 0.534061 0.528241
v 0.896650 0.109916 0.188845
v 0.289052 -0.880439 0.131918
v 0.649223 -0.657965 -0.574781
v 0.405816 -0.107900 0.079710
v 0.418507 0.025716 -0.145567
v 0.677243 -0.206520 -0.504649
v 0.246013 -0.736699 -0.639837
v 0.246013 -0.736699 -0.639837
v 0.538477 -0.249219 0.032280
v 0.514804 -0.730675 -0.641966
v 0.514804 -0.730675 -0.641966
v 0.228141 -0.675321 -0.759221
v 0.492612 0.099535 0.299008
v 0.218290 0.747509 -0.047395
v 0.399953 -0.287680 -0.818831
v 0.402238 -0.653662 -0.782309
v 0.218736 0.679061 -0.342514
v 0.486766 0.067557 0.284194
v 0.441501 0.265474 -0.091018
v 0.515798 0.468733 0.508862
v 0.267179 0.837596 0.350247
v 0.209450 0.529582 0.701583
v 0.124538 0.327056 0.697201
v 0.377382 0.467521 0.680376
v 0.355635 0.490728 0.696351
v 0.077988 0.944335 0.350285
v 0.505204 -0.322954 0.122081
v 0.702623 -0.556817 -0.580674
v 0.246078 -0.773688 -0.607586
v 0.327831 0.748101 -0.133389
v 0.574995 0.131886 0.365399
v 0.302116 0.146285 -0.275746
v 0.344732 -0.243889 0.211031
v 0.344732 -0.243889 0.211031
v 0.665953 -0.433915 -0.657261
v 0.704385 0.057084 0.097657
v 0.065048 0.837783 0.439432
v 0.404020 -0.184601 0.618470
v 0.530672 -0.634182 -0.010921
v 0.472210 0.161128 0.428019
v 0.483103 0.126964 0.348285
v 0.477489 0.152440 0.340347
v 0.477489 0.152440 0.340347
v 0.653970 -0.273094 -0.633571
v 0.662118 -0.319048 -0.616948
v 0.129740 0.221416 -0.238375
v 0.108756 0.232959 -0.246580
v 0.248834 0.185325 -0.188019
v 0.248834 0.185325 -0.188019
v 0.458199 0.218341 0.375668
v 0.458199 0.218341 0.375668
v 0.461742 0.257452 0.393947
v 0.476403 0.265725 0.411109
v 0.494439 0.243248 0.423237
v 0.503329 0.217190 0.423953
v 0.068256 0.911895 0.402686
v 0.022206 0.976913 0.329701
v 0.459386 0.277240 -0.164442
v 0.456156 0.278996 -0.245819
v 0.488267 0.319093 -0.213957
v 0.476270 0.299430 -0.131014
v 0.574431 -0.603200 -0.043145
v 0.543908 -0.630642 -0.066533
v 0.572230 -0.608512 -0.089704
v 0.235288 0.143577 -0.563525
v 0.172802 0.183032 -0.510280
v 0.261277 0.149757 -0.505039
v 0.234467 0.248261 0.639605
v 0.293343 0.245350 0.624249
v 0.464921 0.208555 0.113496
v 0.464921 0.208555 0.113496
v 0.464921 0.208555 0.113496
v 0.338629 0.255216 -0.053882
v 0.081758 -0.813126 0.139410
v 0.293715 0.134722 -0.187744
v 0.330118 0.115148 -0.221409
v 0.270715 0.029623 0.705412
v 0.270715 0.029623 0.705412
v 0.405540 -0.773086 -0.246592
v 0.631060 0.372159 -0.089459
v 0.621104 0.312242 -0.044646
v 0.675273 -0.346507 -0.459383
v 0.674776 -0.324046 -0.521681
v 0.014571 0.220101 -0.367305
v 0.430133 -0.744000 -0.721383
v 0.430133 -0.744000 -0.721383
v 0.473828 -0.749147 -0.681136
v 0.419437 -0.085461 0.038648
v 0.459375 -0.169609 0.069934
v 0.381388 0.286897 0.531841
v 0.675901 -0.555587 -0.387661
v 0.702794 -0.510778 -0.419870
v 0.337746 0.693560 0.556887
v 0.231737 -0.969685 -0.039272
v 0.155991 0.354006 0.611243
v 0.155991 0.354006 0.611243
v 0.165602 0.321740 0.622082
v 0.122002 0.435329 0.755868
v 0.092086 0.369440 0.756634
v 0.525420 0.545621 0.317196
v 0.639865 -0.181320 -0.631858
v 0.654608 -0.199656 -0.613019
v 0.649338 -0.250211 -0.640752
v 0.560115 0.667131 -0.040033
v 0.603224 0.661883 -0.013742
v 0.606550 0.643438 -0.038984
v 0.001199 0.413753 -0.492042
v 0.325771 0.099484 -0.553348
v 0.338586 0.068284 -0.608576
v 0.240499 0.299681 0.603887
v 0.240499 0.299681 0.603887
v 0.163088 0.016845 -0.777412
v 0.290772 -0.069153 -0.785530
v 0.290893 -0.018727 -0.745377
v 0.461641 0.538361 0.604073
v 0.021988 0.884621 -0.087147
v 0.023628 0.830347 -0.116099
v 0.668118 -0.563292 -0.652224
v 0.676770 -0.489401 -0.664208
v 0.437123 -0.112401 0.620358
v 0.344074 -0.256274 0.615034
v 0.312014 -0.275900 0.622989
v 0.462976 0.028844 -0.481866
v 0.176163 0.700130 0.503615
v 0.228405 0.712381 0.521672
v 0.512843 -0.854013 -0.485489
v 0.049253 0.762138 -0.170119
v 0.201143 -0.336034 0.600102
v 0.247916 -0.322040 0.586529
v 0.248686 -0.315383 0.625412
v 0.494103 -0.917892 -0.634687
v 0.423690 -0.013404 0.630387
v 0.396358 0.264288 0.515263
v 0.116275 0.057406 -0.748750
v 0.399865 -0.473469 0.219219
v 0.463521 -0.450830 0.185803
v 0.250021 0.672257 0.604889
v 0.278895 0.685697 0.597112
v 0.339192 -0.848094 -0.418352
v 0.730009 0.267674 0.320387
v 0.764568 0.248356 0.331018
v 0.612138 -0.519913 -0.048394
v 0.589858 -0.570962 -0.082577
v 0.499856 0.478756 -0.311250
v 0.290301 0.062396 0.720830
v 0.167678 -0.287622 0.702250
v 0.082759 -0.279880 0.733999
v 0.399715 -0.006612 -0.667050
v 0.801746 0.081594 0.103756
v 0.326753 -0.264993 0.230113
v 0.326753 -0.264993 0.230113
v 0.368388 -0.244237 0.241161
v 0.672330 -0.464970 -0.257364
v 0.461259 0.578130 0.567524
v 0.572926 0.272961 -0.036398
v 0.631668 0.298317 -0.003493
v 0.164827 0.141513 -0.622475
v 0.175939 0.110334 -0.670606
v 0.273851 -0.170269 0.727378
v 0.255211 -0.887578 -0.515858
v 0.229245 -0.922816 -0.548243
v 0.606918 0.407888 -0.132441
v 0.231571 -0.679993 0.259801
v 0.249779 -0.708648 0.199187
v 0.293653 -0.675374 0.238109
v 0.853277 -0.033309 0.233605
v 0.084983 0.988982 0.257478
v 0.107390 0.973624 0.264758
v 0.586476 -0.644352 -0.149854
v 0.555316 -0.669683 -0.116597
v 0.683751 -0.236622 -0.359919
v 0.663400 0.356971 -0.028915
v 0.147455 0.208763 -0.247625
v 0.182354 0.207512 -0.229208
v 0.463151 0.562675 -0.336426
v 0.471242 0.523425 -0.346434
v 0.058397 0.822743 -0.104585
v 0.284827 -0.788402 -0.251294
v 0.324526 -0.789164 -0.329731
v 0.689975 -0.611199 -0.496532
v 0.676807 -0.598245 -0.436425
v 0.479531 -0.126239 0.376718
v 0.462363 -0.176023 0.415554
v 0.069549 -0.757610 0.111152
v 0.069549 -0.757610 0.111152
v 0.368232 -0.688440 0.050103
v 0.623087 -0.411499 -0.084824
v 0.602926 0.067867 0.118636
v 0.455360 -0.762233 -0.230847
v 0.466849 -0.758796 -0.264921
v 0.237133 -0.815069 -0.077647
v 0.263611 -0.776611 -0.059312
v 0.912014 0.081742 0.190265
v 0.909092 0.122977 0.237390
v 0.926306 0.074793 0.221218
v 0.271578 -0.954934 -0.015012
v 0.444297 -0.766370 -0.269337
v 0.656320 -0.357996 -0.616395
v 0.499408 -0.745206 -0.318846
v 0.466186 -0.756860 -0.344612
v 0.488839 -0.726344 -0.378483
v 0.428021 -0.220342 0.501958
v 0.423350 -0.234612 0.448232
v 0.866108 0.083995 0.136779
v 0.846120 0.047634 0.117220
v 0.305709 0.172748 0.703571
v 0.328244 0.173101 0.677115
v 0.008255 0.050422 0.766768
v 0.008255 0.050422 0.766768
v 0.039817 0.107460 0.738737
v 0.510170 -0.014929 -0.241243
v 0.505115 -0.035393 -0.166399
v 0.425150 -0.639176 -0.800477
v 0.419675 0.306343 0.468993
v 0.403495 0.291800 0.453254
v 0.403495 0.291800 0.453254
v 0.427659 0.298084 0.464043
v 0.056640 0.256575 -0.321866
v 0.074616 0.249699 -0.289549
v 0.420226 -0.607802 0.112013
v 0.690332 -0.612214 -0.517371
v 0.661893 -0.653838 -0.542038
v 0.687049 -0.620450 -0.554551
v 0.005101 0.531439 -0.502601
v 0.001942 0.495499 -0.506345
v 0.308566 -0.563912 -0.888094
v 0.429474 -0.113694 0.174289
v 0.301061 0.270987 0.595915
v 0.359033 0.251343 0.569566
v 0.152090 0.713489 0.481443
v 0.311066 -0.843363 0.092979
v 0.285832 -0.917586 0.130175
v 0.319216 -0.908153 0.049416
v 0.090890 0.544529 -0.476668
v 0.141448 0.549987 -0.440172
v 0.088388 0.511447 -0.486755
v 0.663491 -0.166400 -0.421888
v 0.310639 -0.722754 0.128703
v 0.310639 -0.722754 0.128703
v 0.430517 -0.699666 -0.047128
v 0.454107 -0.685870 -0.042962
v 0.149657 -0.733802 -0.590491
v 0.186960 -0.740002 -0.612228
v 0.502010 -0.124904 -0.744990
v 0.568234 -0.192542 -0.742013
v 0.041862 0.219184 -0.273954
v 0.242565 -0.392633 -0.877824
v 0.273760 -0.414032 -0.897964
v 0.028937 0.708588 0.650088
v 0.454442 0.523723 0.614861
v 0.438297 0.354583 0.350361
v 0.585595 -0.409327 0.038559
v 0.651854 0.633539 0.075192
v 0.687782 0.586292 0.115785
v 0.015788 0.018620 0.792657
v 0.015788 0.018620 0.792657
v 0.015788 0.018620 0.792657
v 0.427559 -0.176220 0.252936
v 0.254449 -0.322891 0.309690
v 0.290963 -0.331290 0.373518
v 0.568410 -0.697869 -0.503373
v 0.560247 -0.700282 -0.564084
v 0.118370 0.724746 -0.259645
v 0.166080 -0.736769 0.218964
v 0.197077 -0.718632 0.198763
v 0.167541 -0.733275 0.230771
v 0.584495 -0.695204 -0.295065
v 0.403374 0.055842 -0.522029
v 0.307885 0.718687 0.434663
v 0.298282 -0.250045 -0.853490
v 0.268780 -0.307637 -0.863888
v 0.601993 -0.675465 -0.201799
v 0.505629 -0.523240 -0.812917
v 0.087622 -0.347810 -0.901074
v 0.209005 0.426053 0.701271
v 0.265637 0.403400 0.699987
v 0.269022 0.457742 0.711296
v 0.044374 -0.357778 0.613632
v 0.057502 1.005218 0.164693
v 0.092690 0.994300 0.189605
v 0.538800 -0.598529 0.057934
v 0.596500 -0.536018 0.005528
v 0.425734 0.363616 -0.376459
v 0.415468 0.292756 -0.327024
v 0.224701 -0.726136 -0.670595
v 0.303964 -0.682282 -0.742303
v 0.534450 0.709593 0.056347
v 0.255278 0.592546 -0.414273
v 0.446408 0.347995 -0.348585
v 0.470634 0.423244 -0.353585
v 0.086115 -0.752564 -0.033424
v 0.086115 -0.752564 -0.033424
v 0.585821 -0.012382 0.221784
v 0.609615 -0.010387 0.191097
v 0.493856 -0.049974 0.449936
v 0.484406 -0.068002 0.502636
v 0.484231 -0.122854 0.434877
v 0.021876 0.907739 0.421365
v 0.033374 0.856669 0.452923
v 0.135882 0.681464 -0.336320
v 0.388116 0.544322 0.663275
v 0.300288 -0.717896 -0.039268
v 0.344771 -0.710177 -0.043367
v 0.145331 -0.819297 -0.075551
v 0.090912 0.720571 0.586753
v 0.176278 0.499587 0.701918
v 0.310198 0.197316 0.668711
v 0.706322 0.532406 0.135822
v 0.706592 0.464800 0.169140
v 0.020355 -0.440855 -0.878229
v 0.357234 0.261713 -0.332754
v 0.668571 0.588060 -0.029058
v 0.696195 0.568573 0.038706
v 0.695341 0.518685 -0.025956
v 0.247016 0.884171 0.277187
v 0.214203 0.891153 0.266769
v 0.434021 -0.353828 -0.843414
v 0.463926 -0.371640 -0.835464
v 0.155605 -0.414231 -0.867793
v 0.510295 -0.770988 -0.474941
v 0.361830 0.622490 0.628728
v 0.919450 0.117685 0.256913
v 0.306373 0.325938 0.654840
v 0.360368 0.327559 0.633418
v 0.695276 -0.561071 -0.427711
v 0.446530 0.776628 -0.015133
v 0.617185 -0.088661 -0.427691
v 0.194850 -0.354179 0.531017
v 0.245193 -0.340104 0.529824
v 0.636985 0.308917 0.347748
v 0.466626 -0.320503 -0.795806
v 0.495676 -0.357030 -0.794688
v 0.020218 0.784316 0.471576
v 0.192759 0.195640 -0.301123
v 0.261776 0.298909 0.614011
v 0.288488 0.284439 0.590980
v 0.288488 0.284439 0.590980
v 0.304143 0.284405 0.601235
v 0.271476 -0.276758 0.672103
v 0.677950 -0.308215 -0.472147
v 0.789574 0.229884 0.348083
v 0.785473 0.219970 0.385514
v 0.785473 0.219970 0.385514
v 0.810413 0.221254 0.328719
v 0.634239 0.299894 0.385598
v 0.634239 0.299894 0.385598
v 0.680429 0.255039 0.432071
v 0.689839 0.276074 0.389488
v 0.689839 0.276074 0.389488
v 0.270452 0.158028 -0.239992
v 0.411002 0.671405 0.496415
v 0.426216 0.657649 0.467082
v 0.420607 -0.322495 0.191817
v 0.478015 -0.367799 0.165943
v 0.412845 0.299809 0.440704
v 0.412845 0.299809 0.440704
v 0.539143 -0.020703 -0.523429
v 0.548552 -0.021707 -0.463914
v 0.507926 0.356364 0.291633
v 0.558775 0.365211 0.286228
v 0.323166 0.071825 0.708459
v 0.064384 -0.954078 0.071959
v 0.101379 -0.993286 0.094564
v 0.101379 -0.993286 0.094564
v 0.111249 -0.993526 0.134051
v 0.111249 -0.993526 0.134051
v 0.229925 0.516258 0.700453
v 0.151108 -0.635278 -0.762663
v 0.317069 0.096070 -0.096044
v 0.002758 0.767182 -0.136342
v 0.628873 -0.564015 -0.169338
v 0.613883 -0.552511 -0.117634
v 0.549884 0.359346 -0.154885
v 0.567149 0.378275 -0.141145
v 0.635122 -0.407955 -0.685591
v 0.034416 0.304211 -0.415662
v 0.044254 0.292526 -0.397214
v 0.172837 0.375570 0.656575
v 0.204166 0.380634 0.672737
v 0.465231 0.099640 0.152509
v 0.457899 0.062394 0.102032
v 0.305768 0.235561 -0.323922
v 0.182334 -0.553571 -0.833746
v 0.175226 -0.502171 -0.859004
v 0.225912 -0.536974 -0.873739
v 0.370394 -0.682282 0.114414
v 0.338424 -0.716165 0.073222
v 0.338424 -0.716165 0.073222
v 0.487220 -0.008927 0.287300
v 0.439343 -0.699711 -0.724769
v 0.439343 -0.699711 -0.724769
v 0.439343 -0.699711 -0.724769
v 0.375068 -0.770141 -0.173731
v 0.396714 -0.757359 -0.118303
v 0.344090 -0.764730 -0.161158
v 0.119439 -0.376463 0.401057
v 0.180450 -0.363421 0.387985
v 0.188258 -0.363195 0.426865
v 0.238103 -0.893499 -0.588989
v 0.037118 -0.358867 -0.899557
v 0.322974 0.429712 0.704687
v 0.328074 0.401434 0.691473
v 0.727372 0.226760 0.433253
v 0.770426 0.204326 0.424589
v 0.026646 0.746674 0.554927
v 0.400987 0.000500 -0.068097
v 0.423116 -0.051273 -0.015936
v 0.515174 0.374446 -0.181732
v 0.501460 0.354324 -0.238757
v 0.123943 0.803850 0.435426
v 0.167060 0.786376 0.412250
v 0.162944 0.836895 0.408490
v 0.573917 -0.483993 0.058976
v 0.545364 -0.519025 0.096952
v 0.623859 -0.007608 0.274393
v 0.043395 -0.762154 0.169726
v 0.661493 0.458056 0.255281
v 0.490872 0.672427 -0.050192
v 0.486894 0.687150 -0.022482
v 0.198893 0.199256 -0.229217
v 0.182490 0.213438 -0.224864
v 0.182490 0.213438 -0.224864
v 0.214344 0.193405 -0.224173
v 0.377193 -0.685681 0.007791
v 0.446704 -0.672547 -0.007424
v 0.091911 0.211150 -0.445073
v 0.280343 0.647193 -0.381806
v 0.694462 0.377109 0.066848
v 0.411127 -0.229317 0.318749
v 0.429696 -0.228892 0.397289
v 0.715833 0.263893 0.274897
v 0.467055 -0.075054 -0.721788
v 0.679257 -0.298186 -0.304358
v 0.691165 -0.322726 -0.341289
v 0.498312 0.135965 0.343290
v 0.223638 -0.687421 0.247222
v 0.218279 -0.668159 0.273911
v 0.305139 -0.582872 0.294444
v 0.128016 -0.598620 -0.758804
v 0.434014 -0.109607 -0.759923
v 0.281934 -0.765735 -0.395190
v 0.303576 -0.760707 -0.447715
v 0.303576 -0.760707 -0.447715
v 0.471926 0.343633 0.343769
v 0.471926 0.343633 0.343769
v 0.531596 0.336486 0.366720
v 0.531596 0.336486 0.366720
v 0.551730 0.343385 0.324356
v 0.327810 -0.940177 -0.684291
v 0.303224 -0.931495 -0.668354
v 0.323900 -0.932853 -0.688109
v 0.395028 0.702992 -0.150878
v 0.438429 0.666367 -0.151499
v 0.415042 -0.511309 0.202357
v 0.099712 -0.122257 -0.866387
v 0.060542 -0.087211 -0.849032
v 0.112797 -0.093891 -0.853185
v 0.315661 0.167619 -0.093564
v 0.693151 0.428541 -0.020912
v 0.009529 1.009505 0.176394
v 0.000002 0.296201 -0.420500
v 0.000002 0.296201 -0.420500
v 0.382898 -0.649916 0.140192
v 0.356933 -0.639824 0.205957
v 0.498417 0.082972 0.274550
v 0.476955 0.074703 0.230385
v 0.476955 0.074703 0.230385
v 0.509382 0.041924 0.228659
v 0.657591 -0.439693 -0.347837
v 0.301572 0.392725 -0.441306
v 0.314990 0.442784 -0.448723
v 0.726895 0.184295 0.459182
v 0.050349 -0.756562 0.045598
v 0.050349 -0.756562 0.045598
v 0.050349 -0.756562 0.045598
v 0.202399 -0.705048 0.237596
v 0.059434 0.561373 0.770277
v 0.059140 -0.713507 -0.590883
v 0.054088 -0.674107 -0.666747
v 0.139219 0.957447 0.273319
v 0.130202 0.973999 0.244977
v 0.414205 -0.178669 0.214535
v 0.236822 0.753428 -0.101589
v 0.546716 -0.720953 -0.203013
v 0.116942 -0.656979 -0.697569
v 0.128313 -0.603228 -0.754317
v 0.603328 -0.240298 -0.101372
v 0.424094 0.872176 0.118516
v 0.436047 0.874802 0.153956
v 0.456618 0.850655 0.098847
v 0.224302 0.834781 0.008804
v 0.732809 0.234064 0.221963
v 0.226173 -0.354135 0.409199
v 0.300146 0.612521 0.656581
v 0.312666 0.560977 0.689439
v 0.388671 0.306737 0.585430
v 0.621571 -0.515112 -0.131693
v 0.300221 -0.819137 -0.460618
v 0.304088 -0.851115 -0.448518
v 0.481511 0.393837 0.304892
v 0.430812 -0.992626 -0.418509
v 0.430812 -0.992626 -0.418509
v 0.430812 -0.992626 -0.418509
v 0.472437 -0.992876 -0.464391
v 0.472437 -0.992876 -0.464391
v 0.472437 -0.992876 -0.464391
v 0.472437 -0.992876 -0.464391
v 0.440444 0.118035 0.069734
v 0.388341 0.391737 0.325384
v 0.379403 0.375973 0.311275
v 0.095769 -0.958527 0.141199
v 0.137473 -0.928689 0.179611
v 0.614053 0.662704 0.083324
v 0.650464 0.627042 0.131254
v 0.655770 0.281145 0.212824
v 0.670071 0.525601 -0.059855
v 0.009824 0.985506 0.027665
v 0.069392 0.630920 -0.457803
v 0.811365 0.209295 0.267771
v 0.866173 0.155093 0.223134
v 0.425544 -0.564872 0.163875
v 0.257131 -0.759083 -0.517180
v 0.257131 -0.759083 -0.517180
v 0.132451 0.692290 -0.319407
v 0.429430 -0.745013 -0.422106
v 0.429430 -0.745013 -0.422106
v 0.386976 -0.116335 0.101997
v 0.386976 -0.116335 0.101997
v 0.087522 0.201027 0.699015
v 0.507256 0.397998 0.491131
v 0.476057 0.347332 0.476425
v 0.088213 -0.029512 0.778154
v 0.088213 -0.029512 0.778154
v 0.241148 0.366706 0.679492
v 0.084738 -0.568346 0.375571
v 0.337004 0.447594 -0.443001
v 0.477424 0.123146 0.479030
v 0.485578 0.056294 0.495639
v 0.384308 0.618753 -0.371616
v 0.462862 -0.113341 0.265001
v 0.888903 -0.025307 0.237084
v 0.929943 0.017795 0.233409
v 0.929943 0.017795 0.233409
v 0.909378 -0.004002 0.275145
v 0.084670 0.340609 0.743066
v 0.085454 0.308082 0.712015
v 0.580308 0.229191 0.126670
v 0.533942 0.731999 0.066405
v 0.523213 0.407242 0.321892
v 0.052295 -0.768969 -0.171691
v 0.405962 -0.651910 0.037152
v 0.350423 0.588814 0.663022
v 0.336983 0.538490 0.691245
v 0.667987 -0.485090 -0.278394
v 0.672049 -0.474336 -0.250081
v 0.554909 0.720380 0.231519
v 0.122032 -0.119799 -0.865657
v 0.131913 -0.053330 -0.827277
v 0.258185 -0.140574 -0.842666
v 0.195588 0.220852 -0.252325
v 0.177235 0.247838 -0.302970
v 0.241054 0.226656 -0.302765
v 0.322438 -0.902796 -0.698778
v 0.494665 0.215031 0.099016
v 0.494665 0.215031 0.099016
v 0.503753 0.219027 0.081430
v 0.097506 -0.711578 -0.594567
v 0.918044 0.023364 0.192520
v 0.440110 0.676573 0.407654
v 0.482187 0.641396 0.373826
v 0.304466 0.149053 -0.356352
v 0.304057 0.149940 -0.392885
v 0.262128 -0.495304 -0.900006
v 0.543947 -0.816231 -0.563681
v 0.525172 -0.851397 -0.588516
v 0.389894 0.241195 0.543108
v 0.525998 0.728486 0.310827
v 0.542921 0.675448 0.295112
v 0.481554 0.756830 0.345052
v 0.468705 -0.920821 -0.430839
v 0.398002 -0.044820 0.055802
v 0.386778 -0.084038 0.068205
v 0.386778 -0.084038 0.068205
v 0.439881 0.319117 0.452852
v 0.392172 0.363785 0.341104
v 0.425318 0.393280 0.336654
v 0.439696 0.172168 0.097792
v 0.421304 0.166910 0.042287
v 0.323823 0.714999 0.435202
v 0.339485 0.709630 0.471517
v 0.381378 -0.404504 0.230480
v 0.442608 -0.037644 0.612874
v 0.475765 -0.039729 0.540348
v 0.230690 0.180506 -0.443622
v 0.258787 0.216536 0.649011
v 0.258787 0.216536 0.649011
v 0.140081 -0.952693 0.172326
v 0.090320 0.219215 -0.294323
v 0.579568 0.604985 0.266105
v 0.636036 0.556759 0.252692
v 0.613588 0.615760 0.218465
v 0.568233 -0.201537 -0.746586
v 0.080841 0.473987 0.778229
v 0.260427 0.219277 0.684094
v 0.288481 0.209271 0.641058
v 0.288481 0.209271 0.641058
v 0.451477 0.334223 0.543138
v 0.461576 0.358019 0.569622
v 0.568558 -0.643177 -0.384513
v 0.555079 -0.689249 -0.332506
v 0.477266 0.573009 0.371875
v 0.508878 0.621879 -0.121017
v 0.326653 -0.403941 0.269428
v 0.310688 0.898462 0.127090
v 0.048730 0.061050 0.761268
v 0.195866 0.211551 0.673332
v 0.195866 0.211551 0.673332
v 0.384324 -0.572068 -0.873523
v 0.502288 0.147656 0.118152
v 0.486043 0.125145 0.144424
v 0.486043 0.125145 0.144424
v 0.532768 0.072791 0.149107
v 0.532768 0.072791 0.149107
v 0.426382 0.604098 -0.350920
v 0.573086 -0.196477 -0.739478
v 0.622061 -0.245580 -0.699515
v 0.574471 -0.258676 -0.752330
v 0.171718 -0.819842 0.185653
v 0.214374 -0.925154 0.181809
v 0.214374 -0.925154 0.181809
v 0.162393 0.716254 0.411380
v 0.194713 0.710034 0.452639
v 0.188757 0.724070 0.394805
v 0.404940 -0.164158 0.179179
v 0.100445 0.718274 0.428809
v 0.373464 -0.214708 0.203950
v 0.089831 0.723454 -0.324816
v 0.267100 -0.727658 -0.054327
v 0.267100 -0.727658 -0.054327
v 0.192366 -0.293337 -0.891066
v 0.230149 -0.340763 -0.882501
v 0.489672 0.394828 0.551041
v 0.337224 0.237077 0.590879
v 0.113038 0.884205 0.397762
v 0.081979 0.091832 0.750553
v 0.045512 -0.010255 0.785222
v 0.500778 0.603610 0.356050
v 0.675505 -0.362156 -0.436143
v 0.681973 -0.373646 -0.449579
v 0.586646 -0.429429 -0.721244
v 0.130862 0.509149 -0.464803
v 0.207574 -0.484435 -0.878448
v 0.489068 0.008089 0.497374
v 0.102240 0.557780 0.750955
v 0.395020 -0.993116 -0.535395
v 0.469845 -0.992676 -0.603396
v 0.469845 -0.992676 -0.603396
v 0.469845 -0.992676 -0.603396
v 0.056438 -0.775094 -0.270416
v 0.061702 -0.773186 -0.330758
v 0.512655 -0.696961 -0.645689
v 0.549320 -0.674084 -0.673570
v 0.474636 -0.708298 -0.429896
v 0.506475 -0.740170 -0.469224
v 0.506475 -0.740170 -0.469224
v 0.188078 0.099729 0.709456
v 0.188078 0.099729 0.709456
v 0.242243 0.077333 0.723215
v 0.212127 0.104457 0.718284
v 0.677204 -0.345804 -0.300041
v 0.315539 -0.300273 0.572976
v 0.526488 0.479961 -0.180582
v 0.560734 -0.678062 -0.627841
v 0.132820 0.935132 0.321171
v 0.610068 0.350382 0.259395
v 0.438846 0.262311 -0.244188
v 0.453879 0.300572 -0.284189
v 0.377499 0.148404 -0.042050
v 0.235820 -0.662801 0.275058
v 0.450615 -0.182746 0.502583
v 0.165085 -0.743840 0.188389
v 0.165085 -0.743840 0.188389
v 0.201138 -0.764102 0.185915
v 0.059435 -0.769516 0.086343
v 0.044389 -0.819633 0.063213
v 0.112615 -0.766619 -0.202237
v 0.391645 0.238394 -0.088055
v 0.699376 0.284471 0.341052
v 0.702983 0.174358 0.469868
v 0.616331 0.322599 0.283770
v 0.646180 -0.575557 -0.678790
v 0.651707 -0.593899 -0.665226
v 0.535887 -0.705102 -0.497231
v 0.522032 -0.717644 -0.504301
v 0.522032 -0.717644 -0.504301
v 0.536437 -0.857250 -0.558167
v 0.532066 -0.884862 -0.553919
v 0.679815 -0.035291 0.201029
v 0.713393 -0.045577 0.230976
v 0.668980 -0.040631 0.231930
v 0.470458 -0.085748 -0.038444
v 0.121450 0.107219 0.730859
v 0.093841 -0.759089 -0.419712
v 0.162253 -0.763397 -0.427156
v 0.478995 0.010741 0.524015
v 0.164499 0.399168 0.708838
v 0.522375 0.465076 -0.213676
v 0.522595 0.475490 -0.242245
v 0.659377 0.514896 0.249658
v 0.449233 0.633967 0.399059
v 0.379244 0.853631 0.028372
v 0.392300 0.890939 0.134576
v 0.580374 0.674864 -0.008602
v 0.578530 0.678043 0.047831
v 0.271554 0.861971 0.313901
v 0.313291 0.887826 0.268116
v 0.253253 -0.814273 -0.640621
v 0.700636 0.478132 -0.010748
v 0.398732 0.245407 -0.017450
v 0.519982 0.451250 0.457262
v 0.510444 0.404212 0.461048
v 0.270594 -0.963402 -0.500421
v 0.269239 -0.993226 -0.550289
v 0.269239 -0.993226 -0.550289
v 0.232425 -0.718945 0.210789
v 0.242527 -0.740844 0.186949
v 0.242527 -0.740844 0.186949
v 0.242527 -0.740844 0.186949
v 0.634686 -0.556433 -0.343707
v 0.655977 -0.564708 -0.361722
v 0.638669 -0.553548 -0.336735
v 0.650351 0.535867 -0.098296
v 0.654077 0.513844 -0.100946
v 0.157109 -0.772567 -0.195417
v 0.145935 -0.993576 0.156277
v 0.145935 -0.993576 0.156277
v 0.145935 -0.993576 0.156277
v 0.213934 -0.954241 0.172651
v 0.213934 -0.954241 0.172651
v 0.016253 0.709409 -0.407629
v 0.699476 0.395525 0.133883
v 0.470855 0.220714 0.052878
v 0.684713 -0.421584 -0.406657
v 0.329481 -0.731051 0.023801
v 0.329481 -0.731051 0.023801
v 0.314450 -0.802440 0.003566
v 0.530830 -0.382743 0.112564
v 0.482859 -0.337834 0.156227
v 0.342569 -0.699638 0.026266
v 0.321671 -0.715377 -0.016631
v 0.192009 0.747298 0.393891
v 0.166646 -0.651335 -0.771401
v 0.202309 -0.695189 -0.725253
v 0.215765 0.618178 -0.391788
v 0.146036 -0.740212 0.231970
v 0.692750 -0.294846 -0.371593
v 0.696449 -0.324416 -0.364276
v 0.097011 0.702136 0.623700
v 0.208434 0.751194 -0.116550
v 0.482886 -0.948525 -0.626303
v 0.487924 -0.631971 -0.771573
v 0.540043 -0.697050 -0.471031
v 0.538805 0.271532 -0.070036
v 0.811607 0.081930 0.418841
v 0.824997 0.013447 0.356959
v 0.842241 0.054252 0.395231
v 0.240950 -0.296346 0.652216
v 0.503381 0.566104 -0.226561
v 0.506513 0.522693 -0.264967
v 0.363240 -0.139693 -0.787138
v 0.348963 -0.074756 -0.752496
v 0.107645 0.258181 -0.259615
v 0.069746 0.232067 -0.251688
v 0.069746 0.232067 -0.251688
v 0.716556 -0.474528 -0.509822
v 0.230203 -0.905054 -0.072952
v 0.272535 -0.910160 -0.039263
v 0.684829 0.364722 0.137655
v 0.469753 0.850080 0.214875
v 0.469126 0.851380 0.148568
v 0.043270 -0.384320 0.387197
v 0.604705 0.442683 0.300754
v 0.659603 -0.451133 -0.163897
v 0.624260 -0.480033 -0.120197
v 0.454031 -0.931216 -0.666871
v 0.166181 -0.632807 0.348849
v 0.122871 -0.625242 0.376931
v 0.044331 0.010638 0.784481
v 0.127654 0.801773 -0.078081
v 0.167639 0.749183 -0.068219
v 0.346645 -0.292242 0.344422
v 0.224251 0.210842 0.696126
v 0.668915 -0.415019 -0.367446
v 0.675779 -0.438479 -0.371296
v 0.428610 0.304272 0.368554
v 0.428610 0.304272 0.368554
v 0.427770 0.280552 0.425676
v 0.202917 -0.760332 -0.469258
v 0.204301 -0.762012 -0.419577
v 0.459354 0.624383 0.476555
v 0.462562 -0.519078 0.161931
v 0.500385 -0.484095 0.148442
v 0.326753 -0.739283 -0.723899
v 0.335501 -0.698430 -0.726082
v 0.335501 -0.698430 -0.726082
v 0.451506 0.034258 -0.552703
v 0.526572 0.797751 0.159767
v 0.483739 0.528921 0.365840
v 0.133231 -0.415738 0.350335
v 0.212183 0.063807 0.712126
v 0.212183 0.063807 0.712126
v 0.688921 -0.281771 -0.427573
v 0.830936 -0.014962 0.315921
v 0.859185 0.009569 0.344109
v 0.068223 -0.685393 0.358015
v 0.258607 0.733654 -0.263787
v 0.303277 0.011916 -0.708290
v 0.315060 0.049424 -0.659493
v 0.337703 0.006420 -0.681104
v 0.680179 0.381827 -0.015505
v 0.370148 0.696727 0.442551
v 0.705060 0.506486 0.006968
v 0.710474 0.454877 0.019034
v 0.507580 0.439420 0.531892
v 0.690844 -0.014453 0.158059
v 0.690844 -0.014453 0.158059
v 0.189925 -0.553108 0.363460
v 0.219976 -0.581105 0.340848
v 0.218279 -0.371586 0.306439
v 0.070360 0.215473 -0.314820
v 0.423591 -0.822918 -0.427618
v 0.603078 0.169970 0.439980
v 0.600888 0.191702 0.454042
v 0.466034 0.082254 0.182739
v 0.811465 -0.027256 0.175152
v 0.811465 -0.027256 0.175152
v 0.797533 -0.042310 0.229396
v 0.792767 0.197694 0.212062
v 0.840076 0.168310 0.212396
v 0.897392 0.084635 0.365433
v 0.070654 0.930801 -0.034486
v 0.112676 0.933268 0.001027
v 0.138701 0.906761 -0.016673
v 0.282048 -0.958310 -0.006224
v 0.290451 -0.950589 0.022518
v 0.243419 -0.956662 0.150801
v 0.220890 -0.993226 0.144073
v 0.220890 -0.993226 0.144073
v 0.220890 -0.993226 0.144073
v 0.220890 -0.993226 0.144073
v 0.255612 -0.993296 0.117274
v 0.255612 -0.993296 0.117274
v 0.491793 0.002995 0.477704
v 0.124930 0.018758 -0.788514
v 0.127759 -0.358874 0.324500
v 0.127759 -0.358874 0.324500
v 0.156040 -0.363172 0.319369
v 0.496908 -0.000868 0.353269
v 0.618576 0.442556 -0.137035
v 0.049066 -0.759421 0.084969
v 0.612894 0.294718 0.179018
v 0.612894 0.294718 0.179018
v 0.593029 0.310477 0.402863
v 0.593029 0.310477 0.402863
v 0.362409 -0.759682 -0.720097
v 0.267330 -0.858708 -0.479033
v 0.335190 -0.094890 -0.768244
v 0.467182 -0.460648 -0.859593
v 0.384468 -0.274504 0.492354
v 0.338482 -0.697705 0.004707
v 0.443181 -0.230819 0.130894
v 0.088573 -0.519941 0.376259
v 0.003864 -0.535536 0.373318
v 0.069250 0.017651 0.776951
v 0.069250 0.017651 0.776951
v 0.282628 -0.993146 -0.507683
v 0.282628 -0.993146 -0.507683
v 0.589387 -0.120594 -0.630096
v 0.611012 -0.114720 -0.573737
v 0.276941 -0.335880 0.430712
v 0.712552 0.429667 0.104912
v 0.194888 -0.634542 0.320916
v 0.540352 0.018116 0.219191
v 0.663599 -0.428400 -0.177721
v 0.667823 -0.420253 -0.224728
v 0.399213 -0.762515 -0.371750
v 0.685880 0.457316 0.216058
v 0.697674 0.424375 0.176362
v 0.064279 -0.912284 0.020052
v 0.153589 0.890729 0.358230
v 0.153745 0.857468 0.410268
v 0.636712 0.215206 0.464183
v 0.682650 0.188327 0.469561
v 0.356465 -0.208951 0.185309
v 0.356465 -0.208951 0.185309
v 0.370568 -0.182256 0.159330
v 0.370568 -0.182256 0.159330
v 0.460549 -0.117320 -0.758897
v 0.479662 -0.138045 -0.760945
v 0.469051 -0.165599 -0.784955
v 0.656135 0.011330 0.305149
v 0.346963 -0.765781 -0.425624
v 0.346963 -0.765781 -0.425624
v 0.109006 0.967083 0.038006
v 0.190015 0.339973 0.629859
v 0.334176 0.167479 0.636024
v 0.334176 0.167479 0.636024
v 0.092739 0.463570 -0.478683
v 0.173248 0.895102 0.004597
v 0.141893 -0.366829 0.364753
v 0.086288 -0.371037 0.337104
v 0.086288 -0.371037 0.337104
v 0.465254 0.008717 0.180731
v 0.433687 0.676974 -0.194303
v 0.633065 -0.426400 -0.108193
v 0.497696 0.337099 -0.158956
v 0.218591 -0.774125 -0.164378
v 0.301287 -0.768822 -0.163044
v 0.611484 -0.615766 -0.334399
v 0.385058 0.442515 0.677530
v 0.331964 0.129658 -0.350733
v 0.194134 -0.749599 -0.096184
v 0.581820 0.520586 -0.154232
v 0.547358 0.548886 -0.150435
v 0.596683 0.573434 -0.114316
v 0.427527 -0.829163 -0.708670
v 0.427527 -0.829163 -0.708670
v 0.202378 0.595901 0.664559
v 0.212819 0.727625 -0.219608
v 0.090093 0.668433 -0.401745
v 0.316639 -0.305600 0.307968
v 0.881127 0.155830 0.253703
v 0.542790 0.310950 -0.111282
v 0.593953 -0.339088 -0.722719
v 0.371181 0.736088 0.427987
v 0.275536 0.749281 -0.058283
v 0.543755 -0.730411 -0.280182
v 0.336359 -0.289848 -0.839105
v 0.143297 0.330861 0.664740
v 0.610925 -0.092852 -0.339165
v 0.612013 -0.100887 -0.282730
v 0.708453 -0.560937 -0.497958
v 0.168419 -0.689905 0.302923
v 0.496356 0.631712 -0.116700
v 0.531083 0.651065 -0.074627
v 0.201307 -0.592202 -0.828726
v 0.467399 0.032647 -0.284938
v 0.508649 0.004124 -0.349557
v 0.704056 0.098282 0.393284
v 0.673181 0.108694 0.390606
v 0.485746 0.118502 0.403601
v 0.061742 -0.621327 -0.732933
v 0.509066 0.573968 -0.164263
v 0.621052 0.247135 0.455617
v 0.420855 0.305204 0.513039
v 0.274691 -0.478790 0.324825
v 0.303543 -0.493434 0.301158
v 0.478807 0.620874 -0.161881
v 0.348243 0.671947 -0.339465
v 0.347487 0.102814 0.648753
v 0.347487 0.102814 0.648753
v 0.254853 -0.530716 0.329569
v 0.445943 -0.760408 -0.300314
v 0.799864 0.010040 0.116803
v 0.576366 -0.240577 -0.039906
v 0.259979 0.106273 0.727353
v 0.445571 0.223302 0.021837
v 0.446092 0.216614 0.058035
v 0.101716 -0.880464 -0.044257
v 0.218707 0.312127 0.606477
v 0.218707 0.312127 0.606477
v 0.158665 0.030459 0.751191
v 0.442967 0.405541 -0.376229
v 0.678791 -0.379928 -0.587268
v 0.683139 -0.433206 -0.634252
v 0.149388 0.223889 -0.227052
v 0.149388 0.223889 -0.227052
v 0.149922 0.232829 -0.243162
v 0.571709 0.248213 0.016786
v 0.469816 -0.032071 0.220980
v 0.448592 0.044748 -0.280062
v 0.685482 0.150599 0.462743
v 0.640131 -0.037065 0.231022
v 0.390932 0.241410 -0.272413
v 0.192836 -0.337470 0.301622
v 0.192836 -0.337470 0.301622
v 0.128815 0.320806 -0.354747
v 0.119482 0.630210 -0.421870
v 0.220311 -0.756947 -0.557355
v 0.171212 0.263018 0.652164
v 0.292771 -0.616671 -0.836327
v 0.515902 0.454572 0.325786
v 0.582091 0.489710 0.314211
v 0.370891 -0.168725 0.669990
v 0.367534 -0.125245 0.685653
v 0.332692 0.895381 0.251993
v 0.274727 -0.652987 -0.796168
v 0.390848 0.501695 -0.419773
v 0.391476 0.449102 -0.422356
v 0.190909 0.713986 -0.253119
v 0.558505 -0.667356 -0.410867
v 0.461995 0.211016 0.074814
v 0.022297 0.716321 -0.394250
v 0.026432 0.744345 -0.344036
v 0.076579 0.712457 -0.352246
v 0.434173 0.834242 0.040800
v 0.144651 -0.745050 -0.071826
v 0.144651 -0.745050 -0.071826
v 0.162955 -0.739266 -0.073126
v 0.162955 -0.739266 -0.073126
v 0.394486 0.089314 -0.371889
v 0.413217 0.231921 0.015389
v 0.413217 0.231921 0.015389
v 0.590697 -0.085978 -0.263536
v 0.290508 0.139960 -0.498139
v 0.275454 0.126691 -0.569022
v 0.437211 -0.548856 -0.854250
v 0.492049 -0.991917 -0.546378
v 0.492049 -0.991917 -0.546378
v 0.360270 -0.530064 0.262719
v 0.007907 -0.743665 0.273080
v 0.710095 -0.516772 -0.572688
v 0.476711 0.038693 0.232065
v 0.331958 -0.379391 -0.890253
v 0.381201 0.243340 -0.003450
v 0.381201 0.243340 -0.003450
v 0.381201 0.243340 -0.003450
v 0.292600 0.094654 -0.620451
v 0.585912 -0.689674 -0.478956
v 0.585380 -0.619650 -0.128184
v 0.286298 -0.756786 -0.121962
v 0.464725 -0.744167 -0.145775
v 0.493695 0.599010 -0.225655
v 0.007400 -0.083576 0.792252
v 0.007400 -0.083576 0.792252
v 0.015158 -0.135314 0.790308
v 0.663486 0.405187 0.238242
v 0.683350 0.402749 0.197189
v 0.342548 0.463322 0.696737
v 0.044107 -0.378902 0.338656
v 0.705319 -0.430091 -0.550542
v 0.131924 0.326105 0.630337
v 0.131924 0.326105 0.630337
v 0.456421 0.085877 0.545945
v 0.620202 0.221479 0.140254
v 0.667324 -0.398905 -0.278897
v 0.024144 -0.761425 0.167406
v 0.613584 0.596453 -0.092821
v 0.492232 -0.199953 -0.798426
v 0.622116 0.284462 0.099371
v 0.537316 -0.117651 -0.709202
v 0.341339 -0.469383 0.273068
v 0.366891 -0.484618 0.256357
v 0.556954 -0.423567 0.093511
v 0.349411 0.698548 -0.278846
v 0.819239 0.109603 0.123364
v 0.845116 0.135062 0.166860
v 0.196089 0.777897 0.400853
v 0.377788 -0.282278 0.424882
v 0.428138 0.319122 0.410530
v 0.440684 0.304808 0.453945
v 0.547820 0.064554 0.301197
v 0.627156 0.054464 0.329730
v 0.613826 0.411787 0.289191
v 0.590731 0.382125 0.285369
v 0.506252 0.557564 -0.178787
v 0.222825 -0.512225 0.348276
v 0.608711 -0.602110 -0.696396
v 0.201538 0.682653 0.575818
v 0.459547 0.685946 -0.039034
v 0.314029 -0.746456 -0.090719
v 0.661119 0.302467 0.304179
v 0.458445 0.360501 0.290792
v 0.459983 0.299720 0.388192
v 0.291953 -0.127260 -0.816162
v 0.237647 -0.836696 -0.588568
v 0.572515 -0.598726 -0.004862
v 0.331405 -0.668241 -0.771490
v 0.086735 0.292988 0.680463
v 0.140224 0.270066 -0.318544
v 0.482798 0.363656 0.418590
v 0.298184 0.720228 0.521416
v 0.289332 -0.147780 -0.832001
v 0.736340 0.109133 0.428976
v 0.179914 -0.201455 -0.881929
v 0.055920 0.192444 0.704242
v 0.893902 0.009680 0.330635
v 0.323506 -0.706899 -0.721587
v 0.323506 -0.706899 -0.721587
v 0.551870 -0.601313 -0.746867
v 0.581844 0.416545 0.306655
v 0.584901 0.478348 -0.155836
v 0.369886 0.083334 -0.041766
v 0.373678 0.255343 -0.062961
v 0.413267 0.258456 -0.070960
v 0.614768 0.139420 0.401432
v 0.451472 -0.220727 -0.810136
v 0.428986 -0.148853 -0.779509
v 0.528955 -0.695943 -0.619870
v 0.068644 0.392763 -0.466131
v 0.104388 0.381975 -0.437937
v 0.505844 -0.052931 -0.655766
v 0.184075 -0.750803 -0.071397
v 0.212020 -0.738124 -0.069547
v 0.212020 -0.738124 -0.069547
v 0.470105 0.807443 0.310449
v 0.100606 0.653517 0.678076
v 0.170880 0.571935 -0.408594
v 0.235415 -0.993456 0.042481
v 0.253688 -0.993416 0.001684
v 0.253688 -0.993416 0.001684
v 0.253688 -0.993416 0.001684
v 0.412879 0.321788 0.395113
v 0.412879 0.321788 0.395113
v 0.538089 -0.715417 -0.152524
v 0.187763 0.222837 0.672156
v 0.787477 0.123839 0.441035
v 0.055915 0.870997 0.441736
v 0.763195 0.153094 0.454134
v 0.727679 0.139879 0.464673
v 0.666479 -0.313506 -0.595389
v 0.053985 -0.195904 0.788187
v 0.666040 -0.193952 -0.476774
v 0.558966 -0.026171 -0.421206
v 0.554043 -0.283904 -0.763715
v 0.291398 -0.907210 -0.025909
v 0.307292 -0.847715 0.006630
v 0.405327 0.883459 0.232725
v 0.432592 0.853261 0.282662
v 0.392664 0.031542 0.641190
v 0.404348 -0.007457 0.650902
v 0.066854 -0.753870 -0.014142
v 0.066854 -0.753870 -0.014142
v 0.495805 0.583296 -0.171854
v 0.223349 0.749949 -0.149032
v 0.342987 0.870147 0.300803
v 0.385420 0.849968 0.329299
v 0.262927 0.561932 -0.426258
v 0.202062 -0.326189 0.639103
v 0.471077 0.843235 0.243335
v 0.276602 -0.038352 0.729494
v 0.186215 0.936340 0.134123
v 0.627446 0.652743 0.043764
v 0.675836 -0.270699 -0.470516
v 0.078189 -0.758943 0.244404
v 0.062226 -0.750718 0.274167
v 0.146111 -0.821137 0.184841
v 0.275300 -0.208149 0.710664
v 0.109094 -0.761246 -0.138452
v 0.097976 -0.166009 -0.880015
v 0.520805 -0.246370 -0.789315
v 0.292410 0.115999 0.727473
v 0.279057 0.159572 0.720719
v 0.239679 -0.768767 0.183843
v 0.239679 -0.768767 0.183843
v 0.258936 -0.786245 0.166624
v 0.702629 0.404674 0.039375
v 0.477327 -0.670720 -0.039334
v 0.411773 0.515288 -0.406378
v 0.407911 0.335306 0.606138
v 0.246529 0.694194 -0.329064
v 0.222188 0.714328 -0.293090
v 0.287660 0.696400 -0.329569
v 0.103064 -0.993206 0.009249
v 0.103064 -0.993206 0.009249
v 0.094198 0.684036 -0.388054
v 0.143579 -0.906957 -0.072554
v 0.228973 -0.951842 -0.059835
v 0.269852 -0.302650 0.266433
v 0.269852 -0.302650 0.266433
v 0.296465 -0.993156 -0.611065
v 0.296465 -0.993156 -0.611065
v 0.296465 -0.993156 -0.611065
v 0.176878 -0.354896 0.345701
v 0.383562 0.225250 -0.130367
v 0.085391 -0.964340 0.016457
v 0.072462 0.528953 -0.492433
v 0.543911 -0.694395 -0.136054
v 0.585940 -0.695770 -0.209843
v 0.450754 -0.819456 -0.428031
v 0.429452 -0.508117 -0.874401
v 0.324235 0.593154 -0.415540
v 0.397302 -0.174527 -0.792601
v 0.125778 0.437162 -0.451965
v 0.341945 0.402025 -0.434836
v 0.327890 -0.993296 -0.636874
v 0.327890 -0.993296 -0.636874
v 0.187398 0.197352 -0.260230
v 0.350563 -0.993016 -0.417324
v 0.350563 -0.993016 -0.417324
v 0.350563 -0.993016 -0.417324
v 0.350563 -0.993016 -0.417324
v 0.486282 0.187040 0.375321
v 0.452821 0.345995 0.284317
v 0.452821 0.345995 0.284317
v 0.435088 0.198181 0.066881
v 0.233656 0.889579 0.131969
v 0.063418 -0.424994 -0.880535
v 0.538296 -0.105835 -0.120217
v 0.246029 -0.764766 -0.406469
v 0.623010 -0.387538 -0.085912
v 0.386713 -0.265527 -0.817820
v 0.436240 -0.065844 0.625092
v 0.929706 0.019592 0.280937
v 0.393189 -0.993096 -0.606279
v 0.048943 -0.382648 0.500816
v 0.717144 0.463126 0.071775
v 0.618257 -0.167466 -0.656754
v 0.468931 -0.636818 0.056361
v 0.561529 0.702594 0.203670
v 0.873643 0.131511 0.377789
v 0.472231 0.222242 0.026595
v 0.204104 -0.993446 0.155679
v 0.204104 -0.993446 0.155679
v 0.204104 -0.993446 0.155679
v 0.878935 0.166729 0.300680
v 0.286420 0.084494 -0.642537
v 0.435822 0.671335 -0.223917
v 0.124469 -0.193653 0.774730
v 0.506316 0.466618 0.394370
v 0.051388 0.572041 -0.485018
v 0.389546 0.711540 0.430287
v 0.216985 -0.112773 0.752847
v 0.131343 -0.993096 0.131884
v 0.396857 0.148046 0.601475
v 0.171610 0.657357 0.610224
v 0.408563 -0.215868 0.568215
v 0.649372 -0.148926 -0.333570
v 0.775726 0.024337 0.104955
v 0.689372 0.161783 0.469408
v 0.288416 -0.925133 -0.013068
v 0.650605 -0.198585 -0.251705
v 0.676214 -0.234086 -0.314802
v 0.421492 0.385479 0.631186
v 0.404375 0.189811 0.566952
v 0.487155 -0.624887 0.063501
v 0.505457 0.002402 -0.282772
v 0.485473 0.554407 0.559962
v 0.107064 0.357356 -0.419903
v 0.145963 -0.236853 0.746616
v 0.482668 0.103480 0.282208
v 0.541593 0.016092 0.225401
v 0.671462 -0.282575 -0.215025
v 0.303754 0.508359 0.702895
v 0.412086 -0.706742 -0.045030
v 0.047373 -0.386379 0.423526
v 0.304925 -0.909221 0.013527
v 0.344523 -0.924385 -0.401175
v 0.155010 -0.351099 0.316746
v 0.155010 -0.351099 0.316746
v 0.557767 0.406045 0.313220
v 0.707972 -0.035096 0.269908
v 0.358854 0.159993 -0.046742
v 0.368193 0.069330 -0.158702
v 0.326133 -0.850357 0.053868
v 0.638186 0.547602 -0.101639
v 0.551870 -0.148492 -0.726220
v 0.651769 -0.512476 -0.186149
v 0.824938 -0.033459 0.282918
v 0.540841 -0.663929 -0.090933
v 0.581074 0.186488 0.112672
v 0.646043 -0.592833 -0.292630
v 0.390612 -0.324805 -0.846336
v 0.692991 0.283118 0.361897
v 0.500927 0.025852 0.394098
v 0.413432 0.761324 -0.037118
v 0.327048 0.136010 -0.438820
v 0.650953 -0.607771 -0.271304
v 0.614491 -0.636185 -0.208545
v 0.902816 0.121599 0.345171
v 0.902816 0.121599 0.345171
v 0.446511 -0.079771 0.611972
v 0.159056 -0.729272 0.243546
v 0.604568 -0.675363 -0.618675
v 0.151391 -0.590619 0.376421
v 0.313956 0.243097 -0.053923
v 0.639493 -0.618255 -0.657440
v 0.648404 -0.646266 -0.615915
v 0.397093 -0.630752 0.131746
v 0.113497 0.245649 -0.237333
v 0.113497 0.245649 -0.237333
v 0.621305 -0.153575 -0.223754
v 0.594984 -0.464437 0.022702
v 0.667426 -0.342932 -0.579656
v 0.383779 -0.043432 -0.712957
v 0.532301 0.760477 0.084316
v 0.036696 0.731476 0.455716
v 0.103124 0.771181 0.446051
v 0.278197 0.903061 0.148535
v 0.161228 -0.360568 0.541836
v 0.550781 -0.758610 -0.567237
v 0.558131 -0.181522 -0.064015
v 0.110510 -0.764175 0.158214
v 0.526671 0.201496 0.121192
v 0.171010 -0.669505 -0.728217
v 0.604505 -0.093558 -0.553057
v 0.142900 0.402799 0.732745
v 0.156844 0.438717 0.725551
v 0.238596 0.743756 -0.176880
v 0.406457 -0.788111 -0.423785
v 0.273992 -0.919300 -0.460243
v 0.052258 -0.780904 0.016632
v 0.235297 -0.752988 -0.580510
v 0.235297 -0.752988 -0.580510
v 0.231105 -0.796323 -0.572028
v 0.708629 -0.561440 -0.548094
v 0.581496 0.216982 0.454566
v 0.783480 0.060917 0.095467
v 0.139123 -0.485323 0.372540
v 0.279974 0.705288 0.561649
v 0.463427 0.773768 0.356514
v 0.591419 0.596521 -0.102808
v 0.614665 -0.323702 -0.073534
v 0.354788 0.730273 -0.168155
v 0.491043 -0.236219 0.082024
v 0.341035 -0.666113 0.195325
v 0.625072 0.192713 0.463837
v 0.375502 -0.624325 -0.815813
v 0.425439 0.468929 -0.401616
v 0.256145 0.893280 0.264763
v 0.318613 0.153420 -0.063759
v 0.318613 0.153420 -0.063759
v 0.015902 0.610516 -0.483613
v 0.501395 0.387778 0.462861
v 0.566565 -0.245701 -0.757854
v 0.525406 -0.696403 -0.457545
v 0.672210 -0.283365 -0.543880
v 0.436967 -0.931284 -0.404116
v 0.154438 0.451773 -0.434240
v 0.925159 0.032086 0.308358
v 0.659408 -0.230276 -0.221232
v 0.618937 -0.620262 -0.385817
v 0.640596 -0.591558 -0.375004
v 0.604376 -0.512619 0.007762
v 0.122670 -0.565946 -0.789314
v 0.602317 -0.683278 -0.272129
v 0.619293 0.634404 0.179858
v 0.271531 0.043554 -0.709668
v 0.440531 0.656785 -0.258946
v 0.479378 -0.151018 0.030932
v 0.133266 -0.200752 -0.891688
v 0.084075 -0.650845 0.375232
v 0.485390 0.471255 -0.336190
v 0.110381 0.913220 0.371721
v 0.158451 0.485592 -0.440085
v 0.441199 -0.174335 0.567372
v 0.648682 -0.169272 -0.564311
v 0.286096 0.619689 -0.394095
v 0.493781 0.342706 -0.254355
v 0.021692 0.941829 -0.037149
v 0.421209 0.444780 0.654240
v 0.499406 0.215441 0.116814
v 0.078905 -0.046916 0.785435
v 0.338381 0.077762 -0.104378
v 0.086415 0.738967 -0.115766
v 0.008959 1.008404 0.211928
v 0.256254 0.510006 -0.442847
v 0.510876 0.103720 0.322130
v 0.102513 0.054706 0.762039
v 0.190666 0.661534 -0.364214
v 0.341227 0.126942 0.674534
v 0.285989 -0.610549 0.302846
v 0.464988 -0.610629 -0.802077
v 0.289740 0.801636 0.383505
v 0.376393 -0.237335 0.598782
v 0.196683 0.554320 0.694013
v 0.003744 1.005969 0.244697
v 0.643272 -0.162531 -0.513199
v 0.567909 0.673470 0.163288
v 0.659281 0.565525 -0.071021
v 0.325402 0.622548 -0.394640
v 0.073346 -0.153711 0.785243
v 0.558331 -0.723560 -0.573482
v 0.558331 -0.723560 -0.573482
v 0.725569 0.077525 0.088805
v 0.659975 -0.229183 -0.238555
v 0.116684 0.307492 0.671259
v 0.362341 -0.680619 0.005005
v 0.130792 0.960288 0.046649
v 0.699600 -0.437553 -0.594835
v 0.352719 0.246922 -0.019628
v 0.006383 0.005726 0.799906
v 0.000002 0.216561 -0.436941
v 0.000002 0.216561 -0.436941
v 0.000002 0.222533 -0.280596
v 0.000002 0.222533 -0.280596
v 0.000002 0.226480 -0.290387
v 0.000002 0.226480 -0.290387
v 0.000002 -0.768398 -0.102676
v 0.000002 -0.768398 -0.102676
v 0.000002 -0.787308 -0.228303
v 0.000002 -0.787308 -0.228303
v -0.000002 0.034653 0.789693
v -0.000002 0.034653 0.789693
v 0.000002 0.176021 -0.577399
v 0.000002 0.176021 -0.577399
v 0.000002 -0.762588 0.125760
v 0.000002 -0.762588 0.125760
v 0.000002 -0.314567 0.710731
v 0.000002 -0.314567 0.710731
v 0.000002 -0.384353 0.350239
v 0.000002 -0.384353 0.350239
v 0.000002 -0.384353 0.350239
v 0.000002 -0.384353 0.350239
v 0.000002 0.271383 0.680736
v 0.000002 0.271383 0.680736
v 0.000002 0.271383 0.680736
v 0.000002 0.271383 0.680736
v 0.000002 -0.573692 -0.805521
v 0.000002 -0.573692 -0.805521
v 0.000002 0.753116 0.466060
v 0.000002 0.753116 0.466060
v 0.000002 -0.202788 -0.893747
v 0.000002 -0.202788 -0.893747
v 0.000002 -0.193713 -0.892413
v 0.000002 -0.193713 -0.892413
v 0.000002 0.180456 -0.566764
v 0.000002 0.180456 -0.566764
v 0.000002 0.468768 0.793832
v 0.000002 0.468768 0.793832
v 0.000002 0.266053 0.682630
v 0.000002 0.266053 0.682630
v 0.000002 0.193024 -0.530035
v 0.000002 0.193024 -0.530035
v 0.000002 0.579632 0.772200
v 0.000002 0.579632 0.772200
v -0.000040 0.018128 0.799826
v -0.000040 0.018128 0.799826
v 0.000002 -0.382321 0.518455
v 0.000002 -0.382321 0.518455
v 0.000002 0.773371 -0.189187
v 0.000002 0.773371 -0.189187
v 0.000002 0.772880 -0.240209
v 0.000002 0.772880 -0.240209
v 0.000351 -0.050450 0.800486
v 0.000351 -0.050450 0.800486
v 0.000002 0.397431 0.787917
v 0.000002 0.397431 0.787917
v 0.000002 0.771948 -0.158429
v 0.000002 0.771948 -0.158429
v 0.000002 0.655410 -0.453568
v 0.000002 0.655410 -0.453568
v 0.000002 0.362866 -0.467122
v 0.000002 0.362866 -0.467122
v 0.000002 -0.785221 -0.217254
v 0.000002 -0.785221 -0.217254
v 0.000002 0.610231 -0.484957
v 0.000002 0.610231 -0.484957
v 0.000002 0.550072 -0.498741
v 0.000002 0.550072 -0.498741
v 0.000002 -0.430341 -0.885902
v 0.000002 -0.430341 -0.885902
v 0.000002 -0.374905 -0.900645
v 0.000002 -0.374905 -0.900645
v 0.000002 -0.408238 -0.890914
v 0.000002 -0.408238 -0.890914
v 0.000002 0.740961 0.476749
v 0.000002 0.740961 0.476749
v 0.000002 -0.019118 -0.820400
v 0.000002 -0.019118 -0.820400
v 0.000002 0.920091 -0.059260
v 0.000002 0.920091 -0.059260
v 0.000002 0.944502 -0.037907
v 0.000002 0.944502 -0.037907
v 0.000002 -0.027316 -0.824879
v 0.000002 -0.027316 -0.824879
v 0.000002 -0.206503 0.788248
v 0.000002 -0.206503 0.788248
v 0.000002 0.637907 -0.466655
v 0.000002 0.637907 -0.466655
v 0.000002 0.495568 -0.506659
v 0.000002 0.495568 -0.506659
v 0.000002 -0.533426 0.372362
v 0.000002 -0.533426 0.372362
v 0.000002 -0.779172 -0.323391
v 0.000002 -0.779172 -0.323391
v 0.000002 -0.645001 -0.715688
v 0.000002 -0.645001 -0.715688
v 0.000002 0.546673 0.784238
v 0.000002 0.546673 0.784238
v 0.000002 -0.743555 0.268516
v 0.000002 -0.743555 0.268516
v 0.000002 0.347869 0.768397
v 0.000002 0.347869 0.768397
v 0.000002 0.976910 0.013588
v 0.000002 0.976910 0.013588
v -0.000153 -0.195645 0.794109
v -0.000153 -0.195645 0.794109
v 0.000380 -0.077932 0.796918
v 0.000380 -0.077932 0.796918
v 0.000380 -0.077932 0.796918
v 0.000380 -0.077932 0.796918
v 0.000002 0.889269 -0.087866
v 0.000002 0.889269 -0.087866
v 0.000002 -0.032938 -0.828209
v 0.000002 -0.032938 -0.828209
v 0.000002 -0.121979 -0.867818
v 0.000002 -0.121979 -0.867818
v 0.000002 0.119641 -0.693476
v 0.000002 0.119641 -0.693476
v 0.000002 0.280770 -0.387598
v 0.000002 0.280770 -0.387598
v 0.000002 -0.358885 0.621250
v 0.000002 -0.358885 0.621250
v 0.000002 -0.092393 -0.854064
v 0.000002 -0.092393 -0.854064
v 0.000002 -0.114538 -0.864002
v 0.000002 -0.114538 -0.864002
v 0.000002 0.271966 -0.370090
v 0.000002 0.271966 -0.370090
v 0.000002 0.909530 0.424325
v 0.000002 0.909530 0.424325
v 0.000002 0.343476 0.766043
v 0.000002 0.343476 0.766043
v 0.000002 0.996737 0.066154
v 0.000002 0.996737 0.066154
v 0.000002 0.743107 0.493360
v 0.000002 0.743107 0.493360
v 0.000002 1.000125 0.274756
v 0.000002 1.000125 0.274756
v 0.000002 -0.762928 0.046353
v 0.000002 -0.762928 0.046353
v 0.000002 0.122419 -0.690071
v 0.000002 0.122419 -0.690071
v 0.000002 0.767963 -0.136105
v 0.000002 0.767963 -0.136105
v 0.000002 1.006436 0.246853
v 0.000002 1.006436 0.246853
v 0.000002 -0.656590 -0.700797
v 0.000002 -0.656590 -0.700797
v 0.000002 0.981799 0.328102
v 0.000002 0.981799 0.328102
v 0.000002 -0.387914 0.456251
v 0.000002 -0.387914 0.456251
v 0.000002 0.867187 -0.099743
v 0.000002 0.867187 -0.099743
v 0.000036 0.002682 0.796685
v 0.000036 0.002682 0.796685
v 0.000036 0.002682 0.796685
v 0.000036 0.002682 0.796685
v 0.000002 -0.739057 -0.536307
v 0.000002 -0.739057 -0.536307
v 0.000002 -0.164204 0.793388
v 0.000002 -0.164204 0.793388
v 0.000002 0.696110 0.674869
v 0.000002 0.696110 0.674869
v 0.000002 -0.651983 -0.709447
v 0.000002 -0.651983 -0.709447
v 0.000002 -0.388830 0.436757
v 0.000002 -0.388830 0.436757
v 0.000002 0.953646 -0.021621
v 0.000002 0.953646 -0.021621
v 0.000002 -0.597073 -0.768481
v 0.000002 -0.597073 -0.768481
v 0.000002 0.297364 0.726635
v 0.000002 0.297364 0.726635
v 0.000002 0.292066 0.721615
v 0.000002 0.292066 0.721615
v 0.000002 -0.616882 0.367611
v 0.000002 -0.616882 0.367611
v 0.000002 -0.658320 0.356224
v 0.000002 -0.658320 0.356224
v 0.000002 0.425349 0.793841
v 0.000002 0.425349 0.793841
v 0.000002 0.025628 -0.795143
v 0.000002 0.025628 -0.795143
v 0.000002 -0.602726 -0.761968
v 0.000002 -0.602726 -0.761968
v 0.000002 -0.590203 -0.775625
v 0.000002 -0.590203 -0.775625
v 0.001002 -0.129153 0.794257
v 0.001002 -0.129153 0.794257
v -0.000165 -0.096477 0.794597
v -0.000165 -0.096477 0.794597
v 0.000002 -0.300101 0.725910
v 0.000002 -0.300101 0.725910
v 0.000002 -0.369548 0.588897
v 0.000002 -0.369548 0.588897
v 0.000002 0.047336 0.770291
v 0.000002 0.047336 0.770291
v 0.000002 0.768565 0.468262
v 0.000002 0.768565 0.468262
v 0.000002 -0.774404 -0.155943
v 0.000002 -0.774404 -0.155943
v 0.000002 -0.531820 -0.838295
v 0.000002 -0.531820 -0.838295
v 0.000002 -0.501773 -0.857780
v 0.000002 -0.501773 -0.857780
v 0.000002 -0.325525 -0.904432
v 0.000002 -0.325525 -0.904432
v 0.000002 -0.763042 0.117294
v 0.000002 -0.763042 0.117294
v 0.000002 0.499871 -0.506103
v 0.000002 0.499871 -0.506103
v 0.000002 -0.480915 0.366018
v 0.000002 -0.480915 0.366018
v 0.000002 -0.380991 0.339796
v 0.000002 -0.380991 0.339796
v 0.000002 0.035679 0.785486
v 0.000002 0.035679 0.785486
v 0.000002 -0.755594 0.195805
v 0.000002 -0.755594 0.195805
v 0.000002 -0.753844 0.226375
v 0.000002 -0.753844 0.226375
v 0.000002 0.751016 0.538526
v 0.000002 0.751016 0.538526
v 0.000002 0.289630 0.716625
v 0.000002 0.289630 0.716625
v 0.000002 -0.425935 0.351251
v 0.000002 -0.425935 0.351251
v 0.000002 -0.673334 -0.659762
v 0.000002 -0.673334 -0.659762
v 0.000002 -0.762387 0.094363
v 0.000002 -0.762387 0.094363
v 0.000002 0.775918 -0.134171
v 0.000002 0.775918 -0.134171
v 0.000002 0.783165 0.472272
v 0.000002 0.783165 0.472272
v 0.000002 -0.066722 -0.846748
v 0.000002 -0.066722 -0.846748
v 0.000002 -0.067980 -0.846499
v 0.000002 -0.067980 -0.846499
v 0.000002 0.434206 0.794461
v 0.000002 0.434206 0.794461
v 0.000002 0.532707 -0.502947
v 0.000002 0.532707 -0.502947
v 0.000002 -0.755646 -0.472822
v 0.000002 -0.755646 -0.472822
v 0.000002 0.766266 -0.296186
v 0.000002 0.766266 -0.296186
v 0.000002 -0.373031 0.578471
v 0.000002 -0.373031 0.578471
v 0.000002 -0.408027 0.346771
v 0.000002 -0.408027 0.346771
v 0.000002 0.984595 0.025174
v 0.000002 0.984595 0.025174
v 0.000002 0.709788 0.656206
v 0.000002 0.709788 0.656206
v 0.000002 -0.607956 -0.755840
v 0.000002 -0.607956 -0.755840
v 0.000002 0.756553 -0.321465
v 0.000002 0.756553 -0.321465
v 0.000002 0.654432 0.720528
v 0.000002 0.654432 0.720528
v 0.000002 0.828872 -0.119149
v 0.000002 0.828872 -0.119149
v 0.000002 -0.018208 0.797169
v 0.000002 -0.018208 0.797169
v 0.000002 0.183084 0.714682
v 0.000002 0.183084 0.714682
v 0.000002 -0.516694 -0.853219
v 0.000002 -0.516694 -0.853219
v 0.000002 -0.761588 -0.428289
v 0.000002 -0.761588 -0.428289
v 0.000002 0.490130 -0.505885
v 0.000002 0.490130 -0.505885
v 0.000002 -0.041955 0.799422
v 0.000002 -0.041955 0.799422
v 0.000002 0.639739 0.733512
v 0.000002 0.639739 0.733512
v 0.000002 -0.314156 -0.905839
v 0.000002 -0.314156 -0.905839
v 0.000002 0.745585 0.579808
v 0.000002 0.745585 0.579808
v 0.000002 0.991215 0.046395
v 0.000002 0.991215 0.046395
v 0.000002 0.125541 -0.684943
v 0.000002 0.125541 -0.684943
v 0.000002 0.715821 0.647626
v 0.000002 0.715821 0.647626
v 0.001371 -0.075103 0.795098
v 0.001371 -0.075103 0.795098
v 0.000002 -0.773481 -0.145052
v 0.000002 -0.773481 -0.145052
v 0.000002 0.612782 0.754893
v 0.000002 0.612782 0.754893
v 0.000002 0.218609 -0.405699
v 0.000002 0.218609 -0.405699
v 0.000002 0.413961 -0.492316
v 0.000002 0.413961 -0.492316
v 0.000002 0.062239 0.762178
v 0.000002 0.062239 0.762178
v 0.000002 0.062239 0.762178
v 0.000002 0.062239 0.762178
v 0.000002 0.092038 0.748891
v 0.000002 0.092038 0.748891
v 0.000002 0.222237 -0.285549
v 0.000002 0.222237 -0.285549
v 0.000002 -0.381371 0.342732
v 0.000002 -0.381371 0.342732
v 0.000002 0.874498 0.443774
v 0.000002 0.874498 0.443774
v 0.000002 0.851929 0.458044
v 0.000002 0.851929 0.458044
v 0.000002 -0.786889 -0.240278
v 0.000002 -0.786889 -0.240278
v 0.000002 0.752058 0.555497
v 0.000002 0.752058 0.555497
v 0.000002 0.772419 0.471080
v 0.000002 0.772419 0.471080
v 0.000002 -0.765142 -0.050391
v 0.000002 -0.765142 -0.050391
v 0.000002 -0.444988 -0.880189
v 0.000002 -0.444988 -0.880189
v -0.000124 0.033591 0.791557
v -0.000124 0.033591 0.791557
v 0.000002 1.007384 0.239642
v 0.000002 1.007384 0.239642
v 0.000002 0.421187 0.794307
v 0.000002 0.421187 0.794307
v 0.000002 0.773964 -0.277843
v 0.000002 0.773964 -0.277843
v 0.000002 0.220797 -0.329141
v 0.000002 0.220797 -0.329141
v 0.000002 0.219989 -0.388792
v 0.000002 0.219989 -0.388792
v 0.000002 0.222020 -0.302926
v 0.000002 0.222020 -0.302926
v 0.000002 -0.010576 0.793586
v 0.000002 -0.010576 0.793586
v 0.000002 -0.005265 0.795703
v 0.000002 -0.005265 0.795703
v 0.000002 -0.005265 0.795703
v 0.000002 -0.005265 0.795703
v 0.000002 -0.005265 0.795703
v 0.000002 -0.005265 0.795703
v 0.000002 -0.664836 0.353868
v 0.000002 -0.664836 0.353868
v 0.000002 -0.235627 0.770433
v 0.000002 -0.235627 0.770433
v 0.000002 1.010234 0.213903
v 0.000002 1.010234 0.213903
v 0.000002 0.230645 -0.294456
v 0.000002 0.230645 -0.294456
v 0.000002 -0.336895 0.686587
v 0.000002 -0.336895 0.686587
v 0.000002 0.952057 0.376682
v 0.000002 0.952057 0.376682
v 0.000002 0.965101 0.354706
v 0.000002 0.965101 0.354706
v 0.000002 -0.385417 0.360544
v 0.000002 -0.385417 0.360544
v 0.000002 -0.388425 0.392285
v 0.000002 -0.388425 0.392285
v 0.000002 0.569330 0.777779
v 0.000002 0.569330 0.777779
v 0.000002 -0.497402 0.367557
v 0.000002 -0.497402 0.367557
v 0.000002 -0.748089 0.256833
v 0.000002 -0.748089 0.256833
v -0.000180 0.030339 0.794949
v -0.000180 0.030339 0.794949
v 0.000002 -0.763257 -0.028738
v 0.000002 -0.763257 -0.028738
v 0.000002 0.049156 -0.772682
v 0.000002 0.049156 -0.772682
v 0.000002 0.742454 0.590976
v 0.000002 0.742454 0.590976
v 0.000002 0.750360 0.521507
v 0.000002 0.750360 0.521507
v 0.000002 -0.784085 -0.300681
v 0.000002 -0.784085 -0.300681
v 0.000002 0.197666 -0.514996
v 0.000002 0.197666 -0.514996
v 0.000002 0.194203 -0.525972
v 0.000002 0.194203 -0.525972
v 0.000002 0.406221 -0.488547
v 0.000002 0.406221 -0.488547
v 0.000002 -0.284897 -0.905675
v 0.000002 -0.284897 -0.905675
v 0.000002 0.094528 -0.726606
v 0.000002 0.094528 -0.726606
v 0.000002 0.734122 0.610362
v 0.000002 0.734122 0.610362
v 0.000002 -0.707474 -0.592856
v 0.000002 -0.707474 -0.592856
v 0.000002 -0.662184 0.355122
v 0.000002 -0.662184 0.355122
v 0.000002 -0.777683 -0.331348
v 0.000002 -0.777683 -0.331348
v 0.000002 1.011495 0.132991
v 0.000002 1.011495 0.132991
v 0.000002 1.010897 0.157010
v 0.000002 1.010897 0.157010
v 0.000002 0.358205 0.773398
v 0.000002 0.358205 0.773398
v 0.000002 0.961912 -0.007387
v 0.000002 0.961912 -0.007387
v 0.000002 -0.280742 0.744847
v 0.000002 -0.280742 0.744847
v 0.000002 -0.539969 0.372476
v 0.000002 -0.539969 0.372476
v 0.000002 0.987171 0.314406
v 0.000002 0.987171 0.314406
v 0.000002 0.820379 0.465490
v 0.000002 0.820379 0.465490
v 0.000002 -0.183739 -0.889100
v 0.000002 -0.183739 -0.889100
v 0.000002 0.139143 -0.657678
v 0.000002 0.139143 -0.657678
v 0.000002 1.001246 0.082852
v 0.000002 1.001246 0.082852
v 0.000002 0.712077 -0.404656
v 0.000002 0.712077 -0.404656
v 0.000002 -0.389054 0.401744
v 0.000002 -0.389054 0.401744
v 0.000002 -0.769722 -0.384879
v 0.000002 -0.769722 -0.384879
v 0.000002 0.216056 -0.448296
v 0.000002 0.216056 -0.448296
v 0.000002 0.773108 -0.265896
v 0.000002 0.773108 -0.265896
v 0.000002 -0.551112 0.371353
v 0.000002 -0.551112 0.371353
v 0.000002 -0.413175 0.348369
v 0.000002 -0.413175 0.348369
v 0.000002 1.011003 0.191515
v 0.000002 1.011003 0.191515
v 0.000002 0.502942 0.792813
v 0.000002 0.502942 0.792813
v 0.000002 -0.218325 -0.903740
v 0.000002 -0.218325 -0.903740
v 0.000002 -0.352489 0.640717
v 0.000002 -0.352489 0.640717
v 0.000002 0.239471 -0.311653
v 0.000002 0.239471 -0.311653
v 0.000002 0.239471 -0.311653
v 0.000002 0.239471 -0.311653
v 0.000002 0.745508 -0.353472
v 0.000002 0.745508 -0.353472
v 0.000002 -0.762404 0.015335
v 0.000002 -0.762404 0.015335
v 0.000002 -0.762691 0.031984
v 0.000002 -0.762691 0.031984
v 0.000002 0.930943 0.400361
v 0.000002 0.930943 0.400361
v 0.000002 0.644968 -0.462451
v 0.000002 0.644968 -0.462451
v 0.000002 0.737209 0.463356
v 0.000002 0.737209 0.463356
v 0.000089 0.023001 0.799476
v 0.000089 0.023001 0.799476
v 0.000002 0.733561 -0.374116
v 0.000002 0.733561 -0.374116
v 0.000002 0.442555 0.794787
v 0.000002 0.442555 0.794787
v 0.000002 0.090936 -0.730761
v 0.000002 0.090936 -0.730761
v 0.000002 0.768262 -0.139886
v 0.000002 0.768262 -0.139886
v 0.000002 -0.265456 0.753277
v 0.000002 -0.265456 0.753277
v 0.000002 0.220486 -0.355200
v 0.000002 0.220486 -0.355200
v 0.000002 -0.189854 -0.890996
v 0.000002 -0.189854 -0.890996
v 0.000002 -0.385577 0.498669
v 0.000002 -0.385577 0.498669
v 0.000002 0.251674 0.688044
v 0.000002 0.251674 0.688044
v 0.000161 -0.071799 0.797678
v 0.000161 -0.071799 0.797678
v 0.000002 0.142494 0.729088
v 0.000002 0.142494 0.729088
v 0.000002 0.121913 0.737058
v 0.000002 0.121913 0.737058
v 0.000128 -0.064746 0.799440
v 0.000128 -0.064746 0.799440
v 0.000002 -0.761908 0.160068
v 0.000002 -0.761908 0.160068
v 0.000002 1.011071 0.123599
v 0.000002 1.011071 0.123599
v 0.000002 0.044604 -0.777498
v 0.000002 0.044604 -0.777498
v 0.000002 0.286659 0.711458
v 0.000002 0.286659 0.711458
v 0.000002 0.686646 0.687416
v 0.000002 0.686646 0.687416
v 0.000002 -0.275125 -0.905611
v 0.000002 -0.275125 -0.905611
v 0.000002 -0.681866 -0.643163
v 0.000002 -0.681866 -0.643163
v 0.000002 0.524244 0.789493
v 0.000002 0.524244 0.789493
v 0.000002 0.709185 -0.409956
v 0.000002 0.709185 -0.409956
v 0.000002 0.724843 0.633574
v 0.000002 0.724843 0.633574
v -0.000029 0.012118 0.799809
v -0.000029 0.012118 0.799809
v -0.000029 0.012118 0.799809
v -0.000029 0.012118 0.799809
v -0.000029 0.012118 0.799809
v -0.000029 0.012118 0.799809
v 0.000002 -0.745368 -0.524889
v 0.000002 -0.745368 -0.524889
v 0.000002 -0.747639 -0.511833
v 0.000002 -0.747639 -0.511833
v 0.000002 -0.738282 0.282438
v 0.000002 -0.738282 0.282438
v 0.000002 -0.725217 0.305450
v 0.000002 -0.725217 0.305450
v 0.000002 -0.670719 0.349323
v 0.000002 -0.670719 0.349323
v -0.482471 0.138922 0.335885
v -0.482471 0.138922 0.335885
v -0.638011 -0.296762 -0.664338
v -0.122976 0.234901 -0.235007
v -0.122976 0.234901 -0.235007
v -0.122976 0.234901 -0.235007
v -0.247382 0.171005 -0.196828
v -0.226959 0.192553 -0.206216
v -0.226959 0.192553 -0.206216
v -0.623159 0.287049 0.055611
v -0.670073 0.334961 0.028624
v -0.667198 0.329683 0.077300
v -0.642764 0.305384 0.017383
v -0.477128 0.220878 0.409844
v -0.519279 0.269537 0.439475
v -0.517768 0.232519 0.435905
v -0.013859 0.947924 0.378211
v -0.123014 0.210565 -0.341180
v -0.172414 0.205081 -0.351914
v -0.088318 0.214566 -0.372631
v -0.251667 0.267617 0.619109
v -0.450295 0.208055 0.108618
v -0.450295 0.208055 0.108618
v -0.470189 0.190312 0.135689
v -0.470189 0.190312 0.135689
v -0.492127 0.194521 0.123933
v -0.468463 0.480197 0.334145
v -0.470410 0.492174 0.341423
v -0.459986 0.477757 0.334774
v -0.339292 0.268012 -0.026307
v -0.351549 0.265290 -0.035686
v -0.060832 -0.842959 0.096593
v -0.084278 -0.924493 0.143765
v -0.313939 0.112255 -0.163890
v -0.257837 0.009997 0.721646
v -0.313511 0.032159 0.685210
v -0.313511 0.032159 0.685210
v -0.357668 -0.778080 -0.209156
v -0.364718 -0.781223 -0.294857
v -0.600355 0.321889 -0.074913
v -0.677292 -0.297988 -0.497065
v -0.470760 -0.706335 -0.694102
v -0.470760 -0.706335 -0.694102
v -0.457643 -0.117079 0.025119
v -0.360023 0.283341 0.536661
v -0.360023 0.283341 0.536661
v -0.392737 0.288672 0.512635
v -0.693730 -0.489627 -0.393527
v -0.339896 0.668585 0.591006
v -0.371712 0.665832 0.573617
v -0.259361 -0.948576 -0.034789
v -0.254037 -0.969529 -0.015457
v -0.195574 0.328511 0.607978
v -0.195574 0.328511 0.607978
v -0.082945 0.421325 0.774049
v -0.600410 0.552369 0.287760
v -0.549434 0.589119 0.290627
v -0.400328 0.035018 -0.586145
v -0.223606 0.065418 -0.705941
v -0.263358 0.005005 -0.752666
v -0.326900 -0.009398 -0.705397
v -0.431414 0.576196 0.609179
v -0.432161 0.542651 0.626504
v -0.108391 -0.959309 -0.014264
v -0.141073 -0.956970 -0.053200
v -0.140148 -0.971315 -0.036194
v -0.340882 0.831824 -0.008169
v -0.386911 0.820035 -0.009624
v -0.368883 0.792278 -0.037582
v -0.735949 0.006881 0.327136
v -0.766022 -0.034067 0.279954
v -0.810278 0.009003 0.349620
v -0.061181 0.888566 -0.071615
v -0.692695 -0.539933 -0.618431
v -0.407079 -0.070475 0.660386
v -0.413269 -0.138809 0.647946
v -0.276573 -0.247316 0.693267
v -0.464090 0.036473 -0.445135
v -0.498206 0.012208 -0.450719
v -0.169949 0.693502 0.523791
v -0.501703 -0.925777 -0.464154
v -0.517643 -0.929583 -0.520621
v -0.020758 0.768480 -0.155229
v -0.042562 0.762863 -0.223905
v -0.512357 -0.914319 -0.598439
v -0.514778 -0.830819 -0.630049
v -0.568563 -0.602215 0.001319
v -0.427028 0.056707 0.606834
v -0.457418 -0.016678 0.581816
v -0.408219 0.265714 0.473693
v -0.382081 0.288350 0.509267
v -0.382081 0.288350 0.509267
v -0.035459 0.419858 -0.488736
v -0.061595 0.497971 -0.497447
v -0.071895 0.423372 -0.482448
v -0.170201 0.082765 -0.709775
v -0.419730 -0.418472 0.209031
v -0.238347 0.697419 0.564589
v -0.362752 -0.823746 -0.424248
v -0.348384 -0.806610 -0.423853
v -0.769159 0.241029 0.286673
v -0.595735 -0.552374 -0.010903
v -0.519708 0.430876 -0.258472
v -0.506179 0.400756 -0.284265
v -0.245063 0.042593 0.712046
v -0.245063 0.042593 0.712046
v -0.155397 -0.254275 0.733781
v -0.230155 0.117112 -0.621656
v -0.171828 0.169543 -0.557050
v -0.374031 -0.003424 -0.671451
v -0.440742 -0.041456 -0.695085
v -0.735526 0.111572 0.095852
v -0.789537 0.126183 0.121428
v -0.347711 -0.264984 0.254218
v -0.671210 -0.404625 -0.311006
v -0.665027 -0.440913 -0.310179
v -0.424754 0.627445 0.568962
v -0.445262 0.629148 0.536480
v -0.744192 0.183048 0.158023
v -0.706434 0.216374 0.176952
v -0.785610 0.185887 0.185903
v -0.315933 -0.196694 0.696522
v -0.310673 -0.142018 0.714771
v -0.266972 -0.911333 -0.469812
v -0.666056 0.399528 -0.065742
v -0.667689 0.432036 -0.081644
v -0.826650 -0.024239 0.175976
v -0.884966 -0.019206 0.205876
v -0.113578 0.983136 0.216838
v -0.579974 -0.675942 -0.160337
v -0.692499 -0.234129 -0.413781
v -0.666480 -0.174898 -0.385976
v -0.507331 0.542272 0.419586
v -0.506710 0.553266 0.444586
v -0.517937 0.480332 0.463652
v -0.152821 0.214056 -0.231097
v -0.498694 0.526948 -0.301045
v -0.317075 0.288834 0.610896
v -0.330375 0.284165 0.565009
v -0.330375 0.284165 0.565009
v -0.343957 0.293656 0.600910
v -0.320524 -0.790783 -0.286907
v -0.699499 -0.586267 -0.488178
v -0.462617 -0.165697 0.363311
v -0.646222 -0.293260 -0.159878
v -0.652291 -0.380832 -0.157699
v -0.675121 -0.314764 -0.208216
v -0.391122 0.260547 -0.060061
v -0.366964 0.260022 -0.026551
v -0.079983 -0.773348 0.133541
v -0.085323 -0.753238 0.142677
v -0.085323 -0.753238 0.142677
v -0.401341 -0.656247 0.057317
v -0.379331 -0.676579 0.090537
v -0.620309 -0.431097 -0.028266
v -0.623864 -0.494345 -0.041099
v -0.571625 0.035858 0.160679
v -0.529452 0.111003 0.119071
v -0.485280 -0.752629 -0.191910
v -0.268828 -0.848277 -0.049769
v -0.466737 0.519759 0.344684
v -0.490355 0.484592 0.360696
v -0.448738 -0.672210 -0.734565
v -0.471757 -0.652184 -0.743493
v -0.485061 -0.666777 -0.721131
v -0.642531 -0.361474 -0.646996
v -0.659785 -0.385110 -0.636769
v -0.324838 -0.000639 0.698998
v -0.447811 -0.196403 0.483605
v -0.836120 0.064745 0.113582
v -0.325728 0.146838 0.704560
v -0.541419 -0.059647 -0.204704
v -0.547267 0.252387 0.442143
v -0.541200 0.304994 0.418628
v -0.492430 0.586254 0.475204
v -0.476995 0.595926 0.517318
v -0.506674 0.542390 0.502465
v -0.110101 0.279501 -0.310069
v -0.419806 -0.625489 0.078734
v -0.657508 -0.653515 -0.490810
v -0.838617 0.179133 0.383404
v -0.888692 0.140166 0.350714
v -0.858640 0.179308 0.336200
v -0.488774 0.399787 -0.319824
v -0.351646 -0.534596 -0.888228
v -0.362475 -0.589495 -0.870290
v -0.447497 -0.037603 0.150263
v -0.421735 -0.043357 0.103525
v -0.641894 -0.129581 -0.429355
v -0.283966 -0.723926 0.153564
v -0.283966 -0.723926 0.153564
v -0.311485 -0.709524 0.163913
v -0.470305 -0.695933 -0.067376
v -0.182566 -0.720062 -0.676336
v -0.520079 -0.200450 -0.781869
v -0.011583 0.222611 -0.261882
v -0.011583 0.222611 -0.261882
v -0.229003 -0.429755 -0.883406
v -0.696122 0.167525 0.119783
v -0.311899 0.197407 -0.207394
v -0.376312 0.216371 -0.203244
v -0.315448 0.189639 -0.118418
v -0.027952 0.724955 0.627075
v -0.069454 0.716008 0.620054
v -0.416786 0.500014 0.654318
v -0.458833 0.355624 0.375969
v -0.457413 0.333186 0.404836
v -0.588223 -0.361819 0.016646
v -0.555040 -0.322668 0.055868
v -0.681190 0.596790 0.042512
v -0.008480 0.031051 0.793827
v -0.005591 0.018780 0.798540
v -0.005591 0.018780 0.798540
v -0.005591 0.018780 0.798540
v -0.370734 -0.255514 0.267020
v -0.227578 -0.343564 0.348807
v -0.612753 -0.683750 -0.538707
v -0.021244 0.769049 -0.281548
v -0.607504 -0.669363 -0.289362
v -0.575075 -0.671525 -0.339092
v -0.347357 0.097804 -0.515934
v -0.229997 0.716864 0.469772
v -0.300173 0.720035 0.481430
v -0.250580 -0.253259 -0.872589
v -0.618338 -0.633492 -0.184054
v -0.512275 -0.505465 -0.806618
v -0.542060 -0.551830 -0.772271
v -0.208094 0.849253 0.317920
v -0.171425 0.879483 0.348368
v -0.203808 0.828332 0.347430
v -0.103052 -0.368859 -0.892538
v -0.095182 -0.333607 -0.901515
v -0.045105 -0.370657 0.574910
v -0.046418 1.003180 0.236337
v -0.590630 -0.515767 0.029426
v -0.381598 0.336963 -0.392450
v -0.253841 -0.729617 -0.663902
v -0.253841 -0.729617 -0.663902
v -0.551933 0.742796 0.142514
v -0.560346 0.704095 0.146623
v -0.244208 0.655765 -0.371906
v -0.256012 0.653548 -0.375951
v -0.040888 -0.758171 -0.029899
v -0.064128 -0.755569 -0.023330
v -0.064128 -0.755569 -0.023330
v -0.573581 0.004124 0.198176
v -0.168360 0.655809 -0.364632
v -0.174815 0.678979 -0.324423
v -0.489385 -0.665992 -0.704835
v -0.494597 -0.689339 -0.666690
v -0.371425 0.484605 0.689262
v -0.329111 -0.708712 -0.030438
v -0.232250 -0.869831 -0.074985
v -0.143769 -0.866228 -0.073585
v -0.251831 0.171337 -0.180036
v -0.251831 0.171337 -0.180036
v -0.127841 0.694140 0.591580
v -0.118420 0.706564 0.546535
v -0.207451 0.487216 0.702964
v -0.173084 0.523714 0.696416
v -0.715319 0.490989 0.116085
v -0.023192 -0.477704 -0.863358
v -0.076633 -0.450804 -0.871411
v -0.306071 0.262119 -0.356570
v -0.357299 0.291721 -0.366549
v -0.210619 0.771631 -0.027493
v -0.249367 0.832744 -0.000572
v -0.264422 0.781699 -0.032344
v -0.463701 0.179784 0.466539
v -0.434494 0.184096 0.518827
v -0.460019 0.111972 0.510861
v -0.397024 -0.383606 -0.885329
v -0.171725 -0.370438 -0.878958
v -0.465668 -0.742150 -0.443953
v -0.465668 -0.742150 -0.443953
v -0.475819 -0.811571 -0.446520
v -0.312998 0.650707 0.621091
v -0.003902 0.230669 -0.294408
v -0.003902 0.230669 -0.294408
v -0.309737 0.309508 0.631275
v -0.711424 -0.534925 -0.487945
v -0.464971 -0.725617 -0.103102
v -0.524946 -0.709996 -0.126343
v -0.516393 -0.679722 -0.082116
v -0.449357 0.809354 0.019642
v -0.583384 -0.059404 -0.470439
v -0.599067 -0.070293 -0.422347
v -0.518519 -0.685539 -0.417726
v -0.529166 -0.689538 -0.437615
v -0.546036 -0.664171 -0.397823
v -0.132645 0.566196 0.723182
v -0.155330 0.519939 0.721048
v -0.164765 0.551187 0.695175
v -0.599002 0.324099 0.353524
v -0.592273 0.332345 0.301929
v -0.320496 0.196135 -0.076700
v -0.320496 0.196135 -0.076700
v -0.320496 0.196135 -0.076700
v -0.313490 0.207995 -0.043725
v -0.313490 0.207995 -0.043725
v -0.320172 0.178833 -0.055023
v -0.514155 -0.333179 -0.775681
v -0.381117 0.024483 -0.627713
v -0.447800 -0.021120 -0.659352
v -0.266802 0.164741 -0.328775
v -0.218495 0.187588 -0.383884
v -0.257734 -0.264285 0.696523
v -0.689428 -0.328966 -0.407260
v -0.491946 -0.277951 -0.794702
v -0.417991 -0.599565 -0.845178
v -0.431242 -0.579779 -0.848103
v -0.430867 -0.618495 -0.823222
v -0.009817 0.739722 0.594168
v -0.233235 0.176105 -0.259205
v -0.405881 0.680348 0.433026
v -0.413619 0.307695 0.419844
v -0.413619 0.307695 0.419844
v -0.424591 0.279798 0.434513
v -0.558977 0.336701 0.269610
v -0.558977 0.336701 0.269610
v -0.662887 0.317909 0.123949
v -0.469470 -0.819938 -0.673707
v -0.474741 -0.914892 -0.655827
v -0.342897 0.076313 0.675637
v -0.342897 0.076313 0.675637
v -0.055236 -0.764629 -0.124964
v -0.319453 -0.226399 0.680349
v -0.273840 0.506465 0.704088
v -0.235902 0.550510 0.690075
v -0.140966 -0.592396 -0.788604
v -0.172288 -0.642601 -0.785595
v -0.336089 0.103592 -0.076244
v -0.336089 0.103592 -0.076244
v -0.344520 0.044034 -0.058688
v -0.344520 0.044034 -0.058688
v -0.025440 0.764090 -0.132749
v -0.621166 -0.580438 -0.158701
v -0.477936 0.015869 -0.560456
v -0.573020 0.343395 -0.120395
v -0.470566 0.289841 -0.112436
v -0.494830 0.299699 -0.117711
v -0.513794 0.259819 -0.068012
v -0.616778 -0.372602 -0.675812
v -0.100477 0.319741 -0.385159
v -0.178487 0.409633 0.683305
v -0.452688 0.122855 0.129642
v -0.105674 0.140703 -0.640020
v -0.124802 0.116540 -0.676083
v -0.330823 0.712171 -0.266962
v -0.367375 0.711159 -0.207595
v -0.387268 0.700813 -0.232166
v -0.488931 -0.067734 0.324817
v -0.480110 -0.051485 0.266535
v -0.368371 -0.690261 -0.727089
v -0.366752 -0.734965 -0.723431
v -0.366752 -0.734965 -0.723431
v -0.227308 -0.317311 -0.881257
v -0.262381 -0.870258 -0.641536
v -0.263656 -0.889022 -0.640805
v -0.330102 0.111982 0.704717
v -0.699924 -0.459247 -0.426966
v -0.331911 0.427952 0.703063
v -0.733903 0.248850 0.394436
v -0.064023 0.738976 0.555110
v -0.066738 0.736978 0.577353
v -0.485527 -0.747301 -0.300281
v -0.526773 -0.736528 -0.275949
v -0.021739 -0.059003 0.797761
v -0.057637 -0.059805 0.790507
v -0.074039 -0.035325 0.784976
v -0.371461 0.004506 -0.024430
v -0.371461 0.004506 -0.024430
v -0.522554 0.406870 -0.184743
v -0.586179 0.029935 0.288314
v -0.610106 -0.004558 0.268418
v -0.456646 0.027077 0.145883
v -0.639265 0.464741 0.276784
v -0.662173 0.434118 0.254822
v -0.313341 0.255695 -0.038958
v -0.382152 -0.670729 0.020561
v -0.173603 0.201424 -0.442844
v -0.304132 0.670811 -0.349733
v -0.317709 0.646852 -0.383866
v -0.473959 0.832107 0.079793
v -0.507027 0.776290 0.051988
v -0.453956 -0.166762 0.311788
v -0.428112 -0.090147 -0.742331
v -0.460238 -0.062703 -0.713031
v -0.685034 -0.281750 -0.341349
v -0.526068 0.164627 0.374329
v -0.547115 0.100700 0.332583
v -0.360732 -0.574128 0.257796
v -0.317708 -0.532061 0.291995
v -0.166349 -0.280787 -0.898959
v -0.341464 0.707998 0.514304
v -0.304905 0.703628 0.558455
v -0.386683 -0.124197 -0.778424
v -0.394665 -0.092319 -0.758221
v -0.329346 -0.762947 -0.430532
v -0.329346 -0.762947 -0.430532
v -0.093248 -0.504367 -0.849647
v -0.089761 -0.429788 -0.876352
v -0.161651 -0.473560 -0.848642
v -0.430017 0.668002 -0.120181
v -0.297221 0.169136 -0.122971
v -0.359440 -0.687818 0.128326
v -0.641941 -0.501850 -0.332233
v -0.235543 0.444019 -0.450338
v -0.057637 -0.754786 0.002106
v -0.057637 -0.754786 0.002106
v -0.045097 -0.758812 0.027924
v -0.381511 0.637493 0.600749
v -0.058038 0.500695 0.784290
v -0.077078 0.523417 0.771707
v -0.102881 -0.689158 -0.639143
v -0.206425 -0.188531 0.753479
v -0.274434 -0.118545 0.728404
v -0.210599 0.635168 0.631997
v -0.247046 0.637563 0.632209
v -0.114668 -0.265407 -0.900148
v -0.302625 0.754160 -0.086535
v -0.295414 0.763314 -0.153286
v -0.540678 -0.731912 -0.262387
v -0.569030 -0.700640 -0.277106
v -0.106253 -0.591817 -0.762289
v -0.614378 -0.188382 -0.165689
v -0.627015 -0.211021 -0.173533
v -0.476754 0.756392 0.002093
v -0.414196 0.333333 0.369504
v -0.232179 0.874650 0.093722
v -0.263875 0.856560 0.048673
v -0.312300 0.305074 -0.395817
v -0.331712 0.614039 0.651751
v -0.378284 0.296107 0.579694
v -0.655090 -0.544566 -0.209094
v -0.706385 -0.464406 -0.584673
v -0.715897 -0.476775 -0.537014
v -0.710194 -0.497694 -0.582000
v -0.101666 -0.767192 -0.270850
v -0.101775 -0.766546 -0.348621
v -0.133707 -0.773982 -0.318610
v -0.464374 0.456268 0.321953
v -0.491237 0.453176 0.321648
v -0.493018 -0.947619 -0.462812
v -0.390846 -0.259698 0.189633
v -0.333498 -0.318028 0.242145
v -0.391614 0.129508 -0.019276
v -0.422846 0.061338 0.026840
v -0.404734 0.057047 -0.008884
v -0.423930 0.410654 0.324093
v -0.305360 -0.323884 0.489230
v -0.317094 -0.319668 0.454080
v -0.358776 -0.290092 0.480045
v -0.444128 -0.103056 0.206646
v -0.433666 -0.142928 0.223652
v -0.492126 -0.064313 -0.685534
v -0.641468 0.300778 0.248367
v -0.677605 0.551029 -0.047061
v -0.174008 0.380548 0.692539
v -0.008985 0.994578 0.059981
v -0.079311 0.976426 0.037983
v -0.110628 0.632333 -0.426026
v -0.080474 0.595368 -0.463603
v -0.607076 0.370573 -0.112895
v -0.854482 0.188747 0.287574
v -0.390473 -0.566213 0.210571
v -0.270972 -0.825010 -0.477768
v -0.271911 -0.759077 -0.470268
v -0.271911 -0.759077 -0.470268
v -0.658459 -0.167158 -0.455073
v -0.676626 -0.216394 -0.470923
v -0.168048 0.697110 -0.298550
v -0.240243 -0.829222 -0.548054
v -0.227125 -0.857271 -0.566198
v -0.225921 -0.888365 -0.558083
v -0.398603 -0.753541 -0.423797
v -0.398603 -0.753541 -0.423797
v -0.435461 -0.757488 -0.389775
v -0.116565 0.142513 0.719576
v -0.146064 0.196066 0.690347
v -0.104627 -0.680406 -0.659467
v -0.474903 0.358935 0.542133
v -0.115949 -0.115549 0.777524
v -0.133877 -0.043878 0.775468
v -0.268930 0.335205 0.660757
v -0.282267 0.364844 0.679565
v -0.026170 -0.616399 0.374948
v -0.056885 -0.615730 0.376106
v -0.319324 0.509512 -0.444050
v -0.491088 0.047529 0.465978
v -0.332524 0.655258 -0.362662
v -0.406669 0.668251 0.531919
v -0.420068 0.068454 -0.449547
v -0.125538 0.345708 0.716774
v -0.561889 0.247127 0.126353
v -0.561889 0.247127 0.126353
v -0.530323 0.225115 0.120202
v -0.530323 0.225115 0.120202
v -0.669458 -0.521727 -0.273161
v -0.553393 0.641698 0.278196
v -0.564470 0.649014 0.221817
v -0.009832 -0.011665 0.795065
v -0.028624 0.000393 0.794545
v -0.028624 0.000393 0.794545
v -0.028624 0.000393 0.794545
v -0.389885 -0.468081 -0.896094
v -0.390536 -0.533186 -0.883767
v -0.002081 -0.663549 0.355360
v -0.527625 0.228025 0.098452
v -0.549535 0.238272 0.104177
v -0.441411 -0.009738 0.118115
v -0.294165 -0.542043 -0.895967
v -0.360272 -0.850706 -0.706126
v -0.364658 -0.910946 -0.696586
v -0.175039 0.902432 0.315451
v -0.144458 0.918088 0.335098
v -0.188541 -0.775437 -0.263789
v -0.213196 -0.772246 -0.333738
v -0.479326 0.695836 0.381154
v -0.266005 0.166517 -0.443404
v -0.277804 -0.510899 -0.899403
v -0.043810 -0.334292 0.685254
v -0.107555 -0.343433 0.630136
v -0.155197 -0.314978 0.675033
v -0.122925 0.216562 -0.280398
v -0.142521 0.211003 -0.312025
v -0.428178 0.213730 0.512649
v -0.525337 -0.573744 -0.776693
v -0.517549 0.656283 0.343715
v -0.454401 0.736480 0.386262
v -0.510135 0.742492 0.326356
v -0.472839 -0.834405 -0.445836
v -0.443776 -0.878784 -0.416653
v -0.379265 -0.033044 0.007205
v -0.379265 -0.033044 0.007205
v -0.461102 0.335260 0.492077
v -0.487327 0.423603 0.375243
v -0.496853 0.399938 0.409028
v -0.468578 0.414290 0.352230
v -0.423736 0.179333 0.045320
v -0.107973 0.587332 -0.451449
v -0.048846 -0.915244 0.070266
v -0.036583 -0.231227 0.769333
v -0.126271 -0.993236 0.144631
v -0.126271 -0.993236 0.144631
v -0.126271 -0.993236 0.144631
v -0.628419 0.015344 0.149419
v -0.399589 -0.254882 0.367746
v -0.439315 0.540939 -0.380270
v -0.441460 0.467207 -0.390141
v -0.069299 0.676498 0.681138
v -0.090298 0.685091 0.648905
v -0.420651 0.317315 0.560212
v -0.469580 0.596502 0.383977
v -0.546840 0.618454 -0.099969
v -0.541820 0.596341 -0.129634
v -0.270094 -0.405442 0.303012
v -0.275046 -0.367534 0.288875
v -0.286729 0.882014 0.093830
v -0.338596 0.891624 0.083629
v -0.224829 0.219343 0.658114
v -0.224829 0.219343 0.658114
v -0.236991 0.225279 0.682424
v -0.378278 0.587890 -0.393834
v -0.226543 -0.825573 0.183936
v -0.581726 0.261962 0.134345
v -0.581726 0.261962 0.134345
v -0.497051 0.481043 0.330988
v -0.512273 0.524212 0.322650
v -0.545664 -0.041325 -0.271312
v -0.463971 0.198470 0.434515
v -0.475455 0.165869 0.379552
v -0.154979 0.715962 0.442877
v -0.117961 0.727930 0.480803
v -0.245292 -0.758482 -0.072572
v -0.203803 -0.406742 -0.866706
v -0.256832 -0.367292 -0.880226
v -0.485667 0.116396 0.314520
v -0.485667 0.116396 0.314520
v -0.209317 -0.359043 0.457072
v -0.379220 0.188346 -0.020736
v -0.400121 0.200633 0.018845
v -0.393799 0.156525 -0.010171
v -0.334630 0.203644 0.623224
v -0.383726 0.179092 0.598121
v -0.081861 0.865613 0.430664
v -0.097207 0.851102 0.433384
v -0.503684 0.559453 0.342242
v -0.535979 -0.434646 -0.783984
v -0.585793 -0.488733 -0.742782
v -0.388029 -0.617914 0.175376
v -0.642593 -0.491176 -0.696365
v -0.617105 -0.437345 -0.708258
v -0.686100 -0.366195 -0.519061
v -0.708928 -0.434405 -0.503670
v -0.173857 0.551282 -0.418299
v -0.174474 0.502266 -0.435427
v -0.348882 -0.448113 -0.897326
v -0.317616 -0.465866 -0.899314
v -0.486659 -0.992726 -0.525327
v -0.486659 -0.992726 -0.525327
v -0.486659 -0.992726 -0.525327
v -0.670758 -0.321761 -0.278356
v -0.539685 0.398146 -0.177410
v -0.548261 0.474242 -0.168040
v -0.544666 -0.695698 -0.593099
v -0.174044 0.925648 0.275324
v -0.196260 -0.266745 -0.889123
v -0.045004 -0.280627 0.741438
v -0.315779 0.347009 -0.421174
v -0.244414 0.334777 -0.416886
v -0.157464 0.589688 0.685681
v -0.262141 -0.635582 0.290964
v -0.153941 -0.757953 0.187719
v -0.153941 -0.757953 0.187719
v -0.484665 0.587285 0.440353
v -0.065212 -0.775344 -0.215464
v -0.343144 0.213450 -0.092861
v -0.352824 0.233766 -0.077862
v -0.672223 0.216494 0.461444
v -0.596502 0.322092 0.238210
v -0.596502 0.322092 0.238210
v -0.536178 -0.715563 -0.538579
v -0.536178 -0.715563 -0.538579
v -0.166645 0.084451 0.723470
v -0.474476 0.049595 0.522194
v -0.460761 0.007221 0.571154
v -0.142591 0.371838 0.716056
v -0.526009 0.513991 -0.220946
v -0.679637 0.561506 0.187138
v -0.688397 0.510392 0.206393
v -0.705976 0.522185 0.017219
v -0.202898 0.915771 0.195330
v -0.165642 0.946715 0.227220
v -0.381107 0.883238 0.083930
v -0.428775 0.863243 0.085978
v -0.394533 0.895424 0.153754
v -0.209258 0.009820 0.739519
v -0.174901 -0.036386 0.770777
v -0.206281 -0.041501 0.759272
v -0.038302 0.609342 -0.478600
v -0.074481 0.649772 -0.442600
v -0.323383 -0.835279 -0.709915
v -0.292529 -0.838268 -0.678943
v -0.257812 -0.779677 -0.653364
v -0.680852 0.459568 -0.063313
v -0.003516 0.643912 -0.462428
v -0.036868 0.663961 -0.436667
v -0.223834 -0.740865 0.185674
v -0.223834 -0.740865 0.185674
v -0.622492 0.509700 -0.128447
v -0.130486 -0.761812 -0.160496
v -0.048517 0.744492 0.506311
v -0.705923 0.401783 0.069381
v -0.521445 0.231016 0.014848
v -0.496900 0.223170 0.064666
v -0.706408 -0.431908 -0.469733
v -0.312908 -0.731903 -0.022461
v -0.115106 -0.744370 -0.541262
v -0.178161 -0.756509 -0.553131
v -0.346704 -0.709121 0.054901
v -0.346704 -0.709121 0.054901
v -0.216182 0.760760 0.399303
v -0.195237 -0.664668 -0.776379
v -0.137681 -0.742499 0.181282
v -0.137681 -0.742499 0.181282
v -0.132236 0.738146 -0.119041
v -0.156044 0.739047 -0.178594
v -0.701471 -0.501620 -0.607999
v -0.505386 -0.629131 -0.758953
v -0.574058 -0.682163 -0.444531
v -0.515651 0.249817 -0.047232
v -0.088310 -0.751272 -0.476537
v -0.082289 -0.742235 -0.541714
v -0.122019 -0.749732 -0.507894
v -0.269646 -0.307246 0.625724
v -0.426439 0.013451 0.070906
v -0.526425 -0.803688 -0.511156
v -0.120615 0.874193 -0.050032
v -0.606730 -0.524741 -0.721075
v -0.262254 -0.846235 -0.490216
v -0.714525 -0.518324 -0.534675
v -0.496339 -0.437582 -0.826387
v -0.490944 -0.383652 -0.814111
v -0.589780 0.470462 0.311178
v -0.626099 0.501568 0.284333
v -0.016849 0.746539 0.520710
v -0.094614 0.295116 0.657486
v -0.094614 0.295116 0.657486
v -0.094614 0.295116 0.657486
v -0.092140 0.249325 0.678871
v -0.134939 0.275794 0.655701
v -0.498779 0.550437 -0.289616
v -0.055996 0.607347 0.746062
v -0.430641 -0.915655 -0.695713
v -0.430641 -0.915655 -0.695713
v -0.426933 -0.940331 -0.686880
v -0.426933 -0.940331 -0.686880
v -0.133481 -0.689004 0.325675
v -0.121252 0.736776 -0.099679
v -0.381408 -0.271462 0.361946
v -0.207517 0.175072 0.708515
v -0.581609 0.331210 0.258910
v -0.581609 0.331210 0.258910
v -0.445934 0.260263 0.384206
v -0.445934 0.260263 0.384206
v -0.523909 -0.042930 -0.620501
v -0.536659 -0.024504 -0.564827
v -0.567548 -0.083740 -0.599414
v -0.131749 0.483419 0.749324
v -0.503399 -0.573592 0.110733
v -0.107609 0.832319 0.429984
v -0.079389 0.796610 0.456553
v -0.531638 0.785336 0.204627
v -0.874107 0.001992 0.163090
v -0.879577 0.042385 0.140962
v -0.130514 -0.385031 0.337185
v -0.189051 -0.399077 0.325859
v -0.788838 0.057577 0.388271
v -0.563501 0.681794 0.131485
v -0.491407 0.346532 0.280191
v -0.491407 0.346532 0.280191
v -0.651395 -0.547450 -0.309418
v -0.017402 -0.723188 0.309297
v -0.062970 -0.726122 0.316606
v -0.310038 0.710382 -0.281502
v -0.564098 0.623122 0.267407
v -0.095267 0.983695 0.093703
v -0.102201 0.986487 0.136082
v -0.146478 0.963310 0.095118
v -0.109400 0.730092 -0.235553
v -0.186493 0.727533 -0.219027
v -0.390625 0.227960 -0.232018
v -0.418792 0.245939 -0.190718
v -0.432844 0.231815 0.462491
v -0.454841 0.228620 0.416468
v -0.488960 0.447983 0.574451
v -0.178712 0.443619 0.700202
v -0.233707 -0.583202 0.332179
v -0.351437 0.878787 0.054093
v -0.454577 0.019726 -0.575708
v -0.469732 -0.001060 -0.605457
v -0.249009 -0.428031 0.314648
v -0.243521 -0.756680 -0.562395
v -0.243521 -0.756680 -0.562395
v -0.255025 -0.799403 -0.527666
v -0.313191 0.221264 -0.061946
v -0.310881 0.241990 -0.036496
v -0.170232 -0.097458 0.769677
v -0.386957 -0.929164 -0.401627
v -0.547599 0.189181 0.426113
v -0.469847 0.105613 0.186835
v -0.469847 0.105613 0.186835
v -0.724485 -0.037674 0.198214
v -0.904067 0.046819 0.350340
v -0.927920 0.080918 0.322172
v -0.309164 -0.746949 -0.707091
v -0.309164 -0.746949 -0.707091
v -0.622249 0.331791 0.225469
v -0.656736 0.364678 0.217177
v -0.271598 -0.993726 0.055981
v -0.271598 -0.993726 0.055981
v -0.353053 0.705669 0.443008
v -0.342056 -0.603833 0.265782
v -0.139728 0.971173 0.202509
v -0.270733 -0.964523 0.125712
v -0.200241 -0.019874 -0.790783
v -0.208611 -0.055138 -0.809517
v -0.386893 0.365059 0.303922
v -0.415170 0.339827 0.332638
v -0.415170 0.339827 0.332638
v -0.413806 0.347389 0.309182
v -0.413806 0.347389 0.309182
v -0.496071 -0.070884 0.417866
v -0.178879 -0.758389 -0.505528
v -0.655528 0.323149 0.161221
v -0.291606 -0.885311 -0.454376
v -0.465494 -0.566379 0.130093
v -0.465785 -0.488126 -0.860919
v -0.363958 -0.283067 0.521974
v -0.403281 -0.222617 0.162303
v -0.416666 -0.179656 0.118014
v -0.553886 -0.705826 -0.554766
v -0.008417 -0.483490 0.367173
v -0.068357 -0.484490 0.370122
v -0.299847 -0.993156 -0.463756
v -0.299847 -0.993156 -0.463756
v -0.299847 -0.993156 -0.463756
v -0.639373 -0.158871 -0.594947
v -0.055796 -0.752765 -0.479973
v -0.066086 -0.760837 -0.419456
v -0.867571 0.035099 0.371385
v -0.892755 0.016152 0.337710
v -0.374820 0.749111 0.420121
v -0.404761 0.761452 0.397663
v -0.383247 0.770644 0.404289
v -0.226052 -0.607984 0.316890
v -0.491283 0.063926 0.209104
v -0.063051 -0.855172 0.005713
v -0.036901 -0.758818 0.251824
v -0.530299 0.167214 0.113785
v -0.580760 0.122521 0.104117
v -0.274881 0.639270 0.633601
v -0.082357 0.961975 0.324056
v -0.020964 0.989433 0.298388
v -0.641460 -0.023961 0.259179
v -0.339232 -0.778596 -0.367903
v -0.163798 0.368979 0.641236
v -0.215508 0.351503 0.656519
v -0.364111 0.728209 -0.109683
v -0.393669 0.695300 -0.093246
v -0.230606 0.311715 0.623525
v -0.337288 -0.763948 0.060474
v -0.371403 0.140730 0.618687
v -0.164720 0.913684 0.021797
v -0.280355 0.302185 -0.396870
v -0.218743 0.187658 -0.228197
v -0.476391 -0.060079 -0.086696
v -0.460188 -0.005847 -0.149063
v -0.686530 -0.358654 -0.362743
v -0.059321 -0.758725 0.086089
v -0.059321 -0.758725 0.086089
v -0.226722 -0.787594 -0.205534
v -0.441919 0.133090 0.544263
v -0.586366 -0.621626 -0.371160
v -0.230491 -0.169782 -0.860260
v -0.618098 -0.514962 -0.106002
v -0.625044 -0.495247 -0.077414
v -0.385790 0.383213 0.656541
v -0.348843 0.121036 -0.402466
v -0.131720 -0.370647 0.505826
v -0.599852 0.663737 0.138523
v -0.334917 -0.782260 -0.216043
v -0.627368 -0.312218 -0.691195
v -0.713219 0.505469 0.046638
v -0.054038 -0.083471 0.787796
v -0.054038 -0.083471 0.787796
v -0.081271 -0.061261 0.781882
v -0.081271 -0.061261 0.781882
v -0.833804 0.049623 0.111316
v -0.179336 0.633650 0.636845
v -0.400044 -0.448326 -0.893147
v -0.321757 0.779527 0.401703
v -0.268304 0.745017 -0.228833
v -0.070555 0.673343 -0.415424
v -0.103575 0.654635 -0.405073
v -0.569169 -0.322475 -0.748736
v -0.586244 -0.383705 -0.704123
v -0.077057 0.643975 -0.447308
v -0.171300 -0.189295 0.765251
v -0.309687 0.748857 -0.064385
v -0.087565 0.238933 -0.240195
v -0.087565 0.238933 -0.240195
v -0.087565 0.238933 -0.240195
v -0.579070 0.289658 0.435589
v -0.629687 0.279245 0.426639
v -0.269357 0.192104 -0.205153
v -0.627486 -0.111279 -0.375581
v -0.643358 0.483838 -0.112562
v -0.398128 0.709414 -0.054418
v -0.421122 0.691980 -0.080246
v -0.187176 -0.700795 0.253400
v -0.147463 -0.715395 0.292644
v -0.343521 0.735785 -0.157642
v -0.417507 0.072516 -0.401257
v -0.668171 0.059144 0.348243
v -0.527151 0.516675 -0.179378
v -0.284839 -0.563663 0.311945
v -0.469829 0.629855 -0.217438
v -0.183848 0.825499 -0.022450
v -0.319546 0.908362 0.150553
v -0.501503 -0.448775 0.153102
v -0.324405 0.680126 -0.333128
v -0.401379 0.693204 -0.198816
v -0.404979 0.698654 -0.176473
v -0.455895 0.235613 -0.018031
v -0.461617 0.262122 -0.078999
v -0.643036 0.617696 0.168723
v -0.663091 0.573162 0.204397
v -0.926404 0.109154 0.287695
v -0.935687 0.056315 0.271183
v -0.567856 0.283563 -0.070833
v -0.335069 0.045966 0.670868
v -0.425662 -0.968977 -0.660486
v -0.425662 -0.968977 -0.660486
v -0.439077 0.438368 0.324380
v -0.842570 0.009068 0.136970
v -0.535662 -0.202830 0.010691
v -0.582180 -0.274335 -0.025565
v -0.495123 0.049686 0.349727
v -0.492341 0.060844 0.323221
v -0.558268 0.662380 -0.048587
v -0.436698 0.217931 0.065422
v -0.436698 0.217931 0.065422
v -0.430231 0.219826 0.056915
v -0.430231 0.219826 0.056915
v -0.104259 -0.908437 -0.043852
v -0.128234 0.001482 0.771512
v -0.045128 -0.380280 0.349651
v -0.045128 -0.380280 0.349651
v -0.254985 0.592853 0.666634
v -0.360168 0.105430 -0.269440
v -0.390648 0.071047 -0.224190
v -0.599816 -0.021451 0.225330
v -0.203724 0.276123 0.631448
v -0.247775 -0.601271 -0.846689
v -0.013071 0.031265 0.792031
v -0.088413 0.729725 0.519311
v -0.536404 0.495113 0.319489
v -0.250258 -0.850860 0.165567
v -0.253327 -0.919056 0.155166
v -0.341789 0.908055 0.181609
v -0.288342 0.896036 0.212960
v -0.611006 -0.516953 -0.006598
v -0.144901 -0.750300 -0.115401
v -0.235710 0.256409 -0.360372
v -0.229046 0.718922 0.431014
v -0.582866 -0.065552 -0.325958
v -0.509428 -0.947546 -0.517546
v -0.633246 0.082696 0.105841
v -0.616669 0.121447 0.098809
v -0.651496 0.108222 0.094895
v -0.393679 -0.506262 0.225073
v -0.661248 0.245982 0.177856
v -0.694144 0.258223 0.227516
v -0.252331 -0.932365 -0.594067
v -0.270028 -0.939842 -0.630047
v -0.145462 -0.993266 -0.023044
v -0.145462 -0.993266 -0.023044
v -0.145462 -0.993266 -0.023044
v -0.399795 0.644584 -0.333541
v -0.194827 0.143936 0.708213
v -0.528251 0.610021 0.307510
v -0.392405 0.219292 -0.003445
v -0.559842 -0.634370 -0.098794
v -0.264001 -0.743759 -0.084738
v -0.436663 -0.759843 -0.172370
v -0.460638 -0.100444 0.568090
v -0.524171 -0.779505 -0.626062
v -0.544597 -0.471702 0.108511
v -0.306838 0.471512 0.704920
v -0.003847 -0.414196 0.348310
v -0.044541 -0.428722 0.352919
v -0.262662 -0.086571 -0.814216
v -0.260147 -0.030575 -0.781588
v -0.606214 0.213822 0.126686
v -0.348350 -0.702305 -0.021092
v -0.001920 -0.778290 -0.325024
v -0.142629 -0.548078 0.375393
v -0.113145 0.893322 -0.045258
v -0.012631 0.769526 -0.258887
v -0.537627 -0.626284 -0.738007
v -0.585657 -0.640189 -0.685040
v -0.509239 0.807990 0.117933
v -0.471742 -0.131491 0.320110
v -0.556658 0.419118 -0.165295
v -0.136366 0.397865 0.736942
v -0.370293 -0.446867 0.249606
v -0.431931 0.351112 0.324574
v -0.410586 0.719299 0.413845
v -0.596063 -0.681365 -0.463377
v -0.602037 -0.643112 -0.404073
v -0.311169 -0.307737 0.541281
v -0.460593 0.328924 0.435210
v -0.512545 -0.644714 -0.721289
v -0.621699 0.377422 0.268761
v -0.457996 0.162907 0.158695
v -0.457996 0.162907 0.158695
v -0.465524 0.133984 0.172063
v -0.465524 0.133984 0.172063
v -0.153556 0.966328 0.132392
v -0.197711 -0.481819 0.352062
v -0.112916 0.705169 -0.327041
v -0.491571 0.793409 0.293298
v -0.506750 0.794864 0.265331
v -0.460322 0.757230 -0.017063
v -0.907928 0.132379 0.311830
v -0.561191 0.688024 0.077688
v -0.564249 0.685769 0.012453
v -0.442334 -0.732279 -0.428143
v -0.515789 -0.741367 -0.213338
v -0.554447 -0.712225 -0.184029
v -0.450041 0.398079 0.309468
v -0.657412 -0.649628 -0.471529
v -0.169117 0.312534 -0.382067
v -0.304393 -0.284187 0.246914
v -0.304393 -0.284187 0.246914
v -0.370798 -0.194615 -0.806056
v -0.768721 0.110260 0.442013
v -0.876754 -0.024484 0.286933
v -0.065200 -0.806594 -0.014523
v -0.096391 -0.797338 -0.042192
v -0.072930 -0.857608 -0.021512
v -0.051581 -0.510145 -0.851267
v -0.390218 0.295561 0.465750
v -0.390218 0.295561 0.465750
v -0.252543 0.213453 -0.284178
v -0.315606 0.207788 -0.264245
v -0.481962 -0.654577 0.002163
v -0.149115 0.634534 0.650784
v -0.043648 -0.765717 -0.395924
v -0.015251 0.361296 -0.463449
v -0.474029 -0.204643 -0.803545
v -0.609614 -0.666464 -0.642329
v -0.572387 -0.665917 -0.662567
v -0.206934 0.346394 -0.413569
v -0.238022 0.403502 -0.442527
v -0.059329 0.355484 -0.448253
v -0.452774 0.849874 0.265041
v -0.111767 0.609015 0.710247
v -0.027536 -0.072148 0.796653
v -0.046823 1.004734 0.122259
v -0.473091 0.341164 -0.305214
v -0.226998 0.574537 -0.415738
v -0.407519 0.348967 0.346689
v -0.421620 0.326167 0.353854
v -0.421620 0.326167 0.353854
v -0.421620 0.326167 0.353854
v -0.395910 0.584190 0.636305
v -0.304677 -0.050879 0.723603
v -0.375278 -0.057110 0.683068
v -0.667679 -0.225494 -0.590379
v -0.138007 0.666304 -0.376164
v -0.149763 -0.504285 -0.842492
v -0.371406 0.687227 -0.289302
v -0.053335 0.279051 0.672395
v -0.053335 0.279051 0.672395
v -0.053335 0.279051 0.672395
v -0.275933 0.181810 -0.152537
v -0.280541 0.149252 -0.140407
v -0.280541 0.149252 -0.140407
v -0.641861 -0.604539 -0.212816
v -0.307440 0.693011 0.578131
v -0.203675 0.794574 0.376022
v -0.279014 0.761883 0.408805
v -0.260254 0.801886 0.378510
v -0.680530 -0.381574 -0.350084
v -0.562348 0.019662 0.254774
v -0.297889 -0.823737 -0.028094
v -0.628755 -0.637867 -0.420288
v -0.330629 0.367228 0.681527
v -0.127098 -0.362355 0.559369
v -0.386003 0.871669 0.295054
v -0.329491 0.779397 -0.042939
v -0.208386 -0.704625 0.215304
v -0.583590 -0.106720 -0.217388
v -0.614423 -0.119661 -0.254451
v -0.739722 -0.025798 0.166212
v -0.587746 0.252152 0.080443
v -0.341059 0.859170 0.011417
v -0.204191 0.310385 -0.393348
v -0.459880 0.640387 -0.134020
v -0.519888 -0.943815 -0.549252
v -0.169437 -0.346820 0.588726
v -0.486317 0.486758 0.577224
v -0.509614 0.468249 0.538690
v -0.652974 0.623098 0.020438
v -0.223607 -0.993096 -0.023172
v -0.223607 -0.993096 -0.023172
v -0.320726 -0.100178 0.715540
v -0.122840 0.539915 0.735239
v -0.559718 -0.491722 -0.764212
v -0.583549 -0.580330 -0.733361
v -0.053932 0.404869 0.782972
v -0.051467 0.959840 0.000485
v -0.373875 -0.777710 -0.320222
v -0.111539 -0.750364 -0.049461
v -0.111539 -0.750364 -0.049461
v -0.240857 0.155024 0.723279
v -0.529883 -0.018354 -0.566405
v -0.412181 -0.690603 -0.013474
v -0.531592 -0.085968 -0.672629
v -0.089309 -0.961758 0.000892
v -0.445057 0.332840 0.350363
v -0.225128 -0.323097 0.287041
v -0.225128 -0.323097 0.287041
v -0.035099 -0.559771 -0.804990
v -0.139349 0.370378 -0.402091
v -0.144350 0.406123 -0.415475
v -0.172211 0.331941 -0.401214
v -0.207786 -0.663203 0.289087
v -0.479828 0.088262 0.253041
v -0.479828 0.088262 0.253041
v -0.751326 0.249616 0.363444
v -0.226941 0.891598 0.198539
v -0.264752 0.898927 0.180216
v -0.150600 0.670725 0.615108
v -0.152083 0.680634 0.582584
v -0.096289 0.739456 -0.179861
v -0.466327 -0.543012 -0.842343
v -0.325741 0.560377 -0.427332
v -0.213084 0.202408 -0.224629
v -0.213084 0.202408 -0.224629
v -0.331689 -0.295889 0.305907
v -0.361045 0.360285 -0.414172
v -0.393150 0.399970 -0.413565
v -0.426452 -0.993346 -0.638146
v -0.426452 -0.993346 -0.638146
v -0.426452 -0.993346 -0.638146
v -0.426452 -0.993346 -0.638146
v -0.647131 0.617669 -0.018705
v -0.388673 -0.975971 -0.413662
v -0.388673 -0.975971 -0.413662
v -0.101772 -0.836748 0.154975
v -0.413467 0.095955 0.610170
v -0.150079 0.428323 -0.424862
v -0.185499 0.388074 -0.421828
v -0.165984 -0.775141 -0.319796
v -0.123029 -0.701573 0.317617
v -0.104990 -0.746977 0.264836
v -0.582526 -0.308040 -0.744899
v -0.223472 0.829470 0.351435
v -0.574610 -0.138846 -0.686510
v -0.179463 0.157728 0.692060
v -0.179463 0.157728 0.692060
v -0.680671 -0.354031 -0.338367
v -0.301475 -0.952083 0.056965
v -0.186026 -0.731995 0.188337
v -0.186026 -0.731995 0.188337
v -0.868628 0.086832 0.388683
v -0.190042 0.894061 0.038177
v -0.113983 0.224138 0.683773
v -0.612313 -0.398587 -0.008088
v -0.035495 0.033807 0.778435
v -0.035495 0.033807 0.778435
v -0.814630 0.157863 0.420636
v -0.420947 0.835068 0.323862
v -0.444616 -0.287140 0.165592
v -0.305591 -0.622325 0.285770
v -0.171352 0.933945 0.087571
v -0.080239 0.726682 0.473514
v -0.163525 0.647192 0.634199
v -0.136720 0.651637 0.652473
v -0.411695 -0.239000 0.518746
v -0.516920 0.690944 0.012877
v -0.318846 0.736885 -0.200717
v -0.076853 -0.908951 -0.018522
v -0.794786 0.153185 0.153198
v -0.727857 0.012319 0.114391
v -0.471745 -0.592455 -0.814043
v -0.459196 0.402102 0.604355
v -0.337197 0.911242 0.156837
v -0.484295 -0.004291 -0.209538
v -0.486624 0.099794 0.301528
v -0.069296 0.701829 -0.394766
v -0.670682 -0.277448 -0.270377
v -0.069904 -0.742098 -0.540685
v -0.422426 -0.726753 -0.073167
v -0.278315 0.683671 -0.341012
v -0.561058 -0.115113 -0.150814
v -0.463605 0.660393 -0.091950
v -0.341866 -0.895115 -0.407718
v -0.712746 0.525040 0.094604
v -0.673304 -0.252395 -0.512536
v -0.543080 -0.366392 -0.750796
v -0.528159 -0.384661 -0.767394
v -0.016906 -0.766847 -0.384496
v -0.616321 -0.581100 -0.356477
v -0.314224 -0.326719 -0.862456
v -0.322958 0.845612 0.343728
v -0.386207 0.805511 0.377608
v -0.612406 0.267959 0.149657
v -0.488763 0.714956 -0.002053
v -0.381821 -0.284696 -0.820912
v -0.403419 0.890526 0.187592
v -0.415678 0.652299 -0.306362
v -0.336529 0.744614 -0.071332
v -0.366084 0.717647 -0.065197
v -0.603601 -0.326138 -0.038305
v -0.531287 0.235671 0.066626
v -0.377012 0.888755 0.258100
v -0.155726 0.359520 0.674068
v -0.497538 0.567251 -0.258210
v -0.334031 -0.516302 0.282712
v -0.544113 0.743095 0.258595
v -0.669162 -0.624523 -0.611257
v -0.095511 -0.192966 -0.889971
v -0.782592 0.173256 0.436551
v -0.544058 -0.735711 -0.597353
v -0.544058 -0.735711 -0.597353
v -0.536014 -0.016734 -0.349443
v -0.018914 0.517980 0.789307
v -0.244143 0.188284 0.714877
v -0.620979 -0.304144 -0.091873
v -0.488007 0.336400 0.375004
v -0.512296 -0.125866 -0.048379
v -0.470909 -0.407163 -0.852386
v -0.093753 -0.993356 0.058481
v -0.093753 -0.993356 0.058481
v -0.430717 0.038544 -0.215841
v -0.424268 0.352940 0.294376
v -0.424268 0.352940 0.294376
v -0.365702 -0.751588 -0.101839
v -0.300621 0.152722 -0.443159
v -0.035216 0.014709 0.780555
v -0.065664 0.743829 -0.121943
v -0.470529 -0.120967 0.529541
v -0.208920 0.446465 -0.447791
v -0.211397 0.484423 -0.444544
v -0.242731 0.703451 0.553313
v -0.468161 0.616899 -0.273867
v -0.479533 0.608681 -0.250884
v -0.085152 -0.558950 -0.802589
v -0.148715 0.852259 0.415650
v -0.073020 0.761490 -0.114822
v -0.265463 -0.993786 0.007553
v -0.265463 -0.993786 0.007553
v -0.253739 0.205019 0.701457
v -0.524051 -0.697070 -0.438774
v -0.411572 0.483204 0.656184
v -0.442817 0.496539 0.626361
v -0.676027 -0.372967 -0.207711
v -0.619193 -0.393030 -0.026419
v -0.276945 0.719685 0.526321
v -0.609134 -0.094584 -0.530668
v -0.377239 -0.697444 -0.010785
v -0.576798 -0.166844 -0.118555
v -0.451990 0.605527 -0.319035
v -0.126961 -0.375166 0.455343
v -0.300584 -0.796621 0.129322
v -0.469109 0.474242 0.603069
v -0.078705 -0.384863 0.340786
v -0.309518 0.124961 -0.083781
v -0.309518 0.124961 -0.083781
v -0.309518 0.124961 -0.083781
v -0.510813 0.534433 0.484172
v -0.686474 0.290530 0.312157
v -0.652007 0.152649 0.103130
v -0.501030 0.534061 0.528241
v -0.896647 0.109916 0.188845
v -0.289049 -0.880439 0.131918
v -0.649220 -0.657965 -0.574781
v -0.405813 -0.107900 0.079710
v -0.418504 0.025716 -0.145567
v -0.677240 -0.206520 -0.504649
v -0.246010 -0.736699 -0.639837
v -0.246010 -0.736699 -0.639837
v -0.538474 -0.249219 0.032280
v -0.514801 -0.730675 -0.641966
v -0.514801 -0.730675 -0.641966
v -0.228138 -0.675321 -0.759221
v -0.492609 0.099535 0.299008
v -0.492609 0.099535 0.299008
v -0.218287 0.747509 -0.047395
v -0.399950 -0.287680 -0.818831
v -0.402235 -0.653662 -0.782309
v -0.218733 0.679061 -0.342514
v -0.486763 0.067557 0.284194
v -0.441498 0.265474 -0.091018
v -0.515795 0.468733 0.508862
v -0.267176 0.837596 0.350247
v -0.209447 0.529582 0.701583
v -0.124535 0.327056 0.697201
v -0.377379 0.467521 0.680376
v -0.355632 0.490728 0.696351
v -0.077985 0.944335 0.350285
v -0.505201 -0.322954 0.122081
v -0.702620 -0.556817 -0.580674
v -0.246075 -0.773688 -0.607586
v -0.327828 0.748101 -0.133389
v -0.574992 0.131886 0.365399
v -0.302113 0.146285 -0.275746
v -0.344729 -0.243889 0.211031
v -0.344729 -0.243889 0.211031
v -0.665950 -0.433915 -0.657261
v -0.704382 0.057084 0.097657
v -0.065045 0.837783 0.439432
v -0.404017 -0.184601 0.618470
v -0.530669 -0.634182 -0.010921
v -0.472207 0.161128 0.428019
v -0.483100 0.126964 0.348285
v -0.477486 0.152440 0.340347
v -0.477486 0.152440 0.340347
v -0.653967 -0.273094 -0.633571
v -0.662115 -0.319048 -0.616948
v -0.129737 0.221416 -0.238375
v -0.108753 0.232959 -0.246580
v -0.248831 0.185325 -0.188019
v -0.248831 0.185325 -0.188019
v -0.458196 0.218341 0.375668
v -0.458196 0.218341 0.375668
v -0.461739 0.257452 0.393947
v -0.476400 0.265725 0.411109
v -0.494436 0.243248 0.423237
v -0.503326 0.217190 0.423953
v -0.068253 0.911895 0.402686
v -0.022203 0.976913 0.329701
v -0.459383 0.277240 -0.164442
v -0.456153 0.278996 -0.245819
v -0.488264 0.319093 -0.213957
v -0.476267 0.299430 -0.131014
v -0.574428 -0.603200 -0.043145
v -0.543905 -0.630642 -0.066533
v -0.572227 -0.608512 -0.089704
v -0.235285 0.143577 -0.563525
v -0.172799 0.183032 -0.510280
v -0.261274 0.149757 -0.505039
v -0.234464 0.248261 0.639605
v -0.293340 0.245350 0.624249
v -0.464918 0.208555 0.113496
v -0.464918 0.208555 0.113496
v -0.464918 0.208555 0.113496
v -0.338626 0.255216 -0.053882
v -0.081755 -0.813126 0.139410
v -0.293712 0.134722 -0.187744
v -0.330115 0.115148 -0.221409
v -0.270712 0.029623 0.705412
v -0.270712 0.029623 0.705412
v -0.405537 -0.773086 -0.246592
v -0.631057 0.372159 -0.089459
v -0.621101 0.312242 -0.044646
v -0.675270 -0.346507 -0.459383
v -0.674773 -0.324046 -0.521681
v -0.014568 0.220101 -0.367305
v -0.430130 -0.744000 -0.721383
v -0.430130 -0.744000 -0.721383
v -0.473825 -0.749147 -0.681136
v -0.419434 -0.085461 0.038648
v -0.459372 -0.169609 0.069934
v -0.381385 0.286897 0.531841
v -0.675898 -0.555587 -0.387661
v -0.702791 -0.510778 -0.419870
v -0.337743 0.693560 0.556887
v -0.231734 -0.969685 -0.039272
v -0.155988 0.354006 0.611243
v -0.155988 0.354006 0.611243
v -0.165599 0.321740 0.622082
v -0.121999 0.435329 0.755868
v -0.092083 0.369440 0.756634
v -0.525417 0.545621 0.317196
v -0.639862 -0.181320 -0.631858
v -0.654605 -0.199656 -0.613019
v -0.649335 -0.250211 -0.640752
v -0.560112 0.667131 -0.040033
v -0.603221 0.661883 -0.013742
v -0.606547 0.643438 -0.038984
v -0.001196 0.413753 -0.492042
v -0.325768 0.099484 -0.553348
v -0.338583 0.068284 -0.608576
v -0.240496 0.299681 0.603887
v -0.240496 0.299681 0.603887
v -0.163085 0.016845 -0.777412
v -0.290769 -0.069153 -0.785530
v -0.290890 -0.018727 -0.745377
v -0.461638 0.538361 0.604073
v -0.021985 0.884621 -0.087147
v -0.023625 0.830347 -0.116099
v -0.668115 -0.563292 -0.652224
v -0.676767 -0.489401 -0.664208
v -0.437120 -0.112401 0.620358
v -0.344071 -0.256274 0.615034
v -0.312011 -0.275900 0.622989
v -0.462973 0.028844 -0.481866
v -0.176160 0.700130 0.503615
v -0.228402 0.712381 0.521672
v -0.512840 -0.854013 -0.485489
v -0.049250 0.762138 -0.170119
v -0.201140 -0.336034 0.600102
v -0.247913 -0.322040 0.586529
v -0.248683 -0.315383 0.625412
v -0.494100 -0.917892 -0.634687
v -0.423687 -0.013404 0.630387
v -0.396355 0.264288 0.515263
v -0.116272 0.057406 -0.748750
v -0.399862 -0.473469 0.219219
v -0.463518 -0.450830 0.185803
v -0.250018 0.672257 0.604889
v -0.278892 0.685697 0.597112
v -0.339189 -0.848094 -0.418352
v -0.730006 0.267674 0.320387
v -0.764565 0.248356 0.331018
v -0.612135 -0.519913 -0.048394
v -0.589855 -0.570962 -0.082577
v -0.499853 0.478756 -0.311250
v -0.290298 0.062396 0.720830
v -0.167675 -0.287622 0.702250
v -0.082756 -0.279880 0.733999
v -0.399712 -0.006612 -0.667050
v -0.801743 0.081594 0.103756
v -0.326750 -0.264993 0.230113
v -0.326750 -0.264993 0.230113
v -0.368385 -0.244237 0.241161
v -0.672327 -0.464970 -0.257364
v -0.461256 0.578130 0.567524
v -0.572923 0.272961 -0.036398
v -0.631665 0.298317 -0.003493
v -0.164824 0.141513 -0.622475
v -0.175936 0.110334 -0.670606
v -0.273848 -0.170269 0.727378
v -0.255208 -0.887578 -0.515858
v -0.229242 -0.922816 -0.548243
v -0.606915 0.407888 -0.132441
v -0.231568 -0.679993 0.259801
v -0.249776 -0.708648 0.199187
v -0.293650 -0.675374 0.238109
v -0.853274 -0.033309 0.233605
v -0.084980 0.988982 0.257478
v -0.107387 0.973624 0.264758
v -0.586473 -0.644352 -0.149854
v -0.555313 -0.669683 -0.116597
v -0.683748 -0.236622 -0.359919
v -0.663397 0.356971 -0.028915
v -0.147452 0.208763 -0.247625
v -0.182351 0.207512 -0.229208
v -0.463148 0.562675 -0.336426
v -0.471239 0.523425 -0.346434
v -0.058393 0.822743 -0.104585
v -0.284824 -0.788402 -0.251294
v -0.324523 -0.789164 -0.329731
v -0.689972 -0.611199 -0.496532
v -0.676804 -0.598245 -0.436425
v -0.479528 -0.126239 0.376718
v -0.462360 -0.176023 0.415554
v -0.069546 -0.757610 0.111152
v -0.069546 -0.757610 0.111152
v -0.368229 -0.688440 0.050103
v -0.623084 -0.411499 -0.084824
v -0.602923 0.067867 0.118636
v -0.455357 -0.762233 -0.230847
v -0.466846 -0.758796 -0.264921
v -0.237130 -0.815069 -0.077647
v -0.263608 -0.776611 -0.059312
v -0.912011 0.081742 0.190265
v -0.909089 0.122977 0.237390
v -0.926303 0.074793 0.221218
v -0.271575 -0.954934 -0.015012
v -0.444294 -0.766370 -0.269337
v -0.656317 -0.357996 -0.616395
v -0.499405 -0.745206 -0.318846
v -0.466183 -0.756860 -0.344612
v -0.488836 -0.726344 -0.378483
v -0.428018 -0.220342 0.501958
v -0.423347 -0.234612 0.448232
v -0.866105 0.083995 0.136779
v -0.846117 0.047634 0.117220
v -0.305706 0.172748 0.703571
v -0.328241 0.173101 0.677115
v -0.008252 0.050422 0.766768
v -0.008252 0.050422 0.766768
v -0.039814 0.107460 0.738737
v -0.510167 -0.014929 -0.241243
v -0.505112 -0.035393 -0.166399
v -0.425147 -0.639176 -0.800477
v -0.419672 0.306343 0.468993
v -0.403492 0.291800 0.453254
v -0.403492 0.291800 0.453254
v -0.427656 0.298084 0.464043
v -0.056637 0.256575 -0.321866
v -0.074613 0.249699 -0.289549
v -0.420223 -0.607802 0.112013
v -0.690329 -0.612214 -0.517371
v -0.661890 -0.653838 -0.542038
v -0.687046 -0.620450 -0.554551
v -0.005097 0.531439 -0.502601
v -0.001939 0.495499 -0.506345
v -0.308563 -0.563912 -0.888094
v -0.429471 -0.113694 0.174289
v -0.301058 0.270987 0.595915
v -0.359030 0.251343 0.569566
v -0.152087 0.713489 0.481443
v -0.311063 -0.843363 0.092979
v -0.285829 -0.917586 0.130175
v -0.319213 -0.908153 0.049416
v -0.090887 0.544529 -0.476668
v -0.141445 0.549987 -0.440172
v -0.088385 0.511447 -0.486755
v -0.663488 -0.166400 -0.421888
v -0.310636 -0.722754 0.128703
v -0.310636 -0.722754 0.128703
v -0.430514 -0.699666 -0.047128
v -0.454104 -0.685870 -0.042962
v -0.149654 -0.733802 -0.590491
v -0.186957 -0.740002 -0.612228
v -0.502007 -0.124904 -0.744990
v -0.568231 -0.192542 -0.742013
v -0.041859 0.219184 -0.273954
v -0.242562 -0.392633 -0.877824
v -0.273757 -0.414032 -0.897964
v -0.028934 0.708588 0.650088
v -0.454439 0.523723 0.614861
v -0.438294 0.354583 0.350361
v -0.585592 -0.409327 0.038559
v -0.651851 0.633539 0.075192
v -0.687779 0.586292 0.115785
v -0.022638 0.019444 0.794905
v -0.022638 0.019444 0.794905
v -0.022638 0.019444 0.794905
v -0.427556 -0.176220 0.252936
v -0.254446 -0.322891 0.309690
v -0.290960 -0.331290 0.373518
v -0.568407 -0.697869 -0.503373
v -0.560244 -0.700282 -0.564084
v -0.118367 0.724746 -0.259645
v -0.166077 -0.736769 0.218964
v -0.197074 -0.718632 0.198763
v -0.167538 -0.733275 0.230771
v -0.584492 -0.695204 -0.295065
v -0.403371 0.055842 -0.522029
v -0.307882 0.718687 0.434663
v -0.298279 -0.250045 -0.853490
v -0.268777 -0.307637 -0.863888
v -0.601990 -0.675465 -0.201799
v -0.505626 -0.523240 -0.812917
v -0.087619 -0.347810 -0.901074
v -0.209002 0.426053 0.701271
v -0.265634 0.403400 0.699987
v -0.269019 0.457742 0.711296
v -0.044371 -0.357778 0.613632
v -0.057499 1.005218 0.164693
v -0.092687 0.994300 0.189605
v -0.538797 -0.598529 0.057934
v -0.596497 -0.536018 0.005528
v -0.425731 0.363616 -0.376459
v -0.415465 0.292756 -0.327024
v -0.224698 -0.726136 -0.670595
v -0.303961 -0.682282 -0.742303
v -0.534447 0.709593 0.056347
v -0.255275 0.592546 -0.414273
v -0.446405 0.347995 -0.348585
v -0.470631 0.423244 -0.353585
v -0.086112 -0.752564 -0.033424
v -0.086112 -0.752564 -0.033424
v -0.585818 -0.012382 0.221784
v -0.609612 -0.010387 0.191097
v -0.493853 -0.049974 0.449936
v -0.484403 -0.068002 0.502636
v -0.484228 -0.122854 0.434877
v -0.021872 0.907739 0.421365
v -0.033371 0.856669 0.452923
v -0.135879 0.681464 -0.336320
v -0.388113 0.544322 0.663275
v -0.300285 -0.717896 -0.039268
v -0.300285 -0.717896 -0.039268
v -0.344768 -0.710177 -0.043367
v -0.145328 -0.819297 -0.075551
v -0.090909 0.720571 0.586753
v -0.176275 0.499587 0.701918
v -0.310195 0.197316 0.668711
v -0.706319 0.532406 0.135822
v -0.706589 0.464800 0.169140
v -0.020351 -0.440855 -0.878229
v -0.357231 0.261713 -0.332754
v -0.668568 0.588060 -0.029058
v -0.696192 0.568573 0.038706
v -0.695338 0.518685 -0.025956
v -0.247013 0.884171 0.277187
v -0.214200 0.891153 0.266769
v -0.434018 -0.353828 -0.843414
v -0.463923 -0.371640 -0.835464
v -0.155602 -0.414231 -0.867793
v -0.510292 -0.770988 -0.474941
v -0.361827 0.622490 0.628728
v -0.919447 0.117685 0.256913
v -0.306370 0.325938 0.654840
v -0.360365 0.327559 0.633418
v -0.695273 -0.561071 -0.427711
v -0.446527 0.776628 -0.015133
v -0.617182 -0.088661 -0.427691
v -0.194847 -0.354179 0.531017
v -0.245190 -0.340104 0.529824
v -0.636982 0.308917 0.347748
v -0.466623 -0.320503 -0.795806
v -0.495673 -0.357030 -0.794688
v -0.020215 0.784316 0.471576
v -0.192756 0.195640 -0.301123
v -0.261773 0.298909 0.614011
v -0.288485 0.284439 0.590980
v -0.288485 0.284439 0.590980
v -0.304140 0.284405 0.601235
v -0.271473 -0.276758 0.672103
v -0.677947 -0.308215 -0.472147
v -0.789571 0.229884 0.348083
v -0.785470 0.219970 0.385514
v -0.810410 0.221254 0.328719
v -0.634236 0.299894 0.385598
v -0.680426 0.255039 0.432071
v -0.689836 0.276074 0.389488
v -0.270449 0.158028 -0.239992
v -0.410999 0.671405 0.496415
v -0.426213 0.657649 0.467082
v -0.420604 -0.322495 0.191817
v -0.478012 -0.367799 0.165943
v -0.412842 0.299809 0.440704
v -0.412842 0.299809 0.440704
v -0.539140 -0.020703 -0.523429
v -0.548549 -0.021707 -0.463914
v -0.507923 0.356364 0.291633
v -0.558772 0.365211 0.286228
v -0.323163 0.071825 0.708459
v -0.064381 -0.954078 0.071959
v -0.101376 -0.993286 0.094564
v -0.101376 -0.993286 0.094564
v -0.111246 -0.993526 0.134051
v -0.111246 -0.993526 0.134051
v -0.229922 0.516258 0.700453
v -0.151105 -0.635278 -0.762663
v -0.317066 0.096070 -0.096044
v -0.002754 0.767182 -0.136342
v -0.628870 -0.564015 -0.169338
v -0.613880 -0.552511 -0.117634
v -0.549881 0.359346 -0.154885
v -0.567146 0.378275 -0.141145
v -0.635119 -0.407955 -0.685591
v -0.034413 0.304211 -0.415662
v -0.044251 0.292526 -0.397214
v -0.172834 0.375570 0.656575
v -0.204163 0.380634 0.672737
v -0.465228 0.099640 0.152509
v -0.457896 0.062394 0.102032
v -0.305765 0.235561 -0.323922
v -0.182331 -0.553571 -0.833746
v -0.175223 -0.502171 -0.859004
v -0.225909 -0.536974 -0.873739
v -0.370391 -0.682282 0.114414
v -0.338421 -0.716165 0.073222
v -0.338421 -0.716165 0.073222
v -0.487217 -0.008927 0.287300
v -0.439340 -0.699711 -0.724769
v -0.439340 -0.699711 -0.724769
v -0.439340 -0.699711 -0.724769
v -0.375065 -0.770141 -0.173731
v -0.396711 -0.757359 -0.118303
v -0.344087 -0.764730 -0.161158
v -0.119436 -0.376463 0.401057
v -0.180447 -0.363421 0.387985
v -0.188255 -0.363195 0.426865
v -0.238100 -0.893499 -0.588989
v -0.037114 -0.358867 -0.899557
v -0.322971 0.429712 0.704687
v -0.328071 0.401434 0.691473
v -0.727369 0.226760 0.433253
v -0.770423 0.204326 0.424589
v -0.026643 0.746674 0.554927
v -0.400984 0.000500 -0.068097
v -0.423113 -0.051273 -0.015936
v -0.515171 0.374446 -0.181732
v -0.501457 0.354324 -0.238757
v -0.123940 0.803850 0.435426
v -0.167057 0.786376 0.412250
v -0.162941 0.836895 0.408490
v -0.573914 -0.483993 0.058976
v -0.545361 -0.519025 0.096952
v -0.623856 -0.007608 0.274393
v -0.043392 -0.762154 0.169726
v -0.661490 0.458056 0.255281
v -0.490869 0.672427 -0.050192
v -0.486891 0.687150 -0.022482
v -0.198890 0.199256 -0.229217
v -0.182487 0.213438 -0.224864
v -0.182487 0.213438 -0.224864
v -0.214341 0.193405 -0.224173
v -0.377190 -0.685681 0.007791
v -0.446701 -0.672547 -0.007424
v -0.091908 0.211150 -0.445073
v -0.280340 0.647193 -0.381806
v -0.694459 0.377109 0.066848
v -0.411124 -0.229317 0.318749
v -0.429693 -0.228892 0.397289
v -0.715830 0.263893 0.274897
v -0.467052 -0.075054 -0.721788
v -0.679254 -0.298186 -0.304358
v -0.691162 -0.322726 -0.341289
v -0.498309 0.135965 0.343290
v -0.223635 -0.687421 0.247222
v -0.218276 -0.668159 0.273911
v -0.305136 -0.582872 0.294444
v -0.128013 -0.598620 -0.758804
v -0.434011 -0.109607 -0.759923
v -0.281931 -0.765735 -0.395190
v -0.303573 -0.760707 -0.447715
v -0.303573 -0.760707 -0.447715
v -0.471923 0.343633 0.343769
v -0.531593 0.336486 0.366720
v -0.551727 0.343385 0.324356
v -0.327807 -0.940177 -0.684291
v -0.303221 -0.931495 -0.668354
v -0.323897 -0.932853 -0.688109
v -0.395025 0.702992 -0.150878
v -0.438426 0.666367 -0.151499
v -0.415039 -0.511309 0.202357
v -0.099709 -0.122257 -0.866387
v -0.060539 -0.087211 -0.849032
v -0.112794 -0.093891 -0.853185
v -0.315658 0.167619 -0.093564
v -0.315658 0.167619 -0.093564
v -0.693148 0.428541 -0.020912
v -0.009526 1.009505 0.176394
v -0.382895 -0.649916 0.140192
v -0.356930 -0.639824 0.205957
v -0.498414 0.082972 0.274550
v -0.476952 0.074703 0.230385
v -0.476952 0.074703 0.230385
v -0.509379 0.041924 0.228659
v -0.657588 -0.439693 -0.347837
v -0.301569 0.392725 -0.441306
v -0.314987 0.442784 -0.448723
v -0.726892 0.184295 0.459182
v -0.050346 -0.756562 0.045598
v -0.050346 -0.756562 0.045598
v -0.202396 -0.705048 0.237596
v -0.059431 0.561373 0.770277
v -0.059137 -0.713507 -0.590883
v -0.054085 -0.674107 -0.666747
v -0.139216 0.957447 0.273319
v -0.130199 0.973999 0.244977
v -0.414202 -0.178669 0.214535
v -0.236819 0.753428 -0.101589
v -0.546713 -0.720953 -0.203013
v -0.116939 -0.656979 -0.697569
v -0.128310 -0.603228 -0.754317
v -0.603325 -0.240298 -0.101372
v -0.424091 0.872176 0.118516
v -0.436044 0.874802 0.153956
v -0.456615 0.850655 0.098847
v -0.224299 0.834781 0.008804
v -0.732806 0.234064 0.221963
v -0.226170 -0.354135 0.409199
v -0.300143 0.612521 0.656581
v -0.312663 0.560977 0.689439
v -0.388668 0.306737 0.585430
v -0.621568 -0.515112 -0.131693
v -0.300218 -0.819137 -0.460618
v -0.304085 -0.851115 -0.448518
v -0.481508 0.393837 0.304892
v -0.430809 -0.992626 -0.418509
v -0.430809 -0.992626 -0.418509
v -0.430809 -0.992626 -0.418509
v -0.472434 -0.992876 -0.464391
v -0.472434 -0.992876 -0.464391
v -0.472434 -0.992876 -0.464391
v -0.472434 -0.992876 -0.464391
v -0.440441 0.118035 0.069734
v -0.388338 0.391737 0.325384
v -0.379400 0.375973 0.311275
v -0.095766 -0.958527 0.141199
v -0.137470 -0.928689 0.179611
v -0.137470 -0.928689 0.179611
v -0.614050 0.662704 0.083324
v -0.650461 0.627042 0.131254
v -0.655767 0.281145 0.212824
v -0.670068 0.525601 -0.059855
v -0.009820 0.985506 0.027665
v -0.069389 0.630920 -0.457803
v -0.811362 0.209295 0.267771
v -0.866170 0.155093 0.223134
v -0.425541 -0.564872 0.163875
v -0.257128 -0.759083 -0.517180
v -0.257128 -0.759083 -0.517180
v -0.132448 0.692290 -0.319407
v -0.429427 -0.745013 -0.422106
v -0.429427 -0.745013 -0.422106
v -0.386973 -0.116335 0.101997
v -0.386973 -0.116335 0.101997
v -0.087519 0.201027 0.699015
v -0.507253 0.397998 0.491131
v -0.476054 0.347332 0.476425
v -0.088210 -0.029512 0.778154
v -0.088210 -0.029512 0.778154
v -0.241145 0.366706 0.679492
v -0.084735 -0.568346 0.375571
v -0.337001 0.447594 -0.443001
v -0.477421 0.123146 0.479030
v -0.485575 0.056294 0.495639
v -0.384305 0.618753 -0.371616
v -0.462859 -0.113341 0.265001
v -0.888900 -0.025307 0.237084
v -0.929940 0.017795 0.233409
v -0.909375 -0.004002 0.275145
v -0.084667 0.340609 0.743066
v -0.085451 0.308082 0.712015
v -0.580305 0.229191 0.126670
v -0.533939 0.731999 0.066405
v -0.523210 0.407242 0.321892
v -0.052292 -0.768969 -0.171691
v -0.405959 -0.651910 0.037152
v -0.350420 0.588814 0.663022
v -0.336980 0.538490 0.691245
v -0.667984 -0.485090 -0.278394
v -0.672046 -0.474336 -0.250081
v -0.554906 0.720380 0.231519
v -0.122029 -0.119799 -0.865657
v -0.131910 -0.053330 -0.827277
v -0.258182 -0.140574 -0.842666
v -0.195585 0.220852 -0.252325
v -0.177232 0.247838 -0.302970
v -0.241051 0.226656 -0.302765
v -0.322435 -0.902796 -0.698778
v -0.494662 0.215031 0.099016
v -0.503750 0.219027 0.081430
v -0.097503 -0.711578 -0.594567
v -0.918041 0.023364 0.192520
v -0.440107 0.676573 0.407654
v -0.482184 0.641396 0.373826
v -0.304463 0.149053 -0.356352
v -0.304054 0.149940 -0.392885
v -0.262125 -0.495304 -0.900006
v -0.543944 -0.816231 -0.563681
v -0.525169 -0.851397 -0.588516
v -0.389891 0.241195 0.543108
v -0.525995 0.728486 0.310827
v -0.542918 0.675448 0.295112
v -0.481551 0.756830 0.345052
v -0.468702 -0.920821 -0.430839
v -0.397999 -0.044820 0.055802
v -0.386775 -0.084038 0.068205
v -0.386775 -0.084038 0.068205
v -0.439878 0.319117 0.452852
v -0.392169 0.363785 0.341104
v -0.425315 0.393280 0.336654
v -0.439693 0.172168 0.097792
v -0.421301 0.166910 0.042287
v -0.323820 0.714999 0.435202
v -0.339482 0.709630 0.471517
v -0.381375 -0.404504 0.230480
v -0.442605 -0.037644 0.612874
v -0.475762 -0.039729 0.540348
v -0.230687 0.180506 -0.443622
v -0.258784 0.216536 0.649011
v -0.258784 0.216536 0.649011
v -0.140078 -0.952693 0.172326
v -0.140078 -0.952693 0.172326
v -0.090317 0.219215 -0.294323
v -0.579565 0.604985 0.266105
v -0.636033 0.556759 0.252692
v -0.613585 0.615760 0.218465
v -0.568230 -0.201537 -0.746586
v -0.080838 0.473987 0.778229
v -0.260424 0.219277 0.684094
v -0.288478 0.209271 0.641058
v -0.288478 0.209271 0.641058
v -0.451474 0.334223 0.543138
v -0.461573 0.358019 0.569622
v -0.568555 -0.643177 -0.384513
v -0.555076 -0.689249 -0.332506
v -0.477263 0.573009 0.371875
v -0.508875 0.621879 -0.121017
v -0.326650 -0.403941 0.269428
v -0.310685 0.898462 0.127090
v -0.048727 0.061050 0.761268
v -0.195863 0.211551 0.673332
v -0.195863 0.211551 0.673332
v -0.384321 -0.572068 -0.873523
v -0.502285 0.147656 0.118152
v -0.486040 0.125145 0.144424
v -0.532765 0.072791 0.149107
v -0.426379 0.604098 -0.350920
v -0.573083 -0.196477 -0.739478
v -0.622058 -0.245580 -0.699515
v -0.574468 -0.258676 -0.752330
v -0.171715 -0.819842 0.185653
v -0.214371 -0.925154 0.181809
v -0.162390 0.716254 0.411380
v -0.194710 0.710034 0.452639
v -0.188754 0.724070 0.394805
v -0.404937 -0.164158 0.179179
v -0.100442 0.718274 0.428809
v -0.373461 -0.214708 0.203950
v -0.089828 0.723454 -0.324816
v -0.267097 -0.727658 -0.054327
v -0.267097 -0.727658 -0.054327
v -0.192363 -0.293337 -0.891066
v -0.230146 -0.340763 -0.882501
v -0.489669 0.394828 0.551041
v -0.337221 0.237077 0.590879
v -0.113035 0.884205 0.397762
v -0.081976 0.091832 0.750553
v -0.045509 -0.010255 0.785222
v -0.500775 0.603610 0.356050
v -0.675502 -0.362156 -0.436143
v -0.681970 -0.373646 -0.449579
v -0.586643 -0.429429 -0.721244
v -0.130859 0.509149 -0.464803
v -0.207571 -0.484435 -0.878448
v -0.489065 0.008089 0.497374
v -0.102237 0.557780 0.750955
v -0.395017 -0.993116 -0.535395
v -0.469842 -0.992676 -0.603396
v -0.469842 -0.992676 -0.603396
v -0.469842 -0.992676 -0.603396
v -0.056435 -0.775094 -0.270416
v -0.061699 -0.773186 -0.330758
v -0.512652 -0.696961 -0.645689
v -0.549317 -0.674084 -0.673570
v -0.474633 -0.708298 -0.429896
v -0.506472 -0.740170 -0.469224
v -0.506472 -0.740170 -0.469224
v -0.188075 0.099729 0.709456
v -0.188075 0.099729 0.709456
v -0.242240 0.077333 0.723215
v -0.212124 0.104457 0.718284
v -0.677201 -0.345804 -0.300041
v -0.315536 -0.300273 0.572976
v -0.526485 0.479961 -0.180582
v -0.560731 -0.678062 -0.627841
v -0.132817 0.935132 0.321171
v -0.610065 0.350382 0.259395
v -0.438843 0.262311 -0.244188
v -0.453876 0.300572 -0.284189
v -0.377496 0.148404 -0.042050
v -0.235817 -0.662801 0.275058
v -0.450612 -0.182746 0.502583
v -0.165082 -0.743840 0.188389
v -0.165082 -0.743840 0.188389
v -0.165082 -0.743840 0.188389
v -0.201135 -0.764102 0.185915
v -0.059432 -0.769516 0.086343
v -0.044386 -0.819633 0.063213
v -0.112612 -0.766619 -0.202237
v -0.391642 0.238394 -0.088055
v -0.699373 0.284471 0.341052
v -0.702980 0.174358 0.469868
v -0.616328 0.322599 0.283770
v -0.646177 -0.575557 -0.678790
v -0.651704 -0.593899 -0.665226
v -0.535884 -0.705102 -0.497231
v -0.522029 -0.717644 -0.504301
v -0.522029 -0.717644 -0.504301
v -0.536434 -0.857250 -0.558167
v -0.532063 -0.884862 -0.553919
v -0.679812 -0.035291 0.201029
v -0.713390 -0.045577 0.230976
v -0.668977 -0.040631 0.231930
v -0.470455 -0.085748 -0.038444
v -0.121447 0.107219 0.730859
v -0.093838 -0.759089 -0.419712
v -0.162250 -0.763397 -0.427156
v -0.478992 0.010741 0.524015
v -0.164496 0.399168 0.708838
v -0.522372 0.465076 -0.213676
v -0.522592 0.475490 -0.242245
v -0.659374 0.514896 0.249658
v -0.449230 0.633967 0.399059
v -0.379241 0.853631 0.028372
v -0.392297 0.890939 0.134576
v -0.580371 0.674864 -0.008602
v -0.578527 0.678043 0.047831
v -0.271551 0.861971 0.313901
v -0.313288 0.887826 0.268116
v -0.253250 -0.814273 -0.640621
v -0.700633 0.478132 -0.010748
v -0.398729 0.245407 -0.017450
v -0.519979 0.451250 0.457262
v -0.510441 0.404212 0.461048
v -0.270591 -0.963402 -0.500421
v -0.269236 -0.993226 -0.550289
v -0.269236 -0.993226 -0.550289
v -0.232422 -0.718945 0.210789
v -0.242524 -0.740844 0.186949
v -0.242524 -0.740844 0.186949
v -0.634683 -0.556433 -0.343707
v -0.655974 -0.564708 -0.361722
v -0.638666 -0.553548 -0.336735
v -0.650348 0.535867 -0.098296
v -0.654074 0.513844 -0.100946
v -0.157106 -0.772567 -0.195417
v -0.145932 -0.993576 0.156277
v -0.145932 -0.993576 0.156277
v -0.145932 -0.993576 0.156277
v -0.145932 -0.993576 0.156277
v -0.213931 -0.954241 0.172651
v -0.016250 0.709409 -0.407629
v -0.699473 0.395525 0.133883
v -0.470852 0.220714 0.052878
v -0.684710 -0.421584 -0.406657
v -0.329478 -0.731051 0.023801
v -0.314447 -0.802440 0.003566
v -0.530827 -0.382743 0.112564
v -0.482856 -0.337834 0.156227
v -0.342566 -0.699638 0.026266
v -0.321668 -0.715377 -0.016631
v -0.321668 -0.715377 -0.016631
v -0.192006 0.747298 0.393891
v -0.166643 -0.651335 -0.771401
v -0.202306 -0.695189 -0.725253
v -0.215762 0.618178 -0.391788
v -0.146033 -0.740212 0.231970
v -0.692747 -0.294846 -0.371593
v -0.696446 -0.324416 -0.364276
v -0.097008 0.702136 0.623700
v -0.208431 0.751194 -0.116550
v -0.482883 -0.948525 -0.626303
v -0.487921 -0.631971 -0.771573
v -0.540040 -0.697050 -0.471031
v -0.538802 0.271532 -0.070036
v -0.811604 0.081930 0.418841
v -0.824994 0.013447 0.356959
v -0.842238 0.054252 0.395231
v -0.240947 -0.296346 0.652216
v -0.503378 0.566104 -0.226561
v -0.506510 0.522693 -0.264967
v -0.363237 -0.139693 -0.787138
v -0.348960 -0.074756 -0.752496
v -0.107642 0.258181 -0.259615
v -0.069743 0.232067 -0.251688
v -0.069743 0.232067 -0.251688
v -0.716553 -0.474528 -0.509822
v -0.230200 -0.905054 -0.072952
v -0.272532 -0.910160 -0.039263
v -0.684826 0.364722 0.137655
v -0.469750 0.850080 0.214875
v -0.469123 0.851380 0.148568
v -0.043267 -0.384320 0.387197
v -0.604702 0.442683 0.300754
v -0.659600 -0.451133 -0.163897
v -0.624257 -0.480033 -0.120197
v -0.454028 -0.931216 -0.666871
v -0.166178 -0.632807 0.348849
v -0.122868 -0.625242 0.376931
v -0.044328 0.010638 0.784481
v -0.127651 0.801773 -0.078081
v -0.167636 0.749183 -0.068219
v -0.346642 -0.292242 0.344422
v -0.224248 0.210842 0.696126
v -0.668912 -0.415019 -0.367446
v -0.675776 -0.438479 -0.371296
v -0.428607 0.304272 0.368554
v -0.428607 0.304272 0.368554
v -0.427767 0.280552 0.425676
v -0.202914 -0.760332 -0.469258
v -0.204298 -0.762012 -0.419577
v -0.459351 0.624383 0.476555
v -0.462559 -0.519078 0.161931
v -0.500382 -0.484095 0.148442
v -0.326750 -0.739283 -0.723899
v -0.326750 -0.739283 -0.723899
v -0.335498 -0.698430 -0.726082
v -0.451503 0.034258 -0.552703
v -0.526569 0.797751 0.159767
v -0.483736 0.528921 0.365840
v -0.133228 -0.415738 0.350335
v -0.212180 0.063807 0.712126
v -0.212180 0.063807 0.712126
v -0.688918 -0.281771 -0.427573
v -0.830933 -0.014962 0.315921
v -0.859182 0.009569 0.344109
v -0.068220 -0.685393 0.358015
v -0.258604 0.733654 -0.263787
v -0.303274 0.011916 -0.708290
v -0.315057 0.049424 -0.659493
v -0.337700 0.006420 -0.681104
v -0.680176 0.381827 -0.015505
v -0.370145 0.696727 0.442551
v -0.705057 0.506486 0.006968
v -0.710471 0.454877 0.019034
v -0.507577 0.439420 0.531892
v -0.690841 -0.014453 0.158059
v -0.189922 -0.553108 0.363460
v -0.219973 -0.581105 0.340848
v -0.218276 -0.371586 0.306439
v -0.070357 0.215473 -0.314820
v -0.423588 -0.822918 -0.427618
v -0.603075 0.169970 0.439980
v -0.600885 0.191702 0.454042
v -0.466031 0.082254 0.182739
v -0.811462 -0.027256 0.175152
v -0.797530 -0.042310 0.229396
v -0.792764 0.197694 0.212062
v -0.840073 0.168310 0.212396
v -0.897389 0.084635 0.365433
v -0.070651 0.930801 -0.034486
v -0.112673 0.933268 0.001027
v -0.138698 0.906761 -0.016673
v -0.282045 -0.958310 -0.006224
v -0.290448 -0.950589 0.022518
v -0.243416 -0.956662 0.150801
v -0.220887 -0.993226 0.144073
v -0.220887 -0.993226 0.144073
v -0.220887 -0.993226 0.144073
v -0.220887 -0.993226 0.144073
v -0.255609 -0.993296 0.117274
v -0.255609 -0.993296 0.117274
v -0.491790 0.002995 0.477704
v -0.124927 0.018758 -0.788514
v -0.127756 -0.358874 0.324500
v -0.127756 -0.358874 0.324500
v -0.156037 -0.363172 0.319369
v -0.496905 -0.000868 0.353269
v -0.618573 0.442556 -0.137035
v -0.049063 -0.759421 0.084969
v -0.612891 0.294718 0.179018
v -0.612891 0.294718 0.179018
v -0.593026 0.310477 0.402863
v -0.362406 -0.759682 -0.720097
v -0.267327 -0.858708 -0.479033
v -0.335187 -0.094890 -0.768244
v -0.467179 -0.460648 -0.859593
v -0.384465 -0.274504 0.492354
v -0.338479 -0.697705 0.004707
v -0.443178 -0.230819 0.130894
v -0.088570 -0.519941 0.376259
v -0.003861 -0.535536 0.373318
v -0.069247 0.017651 0.776951
v -0.069247 0.017651 0.776951
v -0.282625 -0.993146 -0.507683
v -0.282625 -0.993146 -0.507683
v -0.589384 -0.120594 -0.630096
v -0.611009 -0.114720 -0.573737
v -0.276938 -0.335880 0.430712
v -0.712549 0.429667 0.104912
v -0.194885 -0.634542 0.320916
v -0.540349 0.018116 0.219191
v -0.663596 -0.428400 -0.177721
v -0.667820 -0.420253 -0.224728
v -0.399210 -0.762515 -0.371750
v -0.685877 0.457316 0.216058
v -0.697671 0.424375 0.176362
v -0.064276 -0.912284 0.020052
v -0.153586 0.890729 0.358230
v -0.153742 0.857468 0.410268
v -0.636709 0.215206 0.464183
v -0.682647 0.188327 0.469561
v -0.356462 -0.208951 0.185309
v -0.356462 -0.208951 0.185309
v -0.370565 -0.182256 0.159330
v -0.370565 -0.182256 0.159330
v -0.460546 -0.117320 -0.758897
v -0.479659 -0.138045 -0.760945
v -0.469048 -0.165599 -0.784955
v -0.656132 0.011330 0.305149
v -0.346960 -0.765781 -0.425624
v -0.346960 -0.765781 -0.425624
v -0.109003 0.967083 0.038006
v -0.190012 0.339973 0.629859
v -0.334173 0.167479 0.636024
v -0.334173 0.167479 0.636024
v -0.092736 0.463570 -0.478683
v -0.173245 0.895102 0.004597
v -0.141890 -0.366829 0.364753
v -0.086285 -0.371037 0.337104
v -0.086285 -0.371037 0.337104
v -0.465251 0.008717 0.180731
v -0.433684 0.676974 -0.194303
v -0.633062 -0.426400 -0.108193
v -0.497693 0.337099 -0.158956
v -0.218588 -0.774125 -0.164378
v -0.301284 -0.768822 -0.163044
v -0.611481 -0.615766 -0.334399
v -0.385055 0.442515 0.677530
v -0.331961 0.129658 -0.350733
v -0.194131 -0.749599 -0.096184
v -0.581817 0.520586 -0.154232
v -0.547355 0.548886 -0.150435
v -0.596680 0.573434 -0.114316
v -0.427524 -0.829163 -0.708670
v -0.427524 -0.829163 -0.708670
v -0.202375 0.595901 0.664559
v -0.212816 0.727625 -0.219608
v -0.090090 0.668433 -0.401745
v -0.316636 -0.305600 0.307968
v -0.881124 0.155830 0.253703
v -0.542787 0.310950 -0.111282
v -0.593950 -0.339088 -0.722719
v -0.371178 0.736088 0.427987
v -0.275533 0.749281 -0.058283
v -0.543752 -0.730411 -0.280182
v -0.336356 -0.289848 -0.839105
v -0.143294 0.330861 0.664740
v -0.610922 -0.092852 -0.339165
v -0.612010 -0.100887 -0.282730
v -0.708450 -0.560937 -0.497958
v -0.168416 -0.689905 0.302923
v -0.496353 0.631712 -0.116700
v -0.531080 0.651065 -0.074627
v -0.201304 -0.592202 -0.828726
v -0.467396 0.032647 -0.284938
v -0.508646 0.004124 -0.349557
v -0.704053 0.098282 0.393284
v -0.673178 0.108694 0.390606
v -0.485743 0.118502 0.403601
v -0.061739 -0.621327 -0.732933
v -0.509063 0.573968 -0.164263
v -0.621049 0.247135 0.455617
v -0.420852 0.305204 0.513039
v -0.274688 -0.478790 0.324825
v -0.303540 -0.493434 0.301158
v -0.478804 0.620874 -0.161881
v -0.348240 0.671947 -0.339465
v -0.347484 0.102814 0.648753
v -0.347484 0.102814 0.648753
v -0.254850 -0.530716 0.329569
v -0.445940 -0.760408 -0.300314
v -0.799861 0.010040 0.116803
v -0.576363 -0.240577 -0.039906
v -0.259976 0.106273 0.727353
v -0.445568 0.223302 0.021837
v -0.446089 0.216614 0.058035
v -0.101713 -0.880464 -0.044257
v -0.218704 0.312127 0.606477
v -0.218704 0.312127 0.606477
v -0.158662 0.030459 0.751191
v -0.442964 0.405541 -0.376229
v -0.678788 -0.379928 -0.587268
v -0.683136 -0.433206 -0.634252
v -0.149385 0.223889 -0.227052
v -0.149385 0.223889 -0.227052
v -0.149919 0.232829 -0.243162
v -0.571706 0.248213 0.016786
v -0.469813 -0.032071 0.220980
v -0.448589 0.044748 -0.280062
v -0.685479 0.150599 0.462743
v -0.640128 -0.037065 0.231022
v -0.390929 0.241410 -0.272413
v -0.192833 -0.337470 0.301622
v -0.192833 -0.337470 0.301622
v -0.128812 0.320806 -0.354747
v -0.119479 0.630210 -0.421870
v -0.220308 -0.756947 -0.557355
v -0.171209 0.263018 0.652164
v -0.292768 -0.616671 -0.836327
v -0.515899 0.454572 0.325786
v -0.582088 0.489710 0.314211
v -0.370888 -0.168725 0.669990
v -0.367531 -0.125245 0.685653
v -0.332689 0.895381 0.251993
v -0.274724 -0.652987 -0.796168
v -0.390845 0.501695 -0.419773
v -0.391473 0.449102 -0.422356
v -0.190906 0.713986 -0.253119
v -0.558502 -0.667356 -0.410867
v -0.461992 0.211016 0.074814
v -0.022294 0.716321 -0.394250
v -0.026429 0.744345 -0.344036
v -0.076576 0.712457 -0.352246
v -0.434170 0.834242 0.040800
v -0.144648 -0.745050 -0.071826
v -0.144648 -0.745050 -0.071826
v -0.162952 -0.739266 -0.073126
v -0.394483 0.089314 -0.371889
v -0.413214 0.231921 0.015389
v -0.413214 0.231921 0.015389
v -0.590694 -0.085978 -0.263536
v -0.290505 0.139960 -0.498139
v -0.275451 0.126691 -0.569022
v -0.437208 -0.548856 -0.854250
v -0.492046 -0.991917 -0.546378
v -0.492046 -0.991917 -0.546378
v -0.360267 -0.530064 0.262719
v -0.007904 -0.743665 0.273080
v -0.710092 -0.516772 -0.572688
v -0.476708 0.038693 0.232065
v -0.331955 -0.379391 -0.890253
v -0.381198 0.243340 -0.003450
v -0.381198 0.243340 -0.003450
v -0.292597 0.094654 -0.620451
v -0.585909 -0.689674 -0.478956
v -0.585377 -0.619650 -0.128184
v -0.286295 -0.756786 -0.121962
v -0.464722 -0.744167 -0.145775
v -0.493692 0.599010 -0.225655
v -0.007397 -0.083606 0.792048
v -0.007397 -0.083606 0.792048
v -0.015155 -0.135314 0.790308
v -0.663483 0.405187 0.238242
v -0.683347 0.402749 0.197189
v -0.342545 0.463322 0.696737
v -0.044104 -0.378902 0.338656
v -0.705316 -0.430091 -0.550542
v -0.131921 0.326105 0.630337
v -0.131921 0.326105 0.630337
v -0.456418 0.085877 0.545945
v -0.620199 0.221479 0.140254
v -0.667321 -0.398905 -0.278897
v -0.024141 -0.761425 0.167406
v -0.613581 0.596453 -0.092821
v -0.492229 -0.199953 -0.798426
v -0.622113 0.284462 0.099371
v -0.537313 -0.117651 -0.709202
v -0.341336 -0.469383 0.273068
v -0.366888 -0.484618 0.256357
v -0.556951 -0.423567 0.093511
v -0.349408 0.698548 -0.278846
v -0.819236 0.109603 0.123364
v -0.845113 0.135062 0.166860
v -0.196086 0.777897 0.400853
v -0.377785 -0.282278 0.424882
v -0.428135 0.319122 0.410530
v -0.440681 0.304808 0.453945
v -0.547817 0.064554 0.301197
v -0.627153 0.054464 0.329730
v -0.613823 0.411787 0.289191
v -0.590728 0.382125 0.285369
v -0.506249 0.557564 -0.178787
v -0.222822 -0.512225 0.348276
v -0.608708 -0.602110 -0.696396
v -0.201535 0.682653 0.575818
v -0.459544 0.685946 -0.039034
v -0.314026 -0.746456 -0.090719
v -0.661116 0.302467 0.304179
v -0.458442 0.360501 0.290792
v -0.459980 0.299720 0.388192
v -0.291950 -0.127260 -0.816162
v -0.237644 -0.836696 -0.588568
v -0.572512 -0.598726 -0.004862
v -0.331402 -0.668241 -0.771490
v -0.086732 0.292988 0.680463
v -0.086732 0.292988 0.680463
v -0.140221 0.270066 -0.318544
v -0.482795 0.363656 0.418590
v -0.298181 0.720228 0.521416
v -0.289329 -0.147780 -0.832001
v -0.736337 0.109133 0.428976
v -0.179911 -0.201455 -0.881929
v -0.055917 0.192444 0.704242
v -0.893899 0.009680 0.330635
v -0.323503 -0.706899 -0.721587
v -0.551867 -0.601313 -0.746867
v -0.581841 0.416545 0.306655
v -0.584898 0.478348 -0.155836
v -0.369883 0.083334 -0.041766
v -0.373675 0.255343 -0.062961
v -0.413264 0.258456 -0.070960
v -0.614765 0.139420 0.401432
v -0.451469 -0.220727 -0.810136
v -0.428983 -0.148853 -0.779509
v -0.528952 -0.695943 -0.619870
v -0.068641 0.392763 -0.466131
v -0.104385 0.381975 -0.437937
v -0.505841 -0.052931 -0.655766
v -0.184072 -0.750803 -0.071397
v -0.184072 -0.750803 -0.071397
v -0.212017 -0.738124 -0.069547
v -0.212017 -0.738124 -0.069547
v -0.470102 0.807443 0.310449
v -0.100603 0.653517 0.678076
v -0.170877 0.571935 -0.408594
v -0.235412 -0.993456 0.042481
v -0.253685 -0.993416 0.001684
v -0.253685 -0.993416 0.001684
v -0.253685 -0.993416 0.001684
v -0.412876 0.321788 0.395113
v -0.412876 0.321788 0.395113
v -0.538086 -0.715417 -0.152524
v -0.187760 0.222837 0.672156
v -0.787474 0.123839 0.441035
v -0.055912 0.870997 0.441736
v -0.763192 0.153094 0.454134
v -0.727676 0.139879 0.464673
v -0.666476 -0.313506 -0.595389
v -0.053982 -0.195904 0.788187
v -0.666037 -0.193952 -0.476774
v -0.558963 -0.026171 -0.421206
v -0.554040 -0.283904 -0.763715
v -0.291395 -0.907210 -0.025909
v -0.307289 -0.847715 0.006630
v -0.405324 0.883459 0.232725
v -0.432589 0.853261 0.282662
v -0.392661 0.031542 0.641190
v -0.404345 -0.007457 0.650902
v -0.066851 -0.753870 -0.014142
v -0.495802 0.583296 -0.171854
v -0.223346 0.749949 -0.149032
v -0.342984 0.870147 0.300803
v -0.385417 0.849968 0.329299
v -0.262924 0.561932 -0.426258
v -0.202059 -0.326189 0.639103
v -0.471074 0.843235 0.243335
v -0.276599 -0.038352 0.729494
v -0.186212 0.936340 0.134123
v -0.627443 0.652743 0.043764
v -0.675833 -0.270699 -0.470516
v -0.078186 -0.758943 0.244404
v -0.062223 -0.750718 0.274167
v -0.146108 -0.821137 0.184841
v -0.146108 -0.821137 0.184841
v -0.275297 -0.208149 0.710664
v -0.109091 -0.761246 -0.138452
v -0.097973 -0.166009 -0.880015
v -0.520802 -0.246370 -0.789315
v -0.292407 0.115999 0.727473
v -0.279054 0.159572 0.720719
v -0.239676 -0.768767 0.183843
v -0.258933 -0.786245 0.166624
v -0.702626 0.404674 0.039375
v -0.477324 -0.670720 -0.039334
v -0.411770 0.515288 -0.406378
v -0.407908 0.335306 0.606138
v -0.246526 0.694194 -0.329064
v -0.222185 0.714328 -0.293090
v -0.287657 0.696400 -0.329569
v -0.103061 -0.993206 0.009249
v -0.103061 -0.993206 0.009249
v -0.094195 0.684036 -0.388054
v -0.143576 -0.906957 -0.072554
v -0.228970 -0.951842 -0.059835
v -0.269849 -0.302650 0.266433
v -0.269849 -0.302650 0.266433
v -0.296462 -0.993156 -0.611065
v -0.296462 -0.993156 -0.611065
v -0.296462 -0.993156 -0.611065
v -0.176875 -0.354896 0.345701
v -0.383559 0.225250 -0.130367
v -0.085388 -0.964340 0.016457
v -0.072459 0.528953 -0.492433
v -0.543908 -0.694395 -0.136054
v -0.585937 -0.695770 -0.209843
v -0.450751 -0.819456 -0.428031
v -0.429449 -0.508117 -0.874401
v -0.324232 0.593154 -0.415540
v -0.397299 -0.174527 -0.792601
v -0.125775 0.437162 -0.451965
v -0.341942 0.402025 -0.434836
v -0.327887 -0.993296 -0.636874
v -0.327887 -0.993296 -0.636874
v -0.187395 0.197352 -0.260230
v -0.350560 -0.993016 -0.417324
v -0.350560 -0.993016 -0.417324
v -0.350560 -0.993016 -0.417324
v -0.350560 -0.993016 -0.417324
v -0.486279 0.187040 0.375321
v -0.452818 0.345995 0.284317
v -0.452818 0.345995 0.284317
v -0.435085 0.198181 0.066881
v -0.233653 0.889579 0.131969
v -0.063415 -0.424994 -0.880535
v -0.538293 -0.105835 -0.120217
v -0.246026 -0.764766 -0.406469
v -0.623007 -0.387538 -0.085912
v -0.386710 -0.265527 -0.817820
v -0.436237 -0.065844 0.625092
v -0.929703 0.019592 0.280937
v -0.393186 -0.993096 -0.606279
v -0.048940 -0.382648 0.500816
v -0.717141 0.463126 0.071775
v -0.618254 -0.167466 -0.656754
v -0.468928 -0.636818 0.056361
v -0.561526 0.702594 0.203670
v -0.873640 0.131511 0.377789
v -0.472228 0.222242 0.026595
v -0.204101 -0.993446 0.155679
v -0.204101 -0.993446 0.155679
v -0.878932 0.166729 0.300680
v -0.286417 0.084494 -0.642537
v -0.435819 0.671335 -0.223917
v -0.124466 -0.193653 0.774730
v -0.506313 0.466618 0.394370
v -0.051385 0.572041 -0.485018
v -0.389543 0.711540 0.430287
v -0.216982 -0.112773 0.752847
v -0.131340 -0.993096 0.131884
v -0.396854 0.148046 0.601475
v -0.171607 0.657357 0.610224
v -0.408560 -0.215868 0.568215
v -0.649369 -0.148926 -0.333570
v -0.775723 0.024337 0.104955
v -0.689369 0.161783 0.469408
v -0.288413 -0.925133 -0.013068
v -0.650602 -0.198585 -0.251705
v -0.676211 -0.234086 -0.314802
v -0.421489 0.385479 0.631186
v -0.404372 0.189811 0.566952
v -0.487152 -0.624887 0.063501
v -0.505454 0.002402 -0.282772
v -0.485470 0.554407 0.559962
v -0.107061 0.357356 -0.419903
v -0.145960 -0.236853 0.746616
v -0.482665 0.103480 0.282208
v -0.482665 0.103480 0.282208
v -0.541590 0.016092 0.225401
v -0.671459 -0.282575 -0.215025
v -0.303751 0.508359 0.702895
v -0.412083 -0.706742 -0.045030
v -0.047370 -0.386379 0.423526
v -0.304922 -0.909221 0.013527
v -0.344520 -0.924385 -0.401175
v -0.155007 -0.351099 0.316746
v -0.155007 -0.351099 0.316746
v -0.557764 0.406045 0.313220
v -0.707969 -0.035096 0.269908
v -0.358851 0.159993 -0.046742
v -0.368190 0.069330 -0.158702
v -0.326130 -0.850357 0.053868
v -0.638183 0.547602 -0.101639
v -0.551867 -0.148492 -0.726220
v -0.651766 -0.512476 -0.186149
v -0.824935 -0.033459 0.282918
v -0.540838 -0.663929 -0.090933
v -0.581071 0.186488 0.112672
v -0.646040 -0.592833 -0.292630
v -0.390609 -0.324805 -0.846336
v -0.692988 0.283118 0.361897
v -0.500924 0.025852 0.394098
v -0.413429 0.761324 -0.037118
v -0.327045 0.136010 -0.438820
v -0.650950 -0.607771 -0.271304
v -0.614488 -0.636185 -0.208545
v -0.902813 0.121599 0.345171
v -0.446508 -0.079771 0.611972
v -0.159053 -0.729272 0.243546
v -0.604565 -0.675363 -0.618675
v -0.151388 -0.590619 0.376421
v -0.313953 0.243097 -0.053923
v -0.639490 -0.618255 -0.657440
v -0.648401 -0.646266 -0.615915
v -0.397090 -0.630752 0.131746
v -0.113494 0.245649 -0.237333
v -0.113494 0.245649 -0.237333
v -0.621302 -0.153575 -0.223754
v -0.594981 -0.464437 0.022702
v -0.667423 -0.342932 -0.579656
v -0.383776 -0.043432 -0.712957
v -0.532298 0.760477 0.084316
v -0.036693 0.731476 0.455716
v -0.103121 0.771181 0.446051
v -0.278194 0.903061 0.148535
v -0.161225 -0.360568 0.541836
v -0.550778 -0.758610 -0.567237
v -0.558128 -0.181522 -0.064015
v -0.110507 -0.764175 0.158214
v -0.526668 0.201496 0.121192
v -0.171007 -0.669505 -0.728217
v -0.604502 -0.093558 -0.553057
v -0.142897 0.402799 0.732745
v -0.156841 0.438717 0.725551
v -0.238593 0.743756 -0.176880
v -0.406454 -0.788111 -0.423785
v -0.273989 -0.919300 -0.460243
v -0.052255 -0.780904 0.016632
v -0.235294 -0.752988 -0.580510
v -0.235294 -0.752988 -0.580510
v -0.231102 -0.796323 -0.572028
v -0.708626 -0.561440 -0.548094
v -0.581493 0.216982 0.454566
v -0.783477 0.060917 0.095467
v -0.139120 -0.485323 0.372540
v -0.279971 0.705288 0.561649
v -0.463424 0.773768 0.356514
v -0.591416 0.596521 -0.102808
v -0.614662 -0.323702 -0.073534
v -0.354785 0.730273 -0.168155
v -0.491040 -0.236219 0.082024
v -0.341032 -0.666113 0.195325
v -0.625069 0.192713 0.463837
v -0.375499 -0.624325 -0.815813
v -0.425436 0.468929 -0.401616
v -0.256142 0.893280 0.264763
v -0.318610 0.153420 -0.063759
v -0.015899 0.610516 -0.483613
v -0.501392 0.387778 0.462861
v -0.566562 -0.245701 -0.757854
v -0.525403 -0.696403 -0.457545
v -0.672207 -0.283365 -0.543880
v -0.436964 -0.931284 -0.404116
v -0.154435 0.451773 -0.434240
v -0.925156 0.032086 0.308358
v -0.659405 -0.230276 -0.221232
v -0.618934 -0.620262 -0.385817
v -0.640593 -0.591558 -0.375004
v -0.604373 -0.512619 0.007762
v -0.122667 -0.565946 -0.789314
v -0.602314 -0.683278 -0.272129
v -0.619290 0.634404 0.179858
v -0.271528 0.043554 -0.709668
v -0.440528 0.656785 -0.258946
v -0.479375 -0.151018 0.030932
v -0.133263 -0.200752 -0.891688
v -0.084072 -0.650845 0.375232
v -0.485387 0.471255 -0.336190
v -0.110378 0.913220 0.371721
v -0.158448 0.485592 -0.440085
v -0.441196 -0.174335 0.567372
v -0.648679 -0.169272 -0.564311
v -0.286093 0.619689 -0.394095
v -0.493778 0.342706 -0.254355
v -0.021689 0.941829 -0.037149
v -0.421206 0.444780 0.654240
v -0.499403 0.215441 0.116814
v -0.499403 0.215441 0.116814
v -0.078925 -0.048039 0.783975
v -0.338378 0.077762 -0.104378
v -0.086412 0.738967 -0.115766
v -0.008956 1.008404 0.211928
v -0.256251 0.510006 -0.442847
v -0.510873 0.103720 0.322130
v -0.102510 0.054706 0.762039
v -0.190663 0.661534 -0.364214
v -0.341224 0.126942 0.674534
v -0.285986 -0.610549 0.302846
v -0.464985 -0.610629 -0.802077
v -0.289737 0.801636 0.383505
v -0.376390 -0.237335 0.598782
v -0.196680 0.554320 0.694013
v -0.003741 1.005969 0.244697
v -0.643269 -0.162531 -0.513199
v -0.567906 0.673470 0.163288
v -0.659278 0.565525 -0.071021
v -0.325399 0.622548 -0.394640
v -0.073343 -0.153711 0.785243
v -0.558328 -0.723560 -0.573482
v -0.558328 -0.723560 -0.573482
v -0.725566 0.077525 0.088805
v -0.659972 -0.229183 -0.238555
v -0.116681 0.307492 0.671259
v -0.362338 -0.680619 0.005005
v -0.130789 0.960288 0.046649
v -0.699597 -0.437553 -0.594835
v -0.352716 0.246922 -0.019628
v -0.352716 0.246922 -0.019628
v -0.003488 0.005485 0.785868
vn -0.9857 -0.1677 -0.0176
vn -0.5132 0.2965 -0.8054
vn -0.5030 0.3138 -0.8053
vn -0.9179 -0.0263 0.3959
vn -0.9092 0.0105 0.4162
vn -0.9464 0.0368 0.3209
vn -0.1231 -0.0067 0.9924
vn -0.2596 -0.8906 0.3734
vn -0.4918 -0.6771 0.5474
vn -0.6054 0.5649 0.5607
vn -0.6193 0.3621 0.6966
vn -0.7300 -0.6430 0.2317
vn -0.6719 0.7388 0.0523
vn -0.7974 0.6012 0.0524
vn -0.8194 0.5550 0.1433
vn -0.7248 0.6799 0.1116
vn -0.4239 0.1928 -0.8849
vn 0.6949 0.0698 -0.7157
vn 0.6472 0.3754 -0.6635
vn 0.6481 -0.0958 -0.7555
vn 0.2364 -0.2667 -0.9343
vn 0.5374 0.0640 -0.8409
vn 0.4652 0.4400 -0.7681
vn 0.3783 0.1603 -0.9117
vn -0.3302 -0.6845 -0.6499
vn -0.2082 -0.7855 -0.5828
vn -0.2156 -0.8656 -0.4518
vn -0.0931 -0.9953 0.0261
vn -0.0915 -0.9956 0.0208
vn -0.2474 -0.9689 0.0039
vn -0.2764 -0.5040 -0.8183
vn -0.3188 -0.5562 -0.7675
vn -0.3881 -0.5241 -0.7581
vn -0.5682 0.7300 0.3798
vn 0.1729 0.5794 0.7965
vn -0.1409 0.8848 0.4442
vn 0.1650 0.2324 0.9585
vn 0.1730 0.5795 0.7964
vn -0.1404 0.4842 -0.8636
vn -0.8196 0.5610 -0.1166
vn -0.9647 0.2162 -0.1505
vn -0.2887 0.8450 0.4503
vn 0.0653 0.9830 -0.1713
vn -0.2261 0.7825 -0.5802
vn 0.8985 0.0009 -0.4389
vn 0.7701 -0.0290 -0.6372
vn 0.7626 0.1510 -0.6290
vn -0.6365 -0.7682 -0.0688
vn -0.5717 -0.7981 -0.1902
vn -0.6712 -0.7264 -0.1478
vn -0.3355 -0.0335 -0.9415
vn -0.4862 -0.0495 -0.8724
vn -0.3536 -0.3549 -0.8655
vn -0.1253 0.9798 -0.1558
vn -0.1733 0.9829 -0.0621
vn -0.2020 0.9794 0.0058
vn -0.6758 0.4395 0.5918
vn -0.5891 0.5496 0.5924
vn -0.6398 0.6143 0.4618
vn -0.9983 -0.0471 0.0346
vn -0.9978 -0.0044 0.0666
vn -0.9921 -0.0959 0.0813
vn -0.3432 0.1439 0.9282
vn -0.6864 0.1372 0.7141
vn -0.6989 0.3050 0.6469
vn -0.5973 -0.6263 -0.5010
vn -0.6630 -0.5560 -0.5012
vn -0.6463 -0.4595 -0.6092
vn -0.3197 0.9381 -0.1333
vn -0.3251 0.9457 -0.0033
vn -0.6920 0.3390 -0.6373
vn -0.8174 0.3113 -0.4846
vn -0.8879 0.0045 -0.4599
vn -0.9520 0.0803 -0.2955
vn -0.3314 -0.7218 -0.6076
vn -0.3615 -0.8341 -0.4167
vn -0.4470 -0.7352 -0.5095
vn -0.6294 0.4482 0.6348
vn -0.3374 0.6617 0.6696
vn -0.5301 0.5677 0.6299
vn -0.2896 0.5193 -0.8040
vn 0.1551 0.3440 -0.9261
vn -0.2952 -0.4177 -0.8593
vn -0.5510 0.0943 -0.8292
vn -0.4116 0.3765 -0.8299
vn -0.3764 0.1196 -0.9187
vn -0.5211 -0.0810 -0.8496
vn -0.5409 -0.2727 -0.7957
vn -0.4929 -0.3637 -0.7904
vn -0.0000 0.1733 0.9849
vn -0.0000 0.3022 0.9533
vn -0.1526 0.3322 0.9308
vn -0.5328 -0.7951 0.2897
vn -0.5298 -0.7452 0.4050
vn -0.4085 -0.8380 0.3619
vn -0.0619 0.2839 -0.9568
vn -0.2436 -0.6298 0.7376
vn -0.4188 -0.5895 0.6907
vn -0.2881 -0.7335 0.6156
vn -0.5099 -0.4631 0.7250
vn -0.4642 -0.6081 0.6440
vn -0.5813 -0.5060 0.6372
vn -0.6338 -0.4677 -0.6160
vn -0.7341 -0.2794 -0.6189
vn -0.6086 -0.3212 -0.7256
vn 0.5876 0.4372 0.6809
vn 0.3583 0.6311 0.6880
vn 0.3326 0.5465 0.7686
vn -0.0168 -0.5863 0.8099
vn -0.1568 -0.5471 0.8223
vn -0.3026 -0.6575 0.6900
vn 0.1985 0.7070 -0.6788
vn 0.1232 0.7530 -0.6463
vn 0.0432 0.9143 -0.4028
vn -0.1968 -0.5477 0.8132
vn -0.2293 -0.3553 0.9062
vn -0.3185 -0.5087 0.7998
vn -0.8355 0.2232 0.5021
vn -0.8996 0.1853 0.3955
vn -0.8105 -0.0245 0.5852
vn -0.8504 0.1700 -0.4980
vn -0.7270 0.2719 -0.6305
vn -0.6826 -0.0272 -0.7303
vn -0.5827 0.6812 -0.4432
vn -0.5583 0.6919 -0.4577
vn -0.5167 0.4687 -0.7165
vn -0.5137 -0.8491 0.1227
vn -0.5445 -0.8373 0.0496
vn -0.5850 -0.8058 0.0920
vn 0.0306 -0.9672 -0.2523
vn 0.2222 -0.9488 -0.2247
vn -0.0539 -0.9535 -0.2964
vn -0.8647 0.0325 -0.5012
vn -0.9405 0.2264 -0.2533
vn -0.8466 0.1378 -0.5140
vn -0.1992 -0.9751 -0.0970
vn -0.3330 -0.9425 0.0291
vn -0.3533 -0.9331 -0.0667
vn -0.8929 0.2722 0.3587
vn -0.8220 0.1314 0.5541
vn -0.7821 0.2930 0.5501
vn -0.7929 0.6057 -0.0662
vn -0.6746 0.6734 -0.3023
vn -0.7318 0.6121 -0.2996
vn -0.7527 -0.1958 -0.6286
vn -0.8800 -0.0707 -0.4697
vn -0.7529 -0.1882 -0.6307
vn -0.7882 -0.5032 -0.3543
vn -0.7452 -0.5154 -0.4232
vn -0.8072 0.5262 -0.2674
vn -0.1771 0.3115 0.9336
vn -0.3515 0.3153 0.8815
vn -0.2587 0.0440 0.9649
vn -0.1333 -0.7260 0.6747
vn -0.2096 -0.7425 0.6363
vn -0.5008 -0.0688 -0.8628
vn -0.5737 0.0675 -0.8163
vn -0.6243 0.0337 -0.7805
vn 0.1982 -0.8688 -0.4538
vn -0.0124 -0.7669 -0.6417
vn 0.1511 -0.7136 -0.6841
vn 0.3607 -0.2038 -0.9101
vn 0.2638 -0.0415 -0.9637
vn -0.0610 -0.0958 -0.9935
vn -0.4777 -0.8737 0.0921
vn -0.4768 -0.8507 0.2211
vn -0.5071 -0.8608 -0.0439
vn -0.9059 0.4208 -0.0484
vn -0.8913 0.4102 -0.1934
vn -0.8931 0.4074 -0.1906
vn -0.9012 -0.0420 0.4313
vn -0.9146 0.2226 0.3376
vn -0.9710 0.0994 0.2174
vn -0.1469 -0.0449 -0.9881
vn -0.2311 0.3439 -0.9101
vn -0.3354 -0.0334 -0.9415
vn -0.2332 0.6998 -0.6752
vn -0.1736 0.6168 -0.7677
vn -0.2301 0.5462 -0.8054
vn -0.3125 -0.8425 0.4389
vn -0.3285 -0.8829 0.3356
vn -0.2132 -0.9175 0.3357
vn -0.2812 -0.7569 0.5899
vn -0.2977 -0.7576 0.5808
vn -0.2535 -0.7892 0.5594
vn -0.1612 -0.3391 0.9268
vn -0.3116 -0.2636 0.9129
vn -0.3318 -0.5677 0.7534
vn -0.8047 0.4575 -0.3783
vn -0.4823 0.7916 0.3752
vn -0.6213 0.6853 0.3800
vn -0.9877 0.1534 -0.0312
vn -0.9555 0.1884 0.2270
vn -0.9994 0.0153 0.0323
vn -0.6211 -0.5931 -0.5123
vn -0.7194 -0.6233 -0.3065
vn -0.7039 -0.5179 -0.4861
vn -0.2140 -0.8714 0.4415
vn -0.2419 -0.8115 0.5319
vn -0.3280 -0.7041 0.6298
vn -0.4057 -0.7438 0.5312
vn -0.3639 -0.7174 0.5940
vn -0.4038 0.1901 -0.8949
vn -0.4247 0.1490 -0.8930
vn -0.4736 0.3261 -0.8182
vn 0.8896 -0.0364 -0.4552
vn 0.8464 0.0076 -0.5326
vn 0.9677 0.2323 -0.0978
vn -0.7957 0.3505 0.4939
vn -0.8027 0.1917 0.5648
vn -0.5657 0.3363 0.7529
vn -0.1921 0.9784 0.0766
vn -0.4765 0.8131 0.3345
vn -0.2344 0.8775 0.4183
vn -0.3460 -0.9028 -0.2554
vn -0.3902 -0.9158 -0.0953
vn -0.3941 -0.8575 -0.3308
vn -0.7355 0.5243 -0.4291
vn -0.7245 0.4903 -0.4845
vn -0.7703 0.3939 -0.5016
vn -0.9827 -0.1787 0.0483
vn -0.9636 -0.2137 -0.1605
vn -0.9059 -0.4160 -0.0792
vn -0.7900 0.4781 0.3839
vn -0.9392 -0.2549 0.2302
vn -0.9952 -0.0890 0.0399
vn -0.9325 -0.3513 0.0842
vn -0.3399 -0.9174 0.2071
vn -0.2806 -0.7720 0.5703
vn -0.2955 -0.6956 0.6549
vn -0.7570 -0.3637 0.5428
vn -0.7947 -0.1916 0.5759
vn -0.9003 -0.1752 0.3985
vn -0.3832 -0.3184 0.8671
vn -0.1312 0.8301 -0.5420
vn -0.2896 0.8541 -0.4320
vn -0.5878 0.3868 -0.7105
vn 0.0358 0.9993 -0.0102
vn -0.0608 0.9981 -0.0126
vn -0.0422 0.9889 0.1424
vn -0.8640 0.4848 -0.1359
vn -0.7605 0.5274 -0.3787
vn -0.9214 0.3607 -0.1448
vn -0.9497 0.3027 0.0795
vn -0.8915 0.4404 0.1060
vn -0.8936 0.4486 0.0144
vn -0.8887 -0.1871 -0.4186
vn -0.9707 -0.0812 -0.2260
vn -0.9093 -0.0475 -0.4134
vn 0.2679 0.9097 0.3172
vn 0.0296 0.9891 -0.1445
vn 0.5778 0.7600 -0.2975
vn 0.2890 0.8418 -0.4559
vn 0.8114 -0.0099 -0.5844
vn -0.7690 0.6320 -0.0960
vn -0.6553 0.7481 0.1045
vn -0.7605 0.6373 -0.1243
vn -0.9786 0.0049 -0.2058
vn -0.9747 0.1729 -0.1413
vn -0.9743 -0.0149 -0.2245
vn 0.4104 0.6559 0.6335
vn 0.2839 0.4799 0.8301
vn 0.3827 0.4152 0.8253
vn -0.3305 0.9295 -0.1639
vn -0.3256 0.9434 0.0639
vn -0.2363 0.9703 -0.0520
vn -0.6170 0.0777 0.7831
vn -0.6065 0.0172 0.7949
vn -0.3040 0.0179 0.9525
vn -0.5774 0.4632 0.6723
vn -0.8230 -0.0283 0.5674
vn -0.9749 0.0586 -0.2148
vn -0.3100 0.6647 0.6797
vn -0.6077 0.6514 0.4543
vn -0.3311 0.7632 0.5549
vn -0.2686 0.9614 0.0593
vn -0.8414 -0.1156 0.5279
vn -0.8094 -0.3678 0.4578
vn -0.9155 -0.1469 0.3745
vn -0.4262 -0.3321 -0.8415
vn -0.8630 0.4896 -0.1246
vn -0.7744 0.6313 -0.0423
vn -0.8143 0.5521 -0.1791
vn -0.4270 -0.1902 0.8840
vn -0.4801 0.1751 0.8596
vn -0.5971 -0.3469 0.7233
vn -0.4710 -0.5263 -0.7079
vn -0.8206 -0.4889 -0.2958
vn -0.7029 -0.2695 -0.6582
vn -0.6571 -0.7166 -0.2339
vn -0.7179 -0.6322 -0.2915
vn -0.6648 -0.6692 -0.3318
vn -0.1978 0.7738 0.6017
vn 0.0660 -0.6950 -0.7160
vn 0.1525 -0.1884 -0.9702
vn -0.8476 -0.5300 -0.0254
vn -0.9478 -0.2399 -0.2101
vn -0.8043 -0.5383 -0.2515
vn -0.3086 0.8508 0.4253
vn -0.3854 0.8520 0.3545
vn -0.0845 0.8522 0.5163
vn -0.6628 0.6532 -0.3660
vn -0.4465 0.7573 -0.4766
vn -0.8837 0.4670 -0.0304
vn -0.6794 0.7326 0.0405
vn -0.6454 0.7552 -0.1148
vn -0.6428 -0.6003 -0.4759
vn -0.6707 -0.7128 -0.2051
vn -0.7476 -0.5349 -0.3936
vn -0.8404 0.2181 0.4962
vn 0.0284 0.4647 0.8850
vn -0.1039 0.6072 0.7877
vn -0.1454 0.2332 0.9615
vn -0.9017 0.2569 0.3479
vn -0.8409 0.3385 0.4222
vn -0.8479 0.3767 0.3730
vn -0.4278 -0.5793 -0.6938
vn -0.5657 -0.4976 -0.6575
vn -0.3082 -0.9288 -0.2056
vn -0.8638 -0.5025 0.0377
vn -0.8921 -0.4491 0.0507
vn -0.5536 0.5246 -0.6468
vn -0.4502 0.8021 -0.3924
vn -0.7202 0.5258 -0.4525
vn -0.3721 0.7645 -0.5265
vn -0.3856 0.7961 -0.4664
vn -0.4051 0.7278 -0.5533
vn 0.3332 0.8760 0.3488
vn 0.1875 0.9426 0.2762
vn 0.2962 0.8544 0.4269
vn -0.5068 -0.3295 0.7966
vn -0.6054 -0.4263 0.6721
vn -0.4305 -0.5407 0.7228
vn 0.3166 -0.0926 0.9440
vn 0.3931 -0.1479 0.9075
vn 0.1651 -0.1700 0.9715
vn -0.2454 -0.5909 0.7685
vn -0.2132 0.9659 0.1466
vn -0.6475 0.7427 0.1708
vn -0.4372 0.8968 0.0680
vn -0.1774 -0.8692 -0.4615
vn -0.3102 -0.8189 -0.4829
vn -0.2120 -0.7975 -0.5648
vn -0.7003 -0.1369 -0.7006
vn -0.6570 -0.0503 -0.7522
vn -0.7334 0.4867 0.4746
vn -0.4339 0.5215 0.7347
vn -0.5952 0.7415 0.3097
vn -0.8493 -0.2360 -0.4723
vn -0.8619 -0.1051 -0.4961
vn -0.8047 -0.2813 -0.5227
vn -0.7023 -0.7118 -0.0103
vn -0.8163 -0.5684 0.1030
vn -0.8493 -0.5105 -0.1349
vn -0.2395 -0.5086 -0.8270
vn -0.5085 -0.0199 -0.8608
vn -0.3611 -0.0629 -0.9304
vn -0.6384 0.7109 0.2950
vn -0.8136 0.5097 0.2796
vn -0.2549 0.9364 0.2412
vn -0.3838 0.9147 0.1265
vn -0.2581 0.9157 0.3082
vn -0.2783 0.9551 -0.1021
vn -0.4257 0.9047 0.0178
vn -0.6893 0.7173 0.1017
vn -0.2778 -0.9444 0.1756
vn -0.3046 -0.9210 0.2429
vn -0.8065 0.5455 0.2280
vn -0.5967 0.6421 0.4813
vn -0.6804 0.7243 0.1117
vn -0.4840 -0.8430 0.2349
vn -0.5427 -0.7958 0.2688
vn 0.1362 -0.9895 -0.0488
vn -0.0749 -0.8431 -0.5325
vn -0.1055 -0.9944 0.0070
vn -0.3284 -0.1041 0.9388
vn -0.2964 -0.1221 0.9472
vn -0.3738 -0.1180 0.9200
vn -0.8354 0.5043 -0.2186
vn -0.8430 0.4328 -0.3196
vn -0.6946 0.1611 0.7011
vn -0.6230 0.1950 0.7575
vn -0.7098 0.0926 0.6983
vn -0.3438 -0.7371 -0.5818
vn -0.3816 -0.6741 -0.6325
vn -0.7117 -0.5511 -0.4355
vn -0.1748 0.2566 0.9506
vn -0.1058 0.0962 0.9897
vn -0.1047 0.1516 0.9829
vn -0.2246 -0.9743 0.0177
vn -0.3569 -0.9340 -0.0176
vn -0.1771 -0.9720 -0.1542
vn -0.6281 0.5914 -0.5057
vn -0.8371 0.1814 -0.5161
vn -0.8277 0.3634 -0.4277
vn -0.5895 0.3755 0.7151
vn -0.4313 0.5011 0.7502
vn -0.5423 0.6424 0.5415
vn 0.0414 0.9177 0.3950
vn 0.4265 0.6706 0.6070
vn 0.1272 0.8227 0.5540
vn -0.9443 -0.3095 0.1121
vn -0.7521 -0.5642 0.3405
vn -0.9676 -0.2216 0.1209
vn 0.0971 -0.6506 0.7532
vn 0.0924 -0.4485 0.8890
vn 0.0552 -0.6428 0.7640
vn -0.6572 0.4424 0.6103
vn -0.7713 0.1445 0.6198
vn -0.1189 0.9922 -0.0371
vn -0.1631 0.9862 -0.0285
vn 0.3631 0.7795 0.5104
vn 0.5210 0.8535 0.0022
vn 0.3370 0.8053 0.4878
vn 0.4774 0.7587 0.4433
vn -0.1650 -0.7202 0.6739
vn 0.0192 -0.8448 0.5347
vn -0.3803 -0.8207 0.4264
vn -0.6478 0.6577 0.3844
vn -0.5983 0.4963 0.6290
vn -0.5270 -0.3112 -0.7908
vn -0.4529 0.0852 -0.8875
vn -0.4388 0.8855 0.1529
vn -0.3166 0.9344 -0.1631
vn -0.1103 0.8879 -0.4467
vn -0.3104 0.0726 0.9478
vn 0.2959 -0.0088 0.9552
vn 0.3110 0.0293 0.9500
vn -0.8635 -0.3013 0.4045
vn -0.5056 -0.8368 -0.2099
vn -0.4557 -0.8665 -0.2038
vn -0.5348 -0.8165 -0.2175
vn -0.4208 -0.1332 -0.8973
vn -0.3683 -0.2032 -0.9072
vn 0.0636 -0.0389 -0.9972
vn -0.9446 -0.2602 -0.1999
vn -0.9928 -0.0484 -0.1099
vn -0.9610 0.0293 -0.2751
vn -0.0884 0.3411 0.9358
vn -0.1043 0.3250 0.9400
vn -0.1157 0.3204 0.9402
vn -0.1806 0.7231 0.6668
vn -0.3611 0.7501 0.5540
vn -0.3518 0.6518 0.6719
vn -0.1960 -0.5191 0.8320
vn 0.1462 -0.5366 0.8310
vn 0.1597 -0.7110 0.6848
vn -0.3989 -0.8461 -0.3535
vn 0.0244 -0.8148 -0.5792
vn -0.8983 -0.3340 -0.2856
vn -0.8687 -0.2712 -0.4145
vn -0.8441 -0.2891 -0.4516
vn -0.2795 -0.3363 0.8993
vn -0.5644 -0.4552 0.6886
vn -0.4595 -0.5013 0.7332
vn -0.1348 0.2907 0.9473
vn -0.1528 0.2318 0.9607
vn -0.5123 0.1885 -0.8379
vn -0.7882 0.0075 -0.6153
vn -0.6296 0.0140 -0.7768
vn -0.1861 -0.6771 -0.7119
vn -0.4004 -0.6270 -0.6682
vn -0.0000 0.8051 0.5932
vn -0.0000 0.8898 0.4564
vn -0.2006 0.8717 0.4471
vn -0.0765 0.7150 -0.6949
vn -0.3904 0.6450 -0.6569
vn -0.0848 0.7672 -0.6358
vn -0.9873 0.1130 -0.1121
vn -0.8859 0.3270 -0.3290
vn -0.3721 0.8057 -0.4608
vn -0.5176 0.6285 -0.5806
vn -0.5120 0.7275 -0.4568
vn -0.4893 -0.5102 0.7073
vn -0.5216 -0.6412 0.5629
vn -0.7208 -0.6867 0.0945
vn -0.7886 -0.6148 0.0121
vn -0.7244 -0.6893 -0.0104
vn -0.5384 0.8349 -0.1143
vn -0.5756 0.8131 -0.0867
vn -0.2276 0.9140 -0.3358
vn -0.6029 -0.3421 -0.7208
vn -0.4233 -0.2494 -0.8710
vn -0.6706 -0.2177 -0.7091
vn -0.3268 -0.9212 -0.2114
vn -0.3099 -0.9508 -0.0006
vn -0.3750 -0.9124 -0.1641
vn -0.9578 0.2099 -0.1963
vn -0.8092 -0.2414 0.5357
vn -0.8305 -0.2687 0.4879
vn -0.4435 -0.1852 0.8769
vn -0.6419 -0.3049 0.7035
vn -0.5095 0.0351 0.8598
vn -0.0000 -0.0296 -0.9996
vn -0.2326 0.1556 -0.9600
vn -0.0000 0.4343 -0.9008
vn -0.3830 -0.7857 0.4857
vn -0.4212 -0.7649 0.4874
vn -0.3507 -0.9360 -0.0293
vn -0.3719 -0.9283 0.0052
vn -0.4033 -0.9143 -0.0387
vn -0.3792 0.6027 -0.7021
vn -0.4539 0.7005 -0.5508
vn -0.9780 0.1500 0.1452
vn -0.9909 0.0424 0.1277
vn -0.3265 0.1282 0.9364
vn -0.3050 0.6019 0.7381
vn -0.2986 0.6787 0.6710
vn -0.4577 0.3656 0.8105
vn -0.0000 -0.9480 -0.3183
vn -0.0000 -0.9657 -0.2596
vn -0.1377 -0.9379 -0.3185
vn -0.5034 -0.8612 -0.0704
vn -0.4307 -0.9021 0.0274
vn -0.6128 -0.7849 -0.0922
vn -0.6467 -0.5857 -0.4885
vn -0.7182 -0.6946 -0.0405
vn -0.5077 -0.2115 -0.8352
vn -0.6153 -0.1268 -0.7780
vn -0.9695 0.2369 0.0625
vn -0.8213 -0.4094 -0.3973
vn -0.8698 0.4908 -0.0499
vn -0.6358 -0.7668 0.0885
vn -0.6353 -0.7680 0.0813
vn -0.0063 0.5974 -0.8020
vn -0.2375 0.5106 -0.8264
vn -0.4213 -0.5065 -0.7523
vn -0.7503 0.6525 -0.1064
vn -0.6684 0.1060 0.7362
vn -0.6753 0.2393 0.6976
vn -0.9495 0.1764 -0.2593
vn -0.6464 0.2818 -0.7091
vn -0.0000 0.9967 -0.0817
vn -0.1073 0.9898 -0.0934
vn -0.0000 0.9965 -0.0838
vn -0.5311 0.5265 -0.6639
vn -0.0356 -0.1767 -0.9836
vn -0.0424 -0.4037 -0.9139
vn -0.0038 -0.1908 -0.9816
vn 0.7884 0.5364 0.3012
vn 0.5075 0.5329 0.6771
vn 0.6425 0.4371 0.6293
vn -0.8233 -0.5199 0.2275
vn -0.8922 -0.3949 0.2190
vn -0.6283 -0.1209 0.7685
vn -0.1828 -0.8504 0.4933
vn -0.3626 -0.7745 0.5184
vn -0.8938 0.1921 -0.4053
vn -0.8686 0.2726 -0.4137
vn -0.9014 0.2363 -0.3627
vn -0.4950 -0.8352 0.2397
vn -0.5479 0.4505 0.7049
vn -0.5433 0.5167 0.6618
vn -0.6100 0.3052 0.7312
vn -0.4434 0.8237 0.3533
vn -0.2045 0.8218 0.5317
vn -0.2815 0.7383 0.6130
vn -0.7013 -0.0925 0.7068
vn -0.6430 -0.3038 0.7030
vn -0.3140 0.6579 0.6845
vn -0.3248 0.7820 0.5320
vn -0.5083 0.6740 0.5361
vn -0.4560 0.4302 -0.7791
vn 0.2837 0.5157 -0.8084
vn -0.3076 0.8167 -0.4883
vn -0.9517 -0.1470 0.2696
vn -0.9570 0.0821 0.2781
vn -0.9799 -0.0457 0.1942
vn -0.1646 0.8377 0.5207
vn -0.3122 -0.8852 0.3450
vn -0.4462 -0.8757 0.1844
vn -0.4263 -0.8824 0.1992
vn -0.8432 0.4586 -0.2804
vn -0.7375 0.6421 -0.2092
vn -0.9833 0.0383 0.1778
vn -0.9566 0.1609 0.2430
vn -0.9764 0.1641 0.1401
vn -0.0821 0.5312 0.8432
vn -0.0159 0.1033 0.9945
vn -0.3320 0.2901 0.8976
vn -0.3385 -0.0603 0.9390
vn 0.8318 0.0837 0.5487
vn 0.9024 0.1444 0.4059
vn 0.8097 0.1542 0.5662
vn -0.7735 -0.0272 -0.6332
vn -0.9542 -0.1445 -0.2621
vn -0.1266 0.1662 -0.9779
vn -0.2839 0.1926 -0.9393
vn -0.2546 0.3443 -0.9037
vn -0.4736 -0.7842 -0.4010
vn -0.4914 -0.5918 -0.6390
vn -0.4090 -0.6220 -0.6677
vn -0.3533 -0.9340 -0.0534
vn -0.3522 -0.9163 -0.1904
vn -0.1642 -0.9816 -0.0974
vn -0.2971 0.9547 0.0170
vn -0.3281 0.9419 0.0719
vn -0.1675 0.0217 -0.9856
vn -0.2524 -0.1483 -0.9562
vn -0.2441 0.0527 -0.9683
vn -0.6248 -0.6814 -0.3812
vn -0.6171 -0.6501 -0.4433
vn -0.9442 -0.2883 0.1590
vn -0.7902 0.1214 0.6007
vn -0.9290 0.3408 0.1442
vn -0.7679 0.4151 0.4880
vn -0.8537 0.0552 -0.5178
vn -0.7438 0.2381 -0.6245
vn 0.4073 0.6567 -0.6347
vn 0.3163 0.7415 -0.5917
vn 0.4392 0.7418 -0.5069
vn -0.0677 0.9977 -0.0054
vn 0.2889 0.8418 -0.4559
vn 0.5778 0.7600 -0.2976
vn -0.9686 0.1369 0.2075
vn -0.7765 -0.0440 -0.6286
vn -0.7665 0.1500 -0.6245
vn -0.6402 -0.0109 -0.7682
vn -0.7483 0.6546 0.1075
vn -0.4428 0.8490 -0.2883
vn -0.2885 0.8451 -0.4500
vn 0.0347 0.7180 -0.6951
vn -0.0896 -0.9824 0.1640
vn -0.2296 -0.9621 0.1473
vn 0.0390 -0.5947 0.8030
vn -0.1518 -0.6457 0.7484
vn -0.1348 -0.7535 0.6435
vn -0.7366 -0.4751 0.4814
vn -0.6194 -0.7106 0.3336
vn -0.8991 0.4357 0.0419
vn -0.7520 0.6214 0.2198
vn -0.7883 0.6114 0.0695
vn -0.8495 0.4779 0.2233
vn -0.4722 -0.8407 0.2650
vn -0.2129 -0.6635 0.7172
vn -0.3469 -0.6510 0.6752
vn -0.3301 -0.7068 0.6257
vn -0.9745 -0.1150 -0.1927
vn -0.9708 0.0632 -0.2314
vn -0.9683 -0.0368 -0.2471
vn 0.3415 0.6749 -0.6541
vn 0.2811 0.5995 -0.7494
vn 0.3756 0.5809 -0.7221
vn -0.7337 0.2177 -0.6437
vn -0.5668 0.1352 -0.8127
vn -0.5442 0.0562 -0.8371
vn -0.1738 0.0012 0.9848
vn -0.3726 -0.9121 -0.1709
vn -0.2055 -0.8921 -0.4024
vn 0.4821 0.6258 0.6131
vn -0.0892 -0.4443 0.8914
vn -0.2067 -0.5756 0.7912
vn -0.1781 -0.5978 0.7816
vn 0.0559 0.9834 0.1727
vn 0.3727 0.8097 -0.4532
vn 0.3806 0.7810 -0.4951
vn -0.1182 0.4931 0.8619
vn 0.1924 0.1305 0.9726
vn -0.1451 0.2962 0.9440
vn -0.6113 -0.7880 -0.0735
vn -0.6929 -0.7117 -0.1159
vn -0.5942 -0.7951 0.1213
vn -0.7536 0.3256 0.5710
vn -0.9353 0.2081 0.2863
vn -0.9251 0.1987 0.3235
vn -0.7904 0.5292 -0.3086
vn -0.6526 0.6972 -0.2966
vn -0.7128 0.5250 -0.4650
vn -0.9889 0.1140 -0.0948
vn -0.9555 0.1751 -0.2373
vn -0.0901 0.2761 0.9569
vn -0.1540 0.0739 0.9853
vn 0.0475 0.0461 0.9978
vn 0.3368 0.9205 0.1981
vn -0.2130 0.9771 0.0010
vn 0.4737 0.8805 0.0195
vn -0.4833 -0.6399 -0.5975
vn -0.2928 -0.3459 -0.8914
vn -0.4689 -0.1703 -0.8667
vn -0.2728 -0.1019 -0.9566
vn 0.0396 0.8802 0.4730
vn 0.2386 0.8774 0.4161
vn 0.0301 0.8888 0.4574
vn -0.3407 0.2501 -0.9063
vn -0.3408 0.0404 -0.9393
vn 0.0546 -0.6183 -0.7840
vn 0.0143 -0.6835 -0.7298
vn 0.0615 -0.9951 -0.0775
vn -0.1508 -0.9826 0.1082
vn -0.1251 -0.9847 -0.1214
vn -0.5581 0.8293 -0.0285
vn -0.5457 0.8307 -0.1103
vn -0.6513 0.7457 -0.1406
vn 0.2668 0.7296 0.6297
vn 0.4768 0.6465 0.5956
vn 0.0089 0.7253 0.6884
vn -0.8230 -0.4155 -0.3874
vn -0.8539 -0.3332 -0.3999
vn -0.8573 -0.3327 -0.3930
vn -0.7108 -0.3868 0.5874
vn -0.9363 0.2767 0.2163
vn -0.2579 -0.6767 0.6896
vn 0.1494 -0.9011 0.4070
vn -0.3193 -0.8631 0.3914
vn -0.4194 -0.8029 0.4236
vn -0.1799 0.5976 0.7813
vn -0.2179 0.9679 0.1249
vn -0.2777 0.9588 0.0593
vn -0.0181 -0.5992 -0.8004
vn -0.2226 -0.6200 -0.7523
vn -0.1043 -0.4023 -0.9096
vn -0.4958 0.7234 -0.4804
vn -0.3838 0.8522 -0.3556
vn -0.9319 0.1780 -0.3160
vn -0.9358 0.1905 -0.2967
vn -0.9589 -0.1276 0.2535
vn -0.9724 0.0176 0.2326
vn -0.9933 -0.0793 0.0836
vn 0.5817 -0.0030 -0.8134
vn 0.6469 -0.1616 -0.7453
vn -0.0142 0.9999 -0.0028
vn 0.1143 0.9928 0.0367
vn 0.0093 0.9962 0.0867
vn -0.1566 0.3738 -0.9142
vn 0.0905 0.2742 -0.9574
vn 0.0745 0.3470 -0.9349
vn -0.8048 0.3256 -0.4962
vn -0.5254 0.7936 -0.3068
vn -0.2708 0.7219 -0.6368
vn -0.5059 -0.3336 -0.7955
vn -0.4753 -0.2375 -0.8472
vn -0.8438 -0.0321 0.5357
vn -0.8923 0.1133 0.4370
vn -0.9291 -0.1136 0.3520
vn -0.8094 0.1200 0.5748
vn -0.6770 0.6989 0.2309
vn -0.6866 0.7098 -0.1574
vn -0.9058 0.1418 -0.3993
vn 0.3060 0.1619 -0.9382
vn 0.7150 0.3605 -0.5990
vn -0.4273 0.8968 -0.1144
vn -0.5243 0.8487 -0.0694
vn -0.4693 0.8827 -0.0232
vn -0.8966 0.3166 0.3095
vn -0.8603 0.3984 0.3182
vn -0.4864 -0.7089 0.5108
vn -0.4755 -0.8472 0.2371
vn -0.5447 -0.7418 0.3911
vn -0.8530 -0.1254 0.5067
vn -0.9121 -0.1606 0.3772
vn -0.8684 -0.2340 0.4372
vn -0.8354 0.4147 -0.3609
vn -0.3289 -0.6914 -0.6432
vn -0.0985 -0.9052 0.4134
vn -0.2404 -0.8952 0.3752
vn -0.1067 -0.9599 0.2593
vn -0.3433 -0.4446 0.8273
vn -0.4524 -0.3158 0.8340
vn -0.5074 -0.5351 0.6755
vn -0.5825 0.4412 0.6827
vn -0.4960 -0.8151 0.2992
vn -0.5707 -0.7345 0.3673
vn -0.6066 -0.7858 0.1210
vn -0.6461 0.2266 -0.7288
vn -0.6632 0.4707 -0.5819
vn -0.7909 0.3015 -0.5326
vn 0.6753 0.7138 -0.1857
vn 0.4767 0.8188 -0.3200
vn 0.7187 0.1228 -0.6844
vn -0.8919 -0.4243 0.1567
vn -0.9751 -0.2025 0.0907
vn -0.6702 0.7001 0.2463
vn -0.7072 0.7070 0.0041
vn -0.4031 -0.8195 0.4075
vn -0.0131 -0.8810 0.4729
vn 0.8890 -0.1383 -0.4364
vn 0.9960 0.0345 -0.0829
vn 0.9979 -0.0639 0.0053
vn -0.1214 0.7675 -0.6295
vn -0.3202 0.9101 0.2630
vn -0.5883 0.6867 -0.4269
vn -0.9879 -0.0445 -0.1483
vn -0.0000 -0.9976 0.0687
vn -0.0530 -0.9981 0.0300
vn -0.0000 -0.9999 0.0127
vn -0.2529 -0.3661 -0.8956
vn -0.1067 -0.3893 -0.9149
vn -0.2093 -0.3471 -0.9142
vn 0.2580 0.8382 0.4805
vn -0.9251 0.3604 -0.1195
vn -0.7588 0.6501 -0.0409
vn -0.7935 0.5563 -0.2468
vn -0.2373 -0.0967 -0.9666
vn -0.0969 -0.0388 -0.9945
vn -0.1572 -0.0002 -0.9876
vn 0.2086 0.4982 -0.8416
vn 0.0143 0.5051 -0.8629
vn 0.1053 0.6636 -0.7406
vn 0.1642 0.2950 -0.9413
vn 0.1568 0.1260 -0.9796
vn 0.0114 -0.0039 -0.9999
vn 0.0293 0.0084 -0.9995
vn -0.3008 0.0453 0.9526
vn -0.1568 -0.1877 0.9696
vn -0.9139 -0.2474 -0.3219
vn -0.9867 -0.1071 -0.1225
vn -0.9396 -0.1646 -0.3002
vn -0.4391 -0.5615 0.7014
vn -0.2971 -0.7488 0.5925
vn -0.8990 0.3248 0.2938
vn -0.5680 -0.7683 -0.2952
vn -0.5731 -0.8062 0.1468
vn -0.3451 0.5584 -0.7544
vn -0.6300 0.5090 -0.5866
vn -0.3577 0.7509 -0.5552
vn -0.5279 0.5613 0.6374
vn -0.3457 0.5731 0.7430
vn -0.2014 -0.2511 0.9468
vn -0.8820 -0.2335 0.4093
vn -0.4235 0.8432 -0.3311
vn -0.9638 0.0601 0.2596
vn -0.9835 0.1173 0.1381
vn -0.9956 0.0646 -0.0678
vn -0.9622 -0.2296 -0.1465
vn -0.8228 -0.4756 -0.3111
vn -0.8983 -0.0942 -0.4291
vn -0.2690 0.2496 0.9302
vn -0.2163 0.0507 0.9750
vn -0.0000 0.3270 -0.9450
vn 0.2421 0.4340 -0.8677
vn -0.0000 0.5646 -0.8254
vn -0.4404 0.8973 0.0307
vn -0.4042 0.9009 0.1581
vn -0.8930 0.2629 0.3652
vn 0.0989 0.2915 0.9514
vn 0.3748 0.2258 0.8992
vn -0.0006 0.2665 0.9638
vn -0.0224 0.1558 0.9875
vn -0.6686 -0.6053 -0.4320
vn -0.5525 -0.6849 -0.4751
vn -0.0000 -0.9977 0.0673
vn -0.2605 0.9632 0.0661
vn -0.3971 0.8834 0.2489
vn 0.0439 0.9930 0.1097
vn 0.0924 0.9948 0.0435
vn 0.1490 0.8723 0.4656
vn -0.6464 -0.1331 -0.7513
vn -0.6367 0.0368 -0.7702
vn -0.5669 -0.0729 -0.8206
vn -0.4911 -0.8707 -0.0263
vn -0.3743 -0.9172 0.1365
vn -0.4684 -0.8833 -0.0201
vn 0.4030 0.3589 0.8419
vn 0.1170 0.1605 0.9801
vn 0.2171 0.0991 0.9711
vn -0.1197 0.8503 -0.5125
vn -0.2034 0.8089 -0.5516
vn -0.1511 0.9312 -0.3316
vn -0.2757 -0.9503 0.1443
vn -0.1858 -0.9820 0.0339
vn -0.9218 0.1883 0.3389
vn -0.9879 0.1531 0.0233
vn -0.6868 -0.4661 -0.5577
vn -0.8143 -0.4139 -0.4069
vn -0.5736 0.3422 0.7442
vn -0.8340 -0.2918 -0.4684
vn -0.9061 -0.1149 -0.4072
vn -0.7997 0.0052 -0.6004
vn -0.6778 -0.4615 -0.5723
vn -0.7382 -0.4039 -0.5403
vn -0.5267 -0.3511 -0.7741
vn -0.6755 0.0495 -0.7357
vn -0.3595 -0.1639 -0.9186
vn -0.6675 -0.0141 -0.7445
vn -0.8456 0.3426 0.4093
vn -0.9622 -0.2562 -0.0928
vn -0.9724 -0.2075 -0.1067
vn -0.7158 0.4654 -0.5207
vn -0.6490 0.7581 -0.0633
vn -0.8310 0.2568 0.4934
vn -0.6795 0.2637 0.6847
vn -0.8900 0.3202 0.3247
vn -0.8915 -0.0219 0.4526
vn -0.9109 -0.0151 0.4123
vn -0.9557 0.0390 0.2918
vn -0.4956 -0.2653 0.8271
vn -0.5197 -0.3345 0.7861
vn 0.9775 0.2001 -0.0673
vn -0.5616 -0.1419 -0.8151
vn -0.0000 0.5096 -0.8604
vn -0.0003 0.5066 -0.8622
vn -0.1031 0.4996 -0.8601
vn -0.9410 0.0253 -0.3374
vn -0.8407 -0.1091 -0.5304
vn -0.2227 -0.9360 0.2725
vn -0.3548 -0.9223 0.1534
vn 0.2703 0.3399 -0.9008
vn 0.3046 0.8252 -0.4758
vn -0.0403 -0.9701 0.2393
vn 0.3116 0.6705 0.6733
vn -0.7052 0.6953 0.1388
vn -0.6547 -0.2466 0.7146
vn -0.6384 -0.2899 0.7130
vn -0.6670 0.0178 0.7449
vn -0.4051 -0.7286 -0.5523
vn -0.3537 -0.7118 -0.6068
vn -0.5576 0.7669 -0.3177
vn -0.7037 0.5328 -0.4701
vn -0.6454 0.7249 -0.2408
vn -0.5562 0.7095 0.4327
vn -0.6446 0.7563 -0.1119
vn -0.9067 -0.2584 -0.3334
vn -0.9734 -0.0333 -0.2267
vn -0.4270 -0.7633 0.4849
vn -0.4545 -0.5636 0.6898
vn -0.3450 -0.7006 0.6246
vn -0.3767 -0.2560 -0.8903
vn -0.3715 -0.2916 -0.8814
vn -0.5246 -0.2017 -0.8271
vn 0.1762 -0.9104 0.3743
vn 0.0234 -0.9424 0.3336
vn 0.1781 -0.9274 0.3288
vn -0.1350 -0.8598 -0.4925
vn 0.0431 -0.9609 -0.2736
vn 0.0226 -0.5233 -0.8518
vn -0.2656 0.3556 0.8961
vn 0.4514 0.1715 0.8757
vn 0.6720 0.4381 0.5971
vn 0.4921 0.6195 0.6116
vn -0.4228 -0.4127 0.8067
vn -0.5947 -0.5085 0.6226
vn 0.0001 0.0340 -0.9994
vn -0.2854 0.0657 -0.9561
vn -0.2772 0.1793 -0.9439
vn -0.7351 0.4473 0.5094
vn -0.0000 -0.9998 -0.0208
vn -0.1267 -0.9917 -0.0207
vn -0.0000 -0.9996 -0.0275
vn -0.3936 0.0645 -0.9170
vn -0.2043 0.1274 -0.9706
vn -0.7287 0.5245 0.4403
vn -0.6882 -0.7015 -0.1853
vn -0.4240 0.1929 -0.8849
vn -0.9649 -0.2624 -0.0044
vn -0.9203 -0.3498 -0.1754
vn -0.1354 -0.9908 -0.0060
vn -0.2007 -0.9795 -0.0181
vn -0.3272 -0.6336 -0.7011
vn -0.4797 -0.7954 0.3705
vn -0.3080 -0.1553 0.9386
vn -0.5011 0.7922 0.3484
vn -0.2306 0.0702 0.9705
vn 0.1854 0.0731 0.9799
vn -0.1188 0.0240 0.9926
vn -0.8705 0.3156 -0.3778
vn 0.0272 -0.1794 0.9834
vn -0.5378 0.5533 -0.6361
vn -0.2053 0.9785 0.0185
vn -0.2575 0.9652 -0.0467
vn -0.6617 -0.2442 0.7089
vn -0.8586 -0.1499 0.4903
vn -0.8450 0.0565 0.5317
vn -0.5065 -0.4101 -0.7585
vn -0.5223 -0.4834 -0.7025
vn -0.6085 -0.3793 -0.6971
vn -0.3931 -0.6477 -0.6527
vn -0.2887 -0.3627 -0.8861
vn -0.3582 -0.4210 -0.8333
vn -0.0797 -0.3953 -0.9151
vn -0.1602 -0.2166 -0.9630
vn -0.2148 -0.1153 -0.9698
vn -0.7633 0.1033 -0.6377
vn -0.6812 0.2198 -0.6983
vn -0.7263 -0.1882 0.6611
vn -0.6492 -0.0367 0.7597
vn -0.6091 -0.2787 0.7425
vn -0.7773 0.4676 -0.4209
vn -0.6639 -0.0114 0.7477
vn -0.5643 -0.2468 0.7878
vn -0.9525 -0.3019 0.0395
vn -0.9661 -0.2577 -0.0143
vn -0.9390 -0.2913 -0.1830
vn -0.5177 -0.0895 0.8509
vn -0.1866 -0.2476 0.9507
vn -0.2023 -0.3875 0.8994
vn 0.4429 0.0424 0.8956
vn -0.0298 -0.0092 0.9995
vn -0.0591 -0.0790 0.9951
vn -0.5366 -0.2699 -0.7995
vn -0.0025 1.0000 -0.0000
vn -0.5042 0.8561 -0.1133
vn -0.4814 0.8202 0.3092
vn -0.1684 0.9850 0.0383
vn -0.1107 0.9915 0.0686
vn -0.6535 0.5032 0.5654
vn -0.3457 0.8217 0.4530
vn -0.5398 0.8046 -0.2475
vn -0.7556 0.2657 -0.5987
vn -0.5122 0.1885 -0.8379
vn -0.9643 0.0839 -0.2510
vn -0.9923 0.0190 -0.1227
vn -0.5318 0.1508 0.8333
vn -0.4232 -0.0188 0.9059
vn -0.8430 0.0118 0.5377
vn -0.7150 0.5194 0.4679
vn -0.2996 0.9204 0.2512
vn -0.6487 -0.7040 -0.2892
vn -0.4914 -0.7518 -0.4396
vn -0.2619 -0.1034 0.9595
vn -0.4869 0.5420 -0.6850
vn -0.1206 0.5980 -0.7924
vn -0.6735 -0.1721 0.7189
vn -0.1565 0.4434 0.8825
vn 0.0953 0.4601 0.8827
vn -0.4460 -0.5080 -0.7369
vn -0.2605 0.6597 -0.7050
vn -0.2157 0.6192 -0.7550
vn -0.4043 0.7326 -0.5475
vn -0.8803 0.4359 -0.1874
vn -0.9569 0.2855 -0.0527
vn -0.3296 -0.9438 -0.0222
vn -0.0663 0.5727 -0.8171
vn -0.0436 0.0338 -0.9985
vn 0.2503 0.0068 -0.9681
vn 0.9413 -0.0595 -0.3321
vn 0.9943 -0.0006 -0.1070
vn -0.8234 -0.5515 0.1333
vn -0.1610 0.9841 -0.0744
vn -0.0012 0.9970 -0.0778
vn -0.5215 0.7478 -0.4108
vn -0.3072 0.6419 -0.7025
vn -0.3754 0.8278 -0.4168
vn -0.1944 -0.4244 -0.8844
vn -0.3416 -0.3369 -0.8774
vn -0.1747 -0.1236 -0.9768
vn -0.9240 -0.1965 -0.3281
vn -0.4032 -0.9098 0.0981
vn -0.0004 0.0159 -0.9999
vn -0.4190 0.8773 -0.2338
vn -0.8292 0.4076 -0.3824
vn -0.8555 0.4111 -0.3148
vn -0.6666 -0.6138 -0.4229
vn -0.3445 -0.3561 -0.8686
vn -0.3139 -0.3544 -0.8809
vn 0.0303 0.9950 0.0954
vn 0.0064 0.9928 0.1194
vn -0.8999 -0.1867 -0.3940
vn -0.9287 -0.0838 -0.3611
vn -0.8784 -0.1244 -0.4615
vn -0.0000 -0.9991 0.0426
vn -0.0000 -0.9999 0.0149
vn -0.7629 0.1985 -0.6153
vn -0.6706 0.4553 -0.5856
vn -0.9682 -0.1897 0.1632
vn -0.9839 -0.0230 0.1771
vn -0.9967 0.0563 0.0579
vn -0.6952 0.2309 0.6807
vn -0.8287 -0.4251 -0.3641
vn -0.8821 -0.1832 -0.4340
vn -0.7534 -0.2242 -0.6181
vn -0.8186 -0.3265 -0.4725
vn -0.5678 -0.8186 -0.0865
vn -0.9159 -0.3807 0.1274
vn -0.9594 -0.2022 0.1964
vn -0.6901 -0.7178 -0.0925
vn -0.6720 -0.7282 -0.1349
vn -0.3605 -0.7808 0.5104
vn -0.4342 -0.8405 0.3242
vn -0.2951 -0.9031 0.3120
vn -0.3199 -0.9175 0.2362
vn -0.4391 -0.8763 0.1984
vn -0.3409 -0.9347 0.1005
vn -0.3363 -0.3583 -0.8709
vn -0.3644 -0.1297 -0.9222
vn -0.2628 -0.1348 -0.9554
vn -0.2664 -0.4003 0.8768
vn -0.3228 -0.6848 0.6533
vn 0.3624 0.1371 0.9219
vn 0.7100 0.1064 0.6962
vn -0.1246 -0.8163 0.5641
vn 0.8462 0.1208 0.5190
vn 0.8828 0.0718 0.4642
vn -0.8902 0.0235 0.4550
vn -0.9467 0.0149 0.3219
vn 0.2081 0.9209 0.3295
vn -0.9945 0.0714 0.0766
vn -0.9389 0.3329 0.0875
vn -0.1806 -0.5805 0.7940
vn -0.2183 -0.6268 0.7480
vn -0.2257 0.6596 -0.7170
vn -0.3979 0.3581 -0.8447
vn 0.0525 0.3789 -0.9239
vn -0.7270 -0.2758 0.6288
vn -0.5931 -0.1677 0.7875
vn -0.7843 -0.1327 0.6060
vn 0.0177 0.9833 -0.1814
vn 0.1464 0.9826 -0.1140
vn -0.1986 -0.9726 0.1212
vn -0.9474 0.3165 0.0469
vn -0.9248 0.3419 -0.1671
vn -0.1599 0.9716 0.1743
vn -0.2692 0.9436 0.1927
vn -0.2404 0.9563 0.1664
vn -0.9161 -0.2582 -0.3066
vn -0.9605 -0.2330 -0.1519
vn -0.7911 0.1794 0.5848
vn -0.9266 0.1288 0.3532
vn -0.9239 0.2094 0.3204
vn 0.1611 0.9452 0.2840
vn 0.1336 0.9735 0.1854
vn -0.7273 0.6397 0.2486
vn -0.7691 0.5778 0.2732
vn -0.8416 0.5308 0.0995
vn -0.1432 0.0536 -0.9882
vn 0.1485 -0.3943 -0.9069
vn -0.0100 -0.5270 -0.8498
vn 0.6349 0.6390 0.4343
vn 0.2287 0.8351 0.5003
vn 0.2422 0.7742 0.5848
vn 0.1312 -0.4844 0.8649
vn -0.3060 0.9330 -0.1891
vn -0.3723 0.9131 -0.1662
vn 0.1644 0.8145 -0.5564
vn -0.9957 0.0779 -0.0502
vn -0.9952 -0.0834 -0.0519
vn -0.4289 -0.7734 -0.4669
vn 0.0895 -0.9958 0.0173
vn 0.0230 -0.9891 0.1457
vn 0.1255 -0.9909 0.0486
vn -0.7192 0.4621 0.5189
vn -0.9346 0.0202 0.3551
vn -0.4576 0.6836 0.5686
vn -0.4766 0.6491 0.5929
vn -0.2949 0.8676 -0.4004
vn -0.2064 0.9442 -0.2566
vn -0.2164 0.8992 0.3803
vn -0.3333 0.7856 0.5213
vn -0.0000 -0.8159 -0.5782
vn -0.0000 -0.8489 -0.5286
vn 0.0093 0.9903 0.1388
vn 0.1183 0.9866 0.1120
vn 0.0488 0.9401 0.3373
vn -0.2651 0.7802 -0.5665
vn -0.3962 0.8346 -0.3827
vn -0.3303 0.8651 -0.3776
vn -0.9449 -0.3092 0.1079
vn -0.9497 -0.2224 0.2206
vn -0.8591 0.3051 0.4109
vn -0.9856 0.1653 0.0344
vn -0.9255 0.0454 -0.3759
vn -0.5064 -0.3768 0.7756
vn -0.2686 -0.4244 0.8647
vn -0.2942 -0.5660 0.7701
vn -0.0000 -0.4205 -0.9073
vn -0.0814 -0.5868 -0.8057
vn -0.0000 -0.7002 -0.7140
vn -0.6412 0.1065 0.7599
vn 0.8608 -0.0784 -0.5029
vn -0.9958 0.0805 0.0425
vn -0.9965 -0.0663 -0.0505
vn -0.3137 0.1692 0.9343
vn -0.6179 0.2379 0.7494
vn -0.8866 0.4270 -0.1779
vn -0.0000 0.9969 0.0793
vn -0.1013 0.9912 0.0851
vn -0.0000 0.9950 0.0999
vn -0.7399 -0.1190 0.6621
vn -0.7216 -0.3114 0.6184
vn -0.4102 0.0258 -0.9116
vn -0.6091 -0.1537 -0.7780
vn -0.5109 0.0987 -0.8540
vn -0.5652 0.3589 -0.7428
vn -0.2411 -0.4228 -0.8736
vn -0.1737 -0.3777 -0.9095
vn -0.9052 -0.2887 0.3118
vn -0.0000 -0.6487 -0.7610
vn -0.3051 -0.5430 -0.7823
vn -0.0000 -0.5443 -0.8389
vn -0.3561 0.2424 0.9024
vn -0.2970 0.5108 0.8068
vn -0.6198 0.4303 0.6563
vn -0.3725 0.6215 -0.6892
vn -0.2222 0.2763 -0.9350
vn -0.4897 0.4680 -0.7356
vn -0.0892 -0.2163 -0.9722
vn -0.4994 -0.3030 0.8117
vn -0.2008 -0.8371 0.5089
vn -0.2812 -0.7976 0.5337
vn -0.5563 0.8189 0.1412
vn -0.6309 0.7622 0.1450
vn 0.2922 -0.6422 -0.7087
vn 0.4599 -0.3269 -0.8256
vn -0.4214 -0.5065 -0.7523
vn -0.6327 -0.4396 -0.6376
vn -0.4018 -0.6213 -0.6727
vn -0.3818 -0.3105 -0.8705
vn -0.8557 -0.4341 -0.2815
vn -0.0000 -0.3639 -0.9314
vn -0.0049 -0.4018 -0.9157
vn -0.0000 -0.3931 -0.9195
vn -0.0113 0.9991 0.0409
vn -0.0142 0.9965 0.0830
vn -0.6003 -0.6849 0.4129
vn -0.6876 -0.6236 0.3719
vn -0.7018 -0.6703 0.2413
vn -0.5760 -0.1266 -0.8076
vn -0.7420 -0.6692 -0.0404
vn -0.5489 0.3526 -0.7579
vn -0.6226 0.2133 -0.7529
vn -0.4659 0.5241 -0.7129
vn -0.3718 -0.1944 -0.9077
vn -0.4105 -0.1443 -0.9003
vn -0.2599 -0.1327 -0.9565
vn 0.3524 0.0749 0.9329
vn -0.1259 0.5249 0.8418
vn -0.6106 -0.7850 -0.1042
vn -0.8086 -0.5869 0.0425
vn -0.8409 -0.5288 -0.1154
vn -0.4867 0.6410 0.5935
vn -0.8356 0.2994 0.4606
vn -0.6647 0.1504 0.7318
vn -0.8181 -0.1796 0.5463
vn -0.1750 -0.4073 -0.8963
vn -0.2847 -0.3453 -0.8943
vn -0.1491 -0.3391 -0.9289
vn 0.2211 0.6847 -0.6945
vn -0.1882 0.4864 -0.8532
vn 0.0062 0.7459 -0.6660
vn -0.0377 -0.1885 -0.9814
vn -0.0885 -0.1462 -0.9853
vn -0.9830 0.0259 0.1820
vn -0.7539 -0.6565 0.0245
vn -0.0044 -0.3552 -0.9348
vn -0.1687 -0.9824 -0.0803
vn -0.8910 0.4522 -0.0408
vn -0.9149 0.1427 0.3775
vn 0.1241 0.7555 -0.6432
vn -0.0423 0.5873 -0.8083
vn -0.0485 0.7852 -0.6173
vn 0.0311 -0.9399 0.3401
vn -0.2509 -0.8711 0.4222
vn -0.7216 -0.3884 -0.5731
vn -0.5496 -0.4808 -0.6832
vn -0.8875 0.3564 0.2920
vn -0.4361 -0.7188 -0.5414
vn -0.3312 -0.9295 0.1621
vn -0.5470 -0.8117 0.2047
vn -0.3594 -0.9294 0.0843
vn -0.0438 -0.9535 0.2982
vn -0.2580 -0.9593 0.1147
vn -0.4710 0.8648 0.1740
vn -0.5857 0.8104 -0.0124
vn -0.6148 0.7578 0.2185
vn -0.9134 -0.3670 -0.1760
vn -0.8223 -0.4639 -0.3295
vn -0.9411 0.1771 -0.2881
vn -0.8459 0.0984 -0.5242
vn -0.4022 0.1401 -0.9048
vn -0.3812 0.0276 -0.9241
vn -0.3928 0.3483 -0.8511
vn -0.5000 0.3109 -0.8083
vn -0.0893 -0.8994 0.4280
vn -0.3651 -0.8288 0.4239
vn -0.4169 -0.8044 0.4233
vn -0.2626 -0.3188 -0.9107
vn -0.2636 -0.3000 -0.9168
vn 0.9276 -0.0744 -0.3661
vn 0.7264 0.6414 -0.2469
vn -0.8783 0.1316 -0.4596
vn -0.8532 0.0136 0.5215
vn -0.2374 0.0296 -0.9709
vn -0.0367 -0.0707 -0.9968
vn -0.0320 0.0161 -0.9994
vn 0.3989 0.6508 -0.6460
vn 0.3529 0.4199 -0.8361
vn 0.3622 0.6694 -0.6486
vn -0.3520 0.6412 0.6819
vn -0.9811 0.0847 0.1738
vn -0.4782 0.8696 0.1229
vn 0.0203 0.9537 0.3000
vn -0.0841 0.9951 0.0526
vn -0.1279 0.9069 0.4014
vn -0.6998 0.2980 -0.6492
vn -0.7178 0.0088 -0.6962
vn -0.9291 -0.0893 -0.3590
vn 0.6623 0.0833 0.7446
vn -0.7578 0.4753 -0.4470
vn -0.5945 0.6392 -0.4879
vn -0.7619 0.4115 0.5003
vn -0.5120 0.8589 -0.0122
vn -0.8740 0.4221 0.2409
vn -0.2731 -0.7893 -0.5500
vn -0.6646 0.3705 -0.6489
vn -0.5422 -0.8392 -0.0426
vn -0.4354 -0.8748 -0.2124
vn -0.7352 0.4121 -0.5381
vn -0.3081 0.8502 -0.4269
vn -0.5573 0.3476 -0.7541
vn -0.4529 0.8303 -0.3247
vn -0.1575 -0.6098 0.7767
vn -0.2126 -0.4783 0.8521
vn -0.2379 -0.5278 0.8154
vn -0.4204 0.5827 -0.6955
vn -0.2451 -0.3284 -0.9122
vn -0.0000 -0.9012 0.4334
vn -0.0966 -0.8863 0.4529
vn -0.0000 -0.9186 0.3951
vn -0.6436 -0.2262 -0.7312
vn -0.1324 -0.9305 -0.3416
vn -0.3198 -0.8932 -0.3160
vn -0.9940 0.0329 0.1039
vn -0.9894 0.1419 -0.0313
vn 0.0734 0.9958 0.0547
vn -0.6052 0.1298 0.7854
vn 0.5104 0.1919 0.8383
vn -0.4995 -0.6522 0.5702
vn -0.9893 0.0574 0.1339
vn -0.7253 0.6240 -0.2908
vn -0.2434 -0.8612 -0.4461
vn -0.0200 0.1439 0.9894
vn 0.8098 -0.1197 -0.5743
vn 0.6468 -0.1544 -0.7469
vn -0.3700 0.6155 -0.6959
vn -0.6035 -0.0294 0.7968
vn -0.5891 0.1035 0.8014
vn -0.5782 0.7860 -0.2187
vn -0.6365 0.7630 -0.1127
vn -0.5522 -0.4407 -0.7078
vn -0.6064 -0.4577 -0.6502
vn -0.6421 -0.4442 -0.6249
vn -0.7169 0.6385 -0.2801
vn 0.0684 -0.1841 -0.9805
vn 0.0354 -0.2174 -0.9755
vn 0.0159 -0.0655 -0.9977
vn 0.8470 0.3823 -0.3694
vn 0.5059 0.7682 -0.3923
vn 0.5159 0.8371 -0.1816
vn -0.6813 -0.6431 0.3495
vn -0.8187 -0.5371 0.2030
vn -0.7820 -0.5716 0.2483
vn -0.0389 0.9868 0.1569
vn -0.0676 0.9885 0.1351
vn -0.5707 -0.5639 0.5970
vn -0.4646 -0.6463 0.6053
vn -0.3821 0.5434 -0.7475
vn -0.5083 0.5902 -0.6271
vn -0.3470 0.9377 -0.0176
vn -0.9802 0.1823 -0.0774
vn -0.2051 -0.4769 -0.8547
vn -0.2633 -0.5382 -0.8006
vn -0.4267 -0.4554 -0.7814
vn -0.5616 0.5029 -0.6570
vn -0.3461 0.5442 -0.7643
vn 0.6823 0.6524 0.3301
vn 0.6446 0.7512 -0.1421
vn 0.5855 0.7630 0.2738
vn -0.3538 0.3609 0.8629
vn -0.1820 0.9735 0.1388
vn -0.3466 0.9241 0.1607
vn 0.9267 0.2224 0.3030
vn 0.9490 0.0899 0.3022
vn -0.0000 0.9581 -0.2864
vn 0.0987 0.9660 -0.2390
vn -0.0000 0.9952 -0.0977
vn 0.1683 0.1068 0.9799
vn 0.1378 -0.1129 0.9840
vn 0.0564 -0.1719 -0.9835
vn -0.0572 -0.1668 -0.9843
vn 0.0253 -0.6275 -0.7782
vn -0.4114 -0.8810 0.2335
vn -0.1893 -0.9281 -0.3207
vn -0.3467 -0.8170 -0.4608
vn 0.2549 0.6679 -0.6992
vn 0.2757 0.8289 -0.4867
vn -0.0929 0.9716 0.2178
vn 0.0643 0.7540 -0.6537
vn -0.0097 -0.7808 -0.6247
vn -0.0291 -0.5760 -0.8169
vn -0.2922 0.9140 -0.2816
vn 0.3291 0.6321 -0.7015
vn 0.4671 0.7321 -0.4958
vn -0.6091 -0.7925 -0.0304
vn -0.5349 -0.8349 0.1300
vn 0.3364 0.7939 -0.5066
vn -0.9878 0.1397 -0.0689
vn -0.7514 -0.3951 -0.5285
vn -0.5181 -0.2860 -0.8061
vn -0.4725 0.1504 0.8684
vn -0.4592 -0.0540 0.8867
vn -0.5087 -0.6087 0.6088
vn -0.6322 -0.5548 0.5408
vn -0.6165 -0.6808 0.3955
vn -0.0309 0.5918 0.8055
vn -0.4624 -0.7832 0.4156
vn -0.5306 -0.8120 0.2431
vn -0.5792 -0.5092 0.6366
vn -0.6037 -0.7233 -0.3352
vn -0.6523 -0.6352 -0.4137
vn -0.9639 0.0894 0.2507
vn -0.9670 0.2504 -0.0462
vn 0.6381 0.7428 -0.2027
vn 0.0423 0.9991 -0.0011
vn 0.0449 0.9522 -0.3021
vn -0.0709 0.9515 -0.2994
vn 0.0767 0.9905 -0.1143
vn -0.8496 -0.2933 -0.4383
vn -0.7516 0.6527 -0.0951
vn -0.7951 0.4090 0.4478
vn -0.1016 -0.3899 0.9153
vn -0.2700 -0.2741 0.9230
vn -0.3203 -0.3547 0.8784
vn -0.9624 0.2506 -0.1047
vn -0.9813 0.1920 -0.0142
vn -0.5107 0.3923 -0.7650
vn -0.5087 0.1060 -0.8544
vn -0.5627 -0.8266 -0.0096
vn -0.5604 -0.8271 -0.0429
vn -0.9891 0.0769 -0.1259
vn -0.1628 0.9802 -0.1130
vn -0.2463 0.9556 -0.1614
vn -0.5229 -0.8514 -0.0416
vn -0.5105 -0.8356 -0.2027
vn 0.0391 0.9388 -0.3423
vn -0.1081 0.9795 -0.1698
vn -0.8473 0.1028 0.5211
vn -0.8251 -0.1345 0.5488
vn -0.9860 -0.1248 0.1106
vn -0.1722 0.0531 -0.9836
vn -0.2718 0.0214 -0.9621
vn -0.4446 -0.7086 0.5479
vn -0.3493 0.1398 0.9265
vn -0.3544 0.1669 0.9201
vn -0.2399 -0.6777 -0.6951
vn -0.1307 -0.5954 -0.7927
vn -0.2888 -0.0612 0.9554
vn 0.0137 -0.5654 -0.8247
vn -0.1293 -0.8167 -0.5624
vn 0.1737 -0.9508 0.2565
vn -0.0096 -0.9588 0.2839
vn -0.4130 -0.6327 0.6551
vn -0.4616 -0.6382 0.6161
vn -0.5053 -0.5721 0.6460
vn -0.6491 -0.7239 0.2337
vn -0.0000 -0.5911 0.8066
vn -0.0000 -0.7072 0.7070
vn 0.6526 0.3847 0.6527
vn -0.3372 0.6586 0.6728
vn -0.5155 0.2607 0.8163
vn -0.6614 -0.0264 0.7496
vn -0.6619 0.3151 0.6801
vn -0.0000 -0.9902 0.1398
vn -0.1119 -0.9889 0.0977
vn -0.0000 -0.9984 0.0558
vn -0.6727 0.6948 0.2545
vn -0.3676 -0.5558 0.7456
vn -0.1510 -0.4529 -0.8787
vn -0.2677 0.2540 -0.9294
vn 0.0746 -0.9306 0.3584
vn -0.0009 -0.9322 0.3619
vn -0.6893 0.6301 0.3576
vn -0.4632 0.0522 0.8847
vn -0.0748 0.9095 0.4089
vn -0.3881 -0.1398 0.9110
vn -0.2987 -0.7319 -0.6125
vn -0.0128 -0.5969 -0.8022
vn -0.0633 0.9686 0.2404
vn -0.6193 0.3621 0.6967
vn -0.7771 0.6208 -0.1037
vn -0.7619 -0.6428 -0.0790
vn -0.8352 -0.5462 -0.0638
vn -0.7744 -0.6016 -0.1959
vn -0.9705 0.2291 -0.0751
vn -0.7098 -0.0093 0.7044
vn -0.3925 -0.5996 0.6975
vn -0.3864 -0.8537 0.3491
vn -0.4995 0.7117 -0.4940
vn -0.4414 0.7346 -0.5153
vn -0.5403 0.6174 -0.5718
vn -0.3712 -0.7621 0.5305
vn -0.2738 -0.7705 0.5757
vn -0.4699 -0.8753 0.1144
vn -0.5903 -0.8071 0.0108
vn -0.5927 -0.8046 -0.0357
vn -0.5873 -0.7984 -0.1328
vn 0.2723 0.6034 -0.7495
vn 0.3121 0.7118 -0.6293
vn 0.2952 0.7134 -0.6356
vn -0.9798 -0.1949 -0.0443
vn -0.1517 0.0268 0.9881
vn -0.1283 -0.1570 0.9792
vn -0.7987 -0.2667 0.5394
vn -0.4237 -0.4446 0.7892
vn -0.5977 -0.4045 0.6922
vn -0.0420 -0.4093 -0.9114
vn -0.5487 0.8314 -0.0879
vn -0.4511 0.8093 -0.3762
vn -0.5078 -0.1502 -0.8483
vn -0.5794 -0.0730 -0.8117
vn -0.5001 0.1100 -0.8589
vn -0.7809 -0.6178 0.0918
vn -0.7192 -0.6639 0.2050
vn -0.6484 -0.7602 0.0405
vn -0.5551 -0.3492 0.7549
vn 0.1332 -0.9789 0.1552
vn -0.3793 -0.0415 -0.9244
vn -0.7506 -0.1787 -0.6361
vn -0.6841 0.0075 -0.7294
vn -0.3036 -0.7633 0.5703
vn -0.1996 -0.8147 0.5444
vn -0.4926 -0.8544 0.1657
vn -0.5671 -0.8211 0.0644
vn 0.0354 0.9416 0.3349
vn -0.0794 0.8694 0.4877
vn -0.6781 -0.6551 -0.3333
vn -0.7286 -0.5079 -0.4595
vn -0.9188 -0.3911 -0.0532
vn -0.9998 -0.0171 -0.0116
vn -0.4514 0.7351 0.5058
vn -0.7963 -0.1879 -0.5750
vn -0.6166 -0.0892 -0.7822
vn 0.2563 0.5772 0.7753
vn -0.2850 0.6385 0.7149
vn -0.4501 0.1009 -0.8873
vn -0.8473 0.4991 -0.1815
vn -0.2672 0.9587 0.0970
vn -0.1861 0.6275 0.7561
vn -0.3670 0.6167 0.6964
vn -0.0000 0.4428 0.8966
vn -0.7573 -0.4257 -0.4953
vn -0.8532 -0.3449 -0.3913
vn -0.8683 -0.2973 -0.3970
vn -0.9935 -0.0699 0.0899
vn -0.9931 -0.0955 0.0674
vn -0.2616 -0.8523 0.4529
vn -0.2768 -0.7828 0.5573
vn -0.5167 -0.6994 0.4938
vn -0.4146 0.8001 0.4335
vn 0.1023 0.9642 0.2445
vn -0.4813 0.7215 0.4978
vn 0.1263 0.9751 0.1825
vn 0.6107 0.0539 0.7901
vn 0.6298 0.2209 0.7447
vn 0.1200 0.2853 -0.9509
vn -0.3283 -0.3569 -0.8746
vn -0.1920 -0.2122 -0.9582
vn -0.6561 0.2130 0.7240
vn -0.8559 -0.2549 0.4499
vn -0.8930 -0.3577 0.2733
vn -0.5070 -0.7873 -0.3510
vn -0.9503 0.1643 0.2646
vn 0.0375 -0.5483 -0.8355
vn -0.5695 -0.8113 -0.1323
vn -0.5698 -0.8088 -0.1456
vn -0.5799 -0.7843 -0.2204
vn 0.4638 0.8854 -0.0302
vn 0.2665 0.9625 -0.0516
vn 0.0125 0.7321 0.6811
vn -0.5047 -0.5091 0.6972
vn 0.0344 0.9899 0.1376
vn 0.7264 0.6414 -0.2470
vn -0.2548 -0.4718 -0.8441
vn 0.1200 0.2854 -0.9509
vn -0.3134 -0.4820 -0.8182
vn -0.2287 -0.4834 0.8450
vn -0.3782 -0.4677 0.7989
vn 0.2306 0.5902 0.7736
vn 0.0213 0.7347 0.6780
vn -0.0000 -0.8687 -0.4953
vn -0.2774 -0.5081 -0.8154
vn 0.0054 -0.9199 -0.3921
vn -0.3696 -0.9261 -0.0764
vn -0.1757 -0.0774 -0.9814
vn -0.3412 -0.1028 -0.9343
vn -0.0628 0.0862 -0.9943
vn -0.5496 0.1400 -0.8236
vn -0.6033 0.3682 -0.7074
vn -0.5820 0.0947 -0.8077
vn -0.5906 0.1686 -0.7891
vn -0.0787 -0.9882 -0.1318
vn -0.0361 -0.9529 -0.3012
vn 0.0888 -0.9903 -0.1072
vn 0.0024 0.7936 0.6085
vn 0.0658 -0.9512 0.3014
vn -0.3035 0.8097 -0.5023
vn -0.0365 0.9770 0.2100
vn -0.9208 0.2508 -0.2985
vn -0.4344 -0.7492 0.4999
vn -0.0368 0.7939 0.6069
vn -0.0584 0.8649 0.4985
vn -0.0709 0.9761 -0.2055
vn -0.5788 -0.8150 -0.0259
vn -0.8260 -0.4063 0.3906
vn -0.9068 -0.2842 0.3113
vn -0.6007 -0.6432 -0.4748
vn 0.1399 0.7606 0.6340
vn 0.1793 -0.8740 -0.4516
vn 0.0621 -0.9883 -0.1395
vn -0.6974 -0.7069 -0.1180
vn -0.6986 -0.6641 -0.2662
vn -0.4189 0.2942 0.8591
vn -0.6014 0.7973 0.0508
vn -0.8775 0.4142 -0.2416
vn 0.2104 0.2981 0.9310
vn 0.1088 0.0344 0.9935
vn 0.1165 0.0168 0.9930
vn -0.6714 0.0471 -0.7396
vn -0.7483 0.0705 -0.6596
vn -0.5027 -0.5859 0.6357
vn -0.5148 -0.7476 0.4196
vn -0.9757 0.1010 0.1947
vn 0.1943 0.8717 0.4498
vn 0.8603 0.3541 0.3667
vn 0.7712 0.3764 0.5135
vn 0.2031 0.8295 0.5203
vn -0.4876 -0.6780 0.5501
vn 0.8905 0.4519 -0.0532
vn -0.0431 -0.3198 0.9465
vn -0.2283 0.4420 0.8675
vn 0.5072 -0.1395 -0.8505
vn 0.2900 0.0320 -0.9565
vn -0.0376 -0.1884 -0.9814
vn -0.8021 0.0426 -0.5957
vn -0.2880 0.8005 0.5256
vn -0.6932 -0.0447 0.7194
vn -0.3268 0.9270 -0.1842
vn -0.7994 0.5339 -0.2756
vn -0.7845 0.4143 -0.4615
vn -0.7792 0.4312 -0.4548
vn -0.0171 0.9150 -0.4031
vn -0.0230 0.9511 -0.3081
vn -0.3214 0.8894 -0.3251
vn -0.2090 0.9621 -0.1749
vn -0.9273 0.1364 -0.3486
vn -0.8808 -0.4597 0.1132
vn -0.8284 0.1057 0.5500
vn -0.7691 0.0780 -0.6343
vn -0.1843 0.1742 -0.9673
vn -0.1637 0.0040 -0.9865
vn 0.1494 0.8529 -0.5002
vn -0.7899 0.3181 -0.5243
vn -0.8784 0.3160 -0.3586
vn -0.1496 -0.0648 -0.9866
vn -0.3260 0.0235 -0.9451
vn -0.1617 -0.7487 0.6429
vn -0.0242 -0.2557 -0.9665
vn -0.0907 0.6305 -0.7708
vn 0.0217 -0.2759 -0.9609
vn -0.9548 -0.2718 0.1207
vn -0.5663 0.8152 0.1215
vn -0.7666 0.1721 -0.6187
vn -0.8742 -0.2540 -0.4138
vn -0.3561 -0.4442 0.8221
vn -0.3838 -0.5307 0.7557
vn -0.2396 -0.5112 0.8254
vn -0.3826 -0.5059 0.7731
vn -0.9984 0.0149 -0.0547
vn 0.3728 0.8097 -0.4532
vn -0.6669 0.7449 0.0174
vn -0.1475 0.9243 -0.3521
vn -0.1370 -0.0527 -0.9892
vn -0.4441 -0.4932 0.7480
vn -0.2215 -0.9747 -0.0303
vn 0.0523 0.9962 -0.0691
vn -0.4448 0.6530 0.6130
vn -0.4959 0.6030 0.6249
vn -0.5539 -0.8038 0.2169
vn -0.7401 -0.6408 0.2040
vn -0.6268 -0.7752 0.0792
vn -0.4901 -0.5735 0.6564
vn -0.3457 -0.3021 0.8884
vn -0.6309 0.7717 -0.0799
vn -0.7804 0.5246 0.3403
vn -0.9720 0.0515 -0.2295
vn -0.5665 -0.6232 0.5391
vn -0.9268 0.3299 0.1792
vn -0.2886 0.8449 0.4503
vn 0.2680 0.9097 0.3172
vn -0.5390 0.1138 0.8346
vn -0.6098 0.2713 -0.7447
vn -0.5520 -0.1230 -0.8247
vn -0.6547 -0.1200 -0.7463
vn -0.6825 -0.0445 -0.7295
vn -0.8089 -0.0859 -0.5816
vn 0.1031 -0.9457 -0.3082
vn -0.3509 -0.8647 0.3593
vn -0.4809 -0.3213 -0.8158
vn -0.3883 0.7504 -0.5349
vn -0.4136 0.8550 -0.3129
vn -0.3466 0.9147 -0.2079
vn -0.4829 0.8349 -0.2642
vn -0.4207 0.8856 -0.1969
vn -0.4703 -0.1632 -0.8673
vn -0.6160 0.7873 0.0243
vn 0.4614 0.4132 0.7851
vn -0.3734 0.8455 0.3818
vn -0.7339 0.6032 -0.3123
vn -0.6844 0.7260 0.0680
vn 0.4228 0.6757 -0.6040
vn 0.3036 0.5938 -0.7452
vn -0.3038 0.8066 0.5071
vn -0.5225 0.2688 -0.8091
vn -0.5598 0.4132 -0.7183
vn -0.3436 0.4583 -0.8197
vn -0.8709 -0.4069 0.2757
vn -0.3023 0.3394 0.8907
vn -0.1800 0.3560 0.9170
vn -0.5433 -0.8372 0.0619
vn -0.3049 -0.2197 -0.9267
vn -0.3846 -0.0427 -0.9221
vn -0.4533 -0.7809 0.4298
vn -0.5558 -0.7307 0.3963
vn -0.4505 0.8800 0.1507
vn -0.6961 -0.5780 -0.4258
vn -0.7394 -0.5911 -0.3224
vn 0.1171 -0.8699 -0.4791
vn -0.5714 -0.3698 0.7327
vn -0.4005 -0.6591 0.6366
vn -0.4198 -0.6960 0.5825
vn -0.8122 -0.5601 -0.1628
vn -0.3332 -0.9153 0.2264
vn -0.5290 -0.8479 -0.0348
vn -0.0268 0.8986 -0.4380
vn -0.4314 -0.9001 0.0615
vn -0.0000 -0.9270 -0.3751
vn -0.5656 0.7447 0.3543
vn -0.6776 0.6473 -0.3490
vn -0.0911 0.4394 -0.8936
vn -0.5934 0.7606 -0.2635
vn -0.4334 0.8957 -0.0994
vn 0.4880 -0.3846 -0.7836
vn -0.1745 0.3611 -0.9160
vn -0.0560 -0.9963 0.0652
vn -0.4852 0.8716 0.0694
vn -0.9109 0.3800 0.1611
vn 0.9236 0.0093 0.3831
vn -0.6465 0.7027 -0.2971
vn -0.8403 0.5062 -0.1943
vn -0.0000 0.8827 0.4699
vn -0.0000 0.8898 0.4563
vn -0.1088 0.9446 -0.3098
vn 0.4261 0.6064 0.6713
vn 0.3882 0.7549 0.5286
vn -0.6995 0.5424 -0.4654
vn -0.8445 0.4882 0.2201
vn -0.1466 -0.9727 -0.1799
vn -0.2737 -0.2993 0.9141
vn -0.3950 -0.3752 0.8386
vn 0.2726 0.7711 -0.5754
vn -0.0355 0.5691 -0.8215
vn -0.2201 -0.2364 0.9464
vn -0.4946 0.6834 -0.5369
vn -0.6691 0.7208 -0.1810
vn -0.3397 0.8880 -0.3100
vn 0.8339 0.0300 0.5512
vn 0.8119 0.0665 0.5800
vn 0.6070 -0.0144 0.7946
vn -0.5518 0.4478 0.7035
vn -0.4290 -0.0303 0.9028
vn -0.8512 0.3498 -0.3912
vn -0.7531 0.2026 -0.6259
vn 0.1264 0.9062 0.4035
vn -0.1925 0.9297 0.3140
vn -0.8922 -0.3950 0.2191
vn -0.6870 0.0696 0.7233
vn -0.4048 0.8480 -0.3421
vn -0.4900 -0.5057 -0.7100
vn -0.1941 0.9686 0.1554
vn -0.0277 0.9885 0.1489
vn -0.0000 0.7529 0.6582
vn -0.1841 0.5122 0.8389
vn -0.9715 -0.0294 -0.2351
vn -0.1471 -0.1497 0.9777
vn -0.1636 -0.2218 0.9613
vn -0.1028 -0.3988 0.9113
vn -0.4341 0.7873 0.4378
vn -0.3693 0.8282 0.4216
vn 0.2016 0.3813 0.9022
vn 0.1289 0.2795 0.9514
vn -0.7439 0.5083 0.4340
vn -0.3319 0.5478 0.7679
vn -0.5285 0.4375 0.7275
vn -0.3459 0.4668 0.8139
vn -0.4993 -0.7204 0.4815
vn -0.6322 -0.6213 -0.4629
vn -0.5419 -0.7776 -0.3189
vn -0.4975 -0.6017 -0.6249
vn -0.5028 -0.5429 -0.6727
vn -0.1556 0.2264 -0.9615
vn -0.7771 0.4572 0.4325
vn -0.1940 -0.8796 0.4344
vn -0.2445 -0.4287 0.8697
vn 0.1526 -0.3817 0.9116
vn 0.0048 1.0000 -0.0008
vn -0.2476 0.8803 0.4046
vn -0.1306 0.9883 -0.0784
vn -0.1922 0.7956 -0.5746
vn -0.9205 0.3555 0.1622
vn -0.5997 0.7256 -0.3374
vn -0.2509 -0.4058 -0.8789
vn -0.7650 -0.1700 0.6212
vn -0.4878 -0.7054 -0.5142
vn -0.4261 0.1285 -0.8955
vn -0.5517 -0.4726 -0.6873
vn -0.3137 -0.3899 -0.8658
vn -0.2226 -0.3239 -0.9195
vn -0.5491 -0.0969 -0.8301
vn -0.3595 -0.1118 -0.9264
vn -0.9850 0.0095 0.1724
vn -0.9629 -0.1552 0.2207
vn -0.0137 0.2944 -0.9556
vn -0.4500 -0.7045 0.5488
vn 0.2114 0.3796 0.9007
vn -0.1373 0.2518 -0.9580
vn -0.3921 -0.8420 0.3705
vn -0.8845 -0.4620 0.0649
vn -0.0000 0.3418 -0.9398
vn -0.0000 0.8760 -0.4823
vn -0.2510 0.3226 -0.9127
vn -0.6006 0.6392 0.4803
vn -0.8915 -0.2998 0.3398
vn -0.8859 0.3893 -0.2525
vn -0.2349 -0.8086 -0.5395
vn -0.8512 0.3498 -0.3913
vn -0.6575 -0.7534 -0.0049
vn -0.3935 -0.5679 -0.7229
vn 0.1161 -0.5970 -0.7938
vn 0.0865 -0.5281 -0.8448
vn -0.4903 0.1111 0.8644
vn -0.9768 0.0861 -0.1959
vn -0.9721 0.2280 -0.0545
vn -0.1645 -0.2399 -0.9568
vn -0.2372 -0.0967 -0.9666
vn 0.4985 0.7233 -0.4778
vn -0.7652 0.2778 0.5808
vn -0.9287 0.1163 0.3521
vn -0.7992 0.0962 0.5933
vn -0.5365 0.6988 -0.4732
vn 0.0467 0.3470 -0.9367
vn -0.2648 0.4382 -0.8590
vn -0.1450 0.9628 -0.2281
vn -0.1049 0.9648 -0.2410
vn -0.4020 -0.8971 -0.1832
vn -0.4617 -0.7935 -0.3964
vn -0.2427 -0.8667 -0.4359
vn 0.1586 0.8943 -0.4185
vn 0.0940 -0.5869 0.8042
vn 0.4105 0.8203 0.3983
vn -0.2162 0.8256 -0.5212
vn -0.1868 0.8550 -0.4838
vn -0.7996 -0.5082 -0.3198
vn -0.7453 -0.5564 -0.3674
vn 0.0265 0.8806 0.4732
vn -0.5244 0.8511 -0.0264
vn 0.1405 -0.9711 0.1927
vn -0.0484 -0.7983 0.6003
vn -0.2331 -0.7791 -0.5819
vn -0.0286 -0.8766 -0.4803
vn -0.6520 0.4407 -0.6170
vn 0.1996 0.5682 0.7983
vn -0.5931 -0.7818 0.1924
vn -0.9237 0.3781 0.0609
vn 0.0797 -0.3285 0.9411
vn -0.2166 -0.9660 0.1410
vn -0.1916 0.9465 -0.2598
vn -0.2638 0.8600 -0.4367
vn -0.2727 0.9353 -0.2253
vn -0.6349 -0.7391 -0.2252
vn -0.8462 -0.0812 -0.5266
vn -0.9399 -0.0096 -0.3412
vn -0.3339 -0.1596 -0.9290
vn -0.6882 -0.7204 0.0855
vn -0.0000 0.9790 0.2041
vn -0.0000 0.9886 0.1506
vn -0.5941 -0.7998 0.0857
vn -0.5249 -0.8011 0.2877
vn -0.7154 -0.6784 0.1675
vn -0.9871 0.1577 0.0289
vn -0.1897 0.8463 0.4977
vn -0.0000 -0.9714 0.2375
vn -0.0000 -0.9647 0.2632
vn -0.9685 -0.0623 0.2412
vn -0.9992 0.0103 -0.0380
vn -0.4188 0.0586 -0.9062
vn -0.9446 0.1699 -0.2807
vn -0.9925 -0.0110 0.1213
vn -0.5603 -0.1718 -0.8103
vn -0.0375 0.9017 -0.4307
vn -0.1489 0.9786 -0.1418
vn -0.6618 0.0477 0.7482
vn -0.6113 0.3046 0.7304
vn -0.5701 0.4780 0.6682
vn -0.4157 0.3570 -0.8365
vn -0.2423 0.9635 0.1142
vn 0.3176 0.7390 0.5941
vn -0.1243 0.9848 -0.1212
vn -0.1102 -0.9358 -0.3348
vn -0.4374 0.0315 0.8987
vn 0.1463 -0.1563 -0.9768
vn -0.2155 -0.3181 -0.9233
vn -0.2569 -0.0438 -0.9655
vn -0.2871 -0.6915 -0.6628
vn -0.5941 -0.7647 0.2496
vn -0.2849 0.8120 -0.5093
vn -0.4705 -0.6958 -0.5426
vn -0.2684 0.7830 -0.5611
vn -0.6084 -0.6567 0.4456
vn -0.9708 0.0940 0.2209
vn -0.9372 0.3019 0.1744
vn -0.4871 0.7823 -0.3882
vn -0.4933 -0.2098 0.8442
vn 0.7447 0.4131 0.5243
vn 0.4947 0.8049 0.3277
vn -0.2718 0.0215 -0.9621
vn -0.4559 0.8723 0.1770
vn -0.4077 -0.5069 0.7595
vn 0.0641 -0.9694 -0.2368
vn 0.2302 -0.7405 -0.6313
vn -0.5149 -0.6588 0.5486
vn -0.2906 0.4934 0.8198
vn 0.3038 0.1692 0.9376
vn -0.5334 0.5950 -0.6012
vn -0.6072 0.5942 -0.5274
vn 0.1937 0.9765 -0.0949
vn 0.0032 0.0036 -1.0000
vn -0.1050 0.5092 0.8542
vn 0.3541 0.4833 0.8007
vn -0.2000 0.3934 0.8974
vn 0.0265 0.8805 0.4732
vn -0.4848 0.6215 -0.6155
vn -0.2145 0.9439 0.2510
vn -0.4468 0.8077 0.3847
vn -0.5040 0.8570 -0.1077
vn 0.0877 -0.7856 0.6125
vn 0.1996 -0.8873 0.4157
vn -0.9792 0.0201 0.2018
vn -0.4413 0.8156 -0.3744
vn -0.5124 -0.7580 0.4037
vn -0.4545 -0.7952 0.4014
vn -0.1171 0.8287 -0.5473
vn 0.8705 0.4239 0.2503
vn -0.5006 -0.8320 -0.2391
vn -0.5408 -0.7514 -0.3781
vn -0.0000 -0.0936 -0.9956
vn 0.1296 -0.0420 -0.9907
vn -0.0000 0.0735 -0.9973
vn -0.3084 -0.9489 -0.0670
vn 0.1358 -0.9845 -0.1107
vn -0.2746 -0.8441 -0.4606
vn -0.3117 -0.8829 -0.3512
vn -0.6460 -0.2680 -0.7147
vn -0.6818 0.6100 -0.4038
vn -0.6428 0.7540 -0.1351
vn -0.0000 -0.9706 -0.2409
vn -0.0000 -0.9371 -0.3491
vn -0.3360 -0.8857 -0.3204
vn -0.5295 -0.7478 -0.4006
vn -0.2272 -0.9737 0.0186
vn -0.3655 -0.0492 -0.9295
vn -0.5595 0.3036 0.7712
vn -0.4050 0.2182 0.8879
vn -0.1929 -0.3191 0.9279
vn -0.1666 -0.4583 0.8731
vn -0.1275 -0.3775 0.9172
vn -0.5701 0.3000 0.7648
vn 0.0478 0.6621 0.7479
vn 0.3094 0.8743 0.3739
vn -0.4006 0.8782 0.2614
vn -0.5396 0.8109 0.2265
vn -0.3356 0.3922 0.8565
vn -0.4834 0.2267 0.8455
vn -0.2844 0.2197 0.9332
vn 0.2094 0.8644 0.4570
vn 0.4293 0.8451 0.3185
vn -0.1952 0.8711 0.4506
vn -0.6858 -0.6514 0.3247
vn -0.3461 -0.9329 0.0997
vn 0.2474 0.7244 -0.6435
vn -0.0203 0.2430 -0.9698
vn 0.3124 0.0114 -0.9499
vn 0.5788 -0.0185 -0.8153
vn -0.6821 -0.2767 -0.6768
vn 0.2607 0.2978 0.9183
vn -0.1813 0.4081 0.8948
vn -0.1360 0.9324 -0.3349
vn 0.0025 0.9986 0.0525
vn -0.3102 0.6839 -0.6603
vn -0.2769 0.8913 -0.3589
vn -0.2435 -0.5221 -0.8174
vn -0.9022 0.1121 0.4165
vn -0.2787 -0.9365 0.2128
vn -0.7245 -0.5611 -0.4003
vn 0.0131 0.9947 0.1020
vn -0.6263 0.1414 0.7667
vn 0.1435 -0.7217 -0.6772
vn -0.0000 0.7789 0.6272
vn -0.0000 0.7597 0.6502
vn -0.1239 0.7065 0.6968
vn -0.8915 -0.2998 0.3397
vn -0.7809 -0.0387 -0.6235
vn -0.6744 -0.5726 0.4661
vn -0.0937 0.9897 -0.1081
vn -0.9979 0.0527 0.0380
vn -0.7494 -0.4944 0.4405
vn 0.1306 -0.3296 -0.9350
vn -0.9682 0.1760 -0.1779
vn -0.9798 -0.1845 -0.0770
vn -0.8881 0.4591 -0.0225
vn -0.2822 0.5506 -0.7857
vn -0.6899 -0.2869 -0.6646
vn -0.5812 0.0868 -0.8091
vn 0.3516 0.4115 0.8408
vn -0.7090 -0.6303 0.3163
vn -0.7102 -0.7034 -0.0281
vn -0.1924 -0.3944 -0.8986
vn -0.6421 -0.7505 0.1564
vn -0.0000 -0.2216 -0.9751
vn -0.1951 0.2564 -0.9467
vn -0.0225 -0.0323 0.9992
vn -0.9372 0.0478 0.3455
vn -0.8901 -0.1246 -0.4385
vn -0.4119 -0.3307 -0.8491
vn -0.2203 -0.4355 -0.8728
vn -0.5890 -0.2789 -0.7585
vn -0.2701 0.4961 -0.8252
vn -0.4525 -0.7068 -0.5437
vn -0.3605 0.0362 -0.9321
vn -0.5919 -0.3426 -0.7296
vn -0.6554 -0.2458 -0.7142
vn -0.0068 0.9658 -0.2590
vn -0.4927 0.4822 -0.7244
vn -0.6933 -0.6687 0.2688
vn -0.1378 -0.9780 0.1566
vn -0.6452 -0.3141 -0.6964
vn -0.0507 0.1807 0.9822
vn -0.6481 -0.0362 0.7607
vn -0.3016 -0.7786 -0.5504
vn -0.4888 -0.6354 -0.5977
vn -0.0000 -0.3919 0.9200
vn -0.0000 -0.3055 0.9522
vn -0.0018 -0.3676 0.9300
vn -0.5256 -0.5266 -0.6681
vn -0.0000 -0.7846 0.6200
vn -0.0000 -0.7767 0.6299
vn 0.1427 0.9870 -0.0746
vn -0.7603 0.6087 -0.2267
vn -0.7518 0.5690 -0.3332
vn -0.8850 -0.4479 -0.1271
vn -0.4074 -0.7952 0.4491
vn -0.3725 -0.8835 0.2839
vn -0.6306 0.0977 -0.7699
vn 0.8009 0.2392 0.5490
vn -0.4930 -0.6652 0.5608
vn -0.3832 -0.6875 0.6169
vn 0.1186 0.6275 0.7696
vn -0.0704 0.4369 0.8967
vn -0.5527 0.4461 0.7039
vn -0.8065 0.3706 0.4607
vn -0.7341 0.2828 -0.6174
vn -0.5445 0.6013 -0.5847
vn -0.5909 0.3975 -0.7020
vn -0.2894 -0.2667 0.9193
vn -0.9056 -0.0897 0.4146
vn -0.0631 -0.9963 0.0591
vn -0.7399 -0.3897 -0.5483
vn -0.3466 0.7676 -0.5392
vn -0.6465 -0.7475 -0.1527
vn -0.5983 -0.7615 -0.2492
vn -0.8310 -0.3677 -0.4174
vn -0.1359 -0.8005 0.5837
vn -0.5101 0.5601 0.6527
vn -0.2157 0.4841 -0.8480
vn -0.4481 0.8777 -0.1700
vn -0.9057 0.3981 -0.1459
vn -0.2242 -0.8392 0.4954
vn -0.4255 -0.7365 0.5259
vn -0.9907 -0.0763 -0.1129
vn -0.9538 -0.1997 -0.2245
vn 0.4976 0.6104 -0.6163
vn 0.0258 0.9410 0.3375
vn 0.0607 0.2691 0.9612
vn -0.6072 0.5942 -0.5275
vn -0.0000 -0.1760 0.9844
vn -0.0000 -0.2244 0.9745
vn -0.2448 0.7999 -0.5479
vn -0.2151 0.8292 -0.5159
vn -0.3325 0.0919 -0.9386
vn -0.0226 -0.6992 0.7145
vn -0.7584 -0.5403 -0.3645
vn -0.3890 -0.8194 0.4211
vn -0.3284 0.9258 -0.1870
vn 0.3326 -0.1875 -0.9242
vn 0.3249 0.0276 -0.9453
vn -0.9741 -0.2249 -0.0217
vn -0.0000 0.9926 -0.1213
vn -0.1209 0.9841 -0.1298
vn -0.0000 0.9832 -0.1824
vn -0.4281 0.6671 -0.6097
vn -0.9991 0.0275 0.0310
vn -0.7203 -0.2185 0.6583
vn -0.6576 0.1061 0.7458
vn 0.1339 0.8783 -0.4590
vn -0.0619 0.8431 -0.5342
vn -0.8432 0.4586 -0.2805
vn -0.3908 -0.3237 0.8617
vn -0.5961 -0.7729 -0.2176
vn -0.5575 -0.3932 0.7311
vn -0.7446 0.6308 -0.2183
vn -0.5920 0.7885 -0.1665
vn -0.1257 -0.4322 0.8930
vn -0.0184 -0.7784 -0.6275
vn -0.2455 -0.6393 -0.7287
vn -0.3627 -0.4887 -0.7935
vn -0.0751 0.9511 -0.2996
vn -0.4207 -0.5078 0.7518
vn -0.7448 -0.3516 0.5671
vn 0.0163 -0.2606 0.9653
vn -0.8598 0.3136 0.4030
vn -0.2810 -0.5256 0.8030
vn -0.2549 -0.3067 0.9171
vn -0.2979 -0.2463 0.9223
vn -0.4077 -0.1576 0.8994
vn -0.3805 -0.9209 -0.0851
vn -0.0000 -0.2645 -0.9644
vn -0.0000 -0.2556 -0.9668
vn -0.5531 -0.7104 0.4352
vn -0.9986 -0.0525 -0.0058
vn 0.0606 0.2691 0.9612
vn -0.3258 -0.8283 0.4559
vn -0.5882 -0.6351 0.5006
vn -0.3594 -0.3247 0.8749
vn -0.5529 -0.8261 0.1087
vn -0.5410 -0.5313 -0.6519
vn -0.8688 0.4948 -0.0182
vn -0.9065 0.4082 0.1081
vn -0.1929 -0.8230 0.5343
vn -0.3625 -0.8372 0.4095
vn -0.8937 -0.2766 -0.3532
vn -0.8205 -0.3612 -0.4430
vn -0.3357 0.9398 0.0636
vn -0.9771 0.1296 -0.1685
vn -0.0374 -0.8754 -0.4819
vn -0.2280 -0.9285 -0.2930
vn -0.8881 0.0203 -0.4593
vn -0.7509 0.5748 -0.3253
vn -0.9250 -0.3294 0.1893
vn -0.5644 0.0101 -0.8254
vn -0.8924 -0.3603 -0.2717
vn -0.4543 0.7856 -0.4201
vn -0.2723 0.1439 -0.9514
vn -0.7283 0.4083 -0.5503
vn -0.6198 0.5260 0.5824
vn -0.6558 0.6702 0.3475
vn -0.8031 0.4817 0.3508
vn -0.4498 0.0579 0.8912
vn -0.1801 0.3560 0.9170
vn -0.3023 0.3395 0.8907
vn -0.8064 0.5229 -0.2762
vn -0.9388 0.3090 -0.1522
vn -0.5026 -0.3766 -0.7782
vn -0.8795 0.0838 0.4684
vn 0.0651 0.0348 -0.9973
vn -0.6509 -0.7519 -0.1045
vn -0.0000 -0.9568 0.2907
vn -0.0000 -0.9875 0.1579
vn 0.3602 0.4512 0.8165
vn -0.8127 -0.4702 -0.3442
vn -0.0539 0.9836 0.1719
vn -0.9694 -0.1260 0.2106
vn -0.4397 -0.2717 0.8561
vn -0.1135 0.9846 0.1327
vn -0.1603 0.9844 0.0725
vn -0.1837 0.9625 0.1994
vn -0.5672 -0.6562 -0.4976
vn 0.0256 -0.4393 -0.8980
vn -0.8484 -0.5038 0.1623
vn -0.9421 -0.1986 0.2703
vn -0.2337 -0.6857 0.6893
vn -0.8623 -0.4029 0.3067
vn -0.8962 -0.1769 -0.4068
vn 0.1796 -0.8306 -0.5272
vn -0.3493 0.1399 0.9265
vn 0.1560 -0.9762 0.1510
vn -0.2007 0.9634 -0.1779
vn -0.9920 0.1157 -0.0500
vn -0.7120 -0.5608 -0.4226
vn -0.7959 -0.4623 -0.3908
vn 0.5785 0.0671 -0.8129
vn 0.0234 0.9458 -0.3239
vn -0.6255 -0.2401 0.7424
vn -0.9620 -0.2089 -0.1756
vn 0.5032 0.8637 0.0270
vn -0.7832 -0.5745 0.2377
vn -0.7163 0.0604 -0.6952
vn -0.6507 0.1937 -0.7342
vn -0.4019 -0.6212 -0.6727
vn -0.5874 -0.7728 -0.2402
vn -0.3948 -0.1021 -0.9131
vn -0.0238 0.0430 -0.9988
vn -0.2424 -0.4784 -0.8440
vn -0.0264 0.9042 -0.4263
vn -0.5333 0.5950 -0.6013
vn -0.0000 -0.1985 -0.9801
vn -0.1428 -0.1596 -0.9768
vn -0.0000 -0.0654 -0.9979
vn -0.6436 -0.2263 -0.7312
vn -0.6901 -0.1756 0.7021
vn 0.7685 0.0825 -0.6345
vn 0.9700 -0.0064 0.2432
vn 0.6707 0.7153 0.1961
vn 0.9936 -0.0854 -0.0740
vn 0.5790 0.8151 0.0189
vn -0.4561 -0.8804 0.1300
vn -0.4418 -0.8558 0.2693
vn -0.1084 -0.1633 -0.9806
vn -0.0883 -0.1506 -0.9846
vn -0.9675 0.2331 0.0983
vn 0.2575 0.0451 -0.9652
vn -0.1853 0.0628 0.9807
vn -0.9918 -0.0025 -0.1280
vn -0.1555 -0.1903 -0.9693
vn -0.2695 -0.5481 0.7918
vn 0.0113 -0.9008 -0.4342
vn 0.1916 0.8072 0.5583
vn -0.4377 -0.7607 0.4793
vn -0.9414 0.2393 -0.2377
vn -0.9732 0.1084 -0.2030
vn 0.0358 -0.8484 -0.5281
vn -0.3338 -0.7112 -0.6187
vn -0.4910 0.6096 -0.6224
vn 0.1714 0.1120 0.9788
vn 0.0818 -0.1901 0.9784
vn -0.3378 -0.1934 0.9211
vn -0.5957 -0.5074 -0.6227
vn -0.3426 -0.5905 0.7307
vn -0.9247 -0.1667 -0.3422
vn -0.0000 -0.9366 0.3503
vn -0.0000 -0.9022 0.4314
vn -0.2922 -0.8666 0.4046
vn -0.4571 -0.8849 0.0891
vn -0.6823 -0.4052 -0.6086
vn 0.0363 0.6192 0.7844
vn -0.2434 -0.5221 -0.8174
vn 0.1932 -0.9036 -0.3823
vn -0.6291 0.6331 -0.4509
vn -0.4992 -0.8635 0.0721
vn -0.0000 -0.3534 0.9355
vn -0.0000 -0.0190 0.9998
vn -0.0402 -0.0770 0.9962
vn -0.7768 -0.5511 0.3049
vn -0.8177 -0.5271 0.2313
vn -0.1936 0.7839 -0.5899
vn -0.0861 0.7074 0.7016
vn -0.0832 0.5157 0.8527
vn -0.3896 -0.3584 -0.8484
vn -0.4783 0.8696 0.1230
vn -0.0636 0.7654 0.6405
vn -0.5638 0.0197 0.8256
vn 0.3116 0.6704 0.6734
vn -0.4308 -0.7480 0.5049
vn -0.3732 -0.2400 0.8962
vn -0.4761 0.8116 0.3387
vn -0.0510 0.7146 0.6977
vn 0.4737 0.8805 0.0196
vn -0.5582 -0.2713 -0.7841
vn -0.0000 0.5545 -0.8322
vn -0.0000 0.6746 -0.7382
vn -0.1487 -0.4031 0.9030
vn -0.4199 -0.8784 -0.2284
vn -0.4443 -0.8905 -0.0984
vn -0.1547 -0.4809 0.8630
vn -0.1872 -0.6347 -0.7498
vn -0.8635 0.4999 0.0671
vn -0.6358 0.7418 -0.2135
vn -0.8725 0.3039 -0.3826
vn -0.3617 -0.8984 0.2491
vn -0.4707 -0.8816 0.0352
vn -0.7018 -0.0256 -0.7119
vn -0.6356 0.0132 -0.7719
vn -0.9878 0.0443 -0.1491
vn -0.3568 0.0509 -0.9328
vn -0.1917 0.2845 0.9393
vn -0.9695 -0.0480 -0.2404
vn -0.9575 -0.1313 -0.2568
vn 0.0560 -0.9757 -0.2117
vn -0.0000 0.8595 -0.5111
vn -0.0000 0.9493 -0.3144
vn -0.9140 -0.3109 -0.2607
vn -0.5977 -0.5073 0.6208
vn -0.5125 0.5980 -0.6162
vn -0.4447 0.6488 -0.6175
vn 0.4559 0.8094 -0.3701
vn -0.0068 1.0000 0.0040
vn -0.8642 0.1428 -0.4825
vn 0.2203 0.6354 0.7401
vn -0.8174 -0.5601 0.1345
vn -0.0889 0.9795 0.1806
vn -0.7355 0.6591 0.1568
vn -0.8611 0.3433 -0.3751
vn -0.5888 -0.7297 -0.3475
vn -0.4463 -0.6716 0.5914
vn -0.6506 -0.7066 0.2783
vn -0.2333 0.7890 -0.5683
vn -0.2822 0.5506 -0.7856
vn -0.0564 0.9803 -0.1893
vn -0.6715 -0.5212 -0.5267
vn -0.0970 -0.2280 0.9688
vn -0.0783 0.8860 -0.4570
vn -0.0886 0.3461 -0.9340
vn -0.8296 -0.0225 0.5579
vn -0.0000 0.6843 0.7292
vn -0.9971 0.0640 -0.0413
vn -0.8376 0.4454 -0.3163
vn -0.8420 -0.5342 0.0757
vn -0.0436 0.3961 -0.9172
vn -0.7943 -0.4517 -0.4063
vn -0.7071 -0.5175 0.4818
vn 0.0083 -0.5138 0.8579
vn 0.1306 -0.3297 -0.9350
vn 0.3177 0.8602 0.3990
vn -0.3321 0.2901 0.8976
vn -0.1624 0.9860 -0.0366
vn -0.8695 0.4283 0.2461
vn -0.1467 -0.7585 0.6350
vn -0.2918 -0.7035 0.6480
vn -0.1135 0.9846 0.1328
vn -0.2225 0.6723 -0.7060
vn -0.7992 0.1020 -0.5923
vn -0.1069 0.2606 0.9595
vn -0.2164 0.3218 -0.9217
vn -0.6253 0.0878 -0.7754
vn -0.7706 -0.0121 -0.6372
vn -0.5346 -0.8142 -0.2265
vn -0.0000 0.2661 -0.9639
vn -0.2231 0.7399 0.6347
vn 0.0098 -0.0667 0.9977
vn -0.0076 -0.2764 -0.9610
vn -0.8015 -0.2170 0.5572
vn -0.4140 0.0112 -0.9102
vn -0.9756 -0.2045 -0.0797
vn -0.7169 -0.3282 0.6150
vn -0.2014 -0.1275 0.9712
vn -0.4637 -0.8796 0.1059
vn -0.0644 -0.3264 0.9430
vn -0.9312 -0.2417 -0.2730
vn -0.8389 -0.2574 0.4795
vn -0.6917 -0.5424 0.4768
vn -0.9108 0.1268 -0.3929
vn -0.7878 0.2021 -0.5818
vn -0.7788 0.0971 -0.6197
vn -0.6121 0.7721 0.1710
vn -0.5738 -0.5631 -0.5947
vn -0.4461 -0.6866 -0.5742
vn -0.6479 -0.7053 -0.2877
vn -0.6026 -0.7410 -0.2963
vn -0.4774 0.8038 0.3550
vn -0.3015 -0.8133 0.4976
vn -0.6737 -0.2303 -0.7022
vn 0.5159 0.8372 -0.1816
vn -0.7531 0.2027 -0.6259
vn -0.9961 0.0025 0.0880
vn -0.9566 -0.2912 0.0127
vn -0.9879 -0.0444 -0.1484
vn 0.6127 0.7096 0.3479
vn 0.0594 -0.2334 0.9706
vn -0.7726 -0.3295 -0.5426
vn -0.7810 0.0491 0.6226
vn -0.0084 0.8622 0.5065
vn 0.3369 0.8556 -0.3929
vn 0.3969 0.6668 -0.6307
vn 0.5874 0.6850 -0.4311
vn -0.8999 -0.3894 -0.1965
vn -0.0216 -0.8994 0.4366
vn -0.3407 0.9074 0.2460
vn -0.2474 -0.2729 0.9297
vn -0.0370 0.8183 0.5736
vn -0.0933 0.8216 0.5624
vn 0.0007 -0.1032 -0.9947
vn -0.0065 -0.0489 -0.9988
vn -0.8637 -0.1247 -0.4884
vn 0.1290 -0.7137 0.6885
vn 0.1207 -0.8136 0.5688
vn -0.9860 -0.0396 0.1620
vn -0.3574 0.9189 0.1669
vn -0.9657 -0.1162 -0.2320
vn -0.3940 0.3811 -0.8364
vn -0.6850 -0.6976 -0.2102
vn -0.4323 0.6111 0.6631
vn -0.0821 0.5312 0.8433
vn -0.0000 -0.7188 0.6953
vn -0.0000 -0.7374 0.6755
vn -0.9109 0.3799 0.1611
vn -0.9882 -0.0063 -0.1530
vn 0.0629 -0.6174 -0.7841
vn 0.0812 -0.7436 -0.6637
vn -0.6621 0.6251 -0.4135
vn -0.5041 0.8562 -0.1133
vn -0.0000 -0.7443 0.6678
vn -0.0000 -0.9852 -0.1712
vn -0.0781 -0.3587 -0.9302
vn -0.0165 -0.1821 -0.9831
vn -0.3791 0.2473 -0.8917
vn -0.0202 0.2430 -0.9698
vn 0.2475 0.7244 -0.6435
vn -0.3614 0.1335 -0.9228
vn 0.4284 0.8979 -0.1015
vn -0.6466 0.6232 -0.4399
vn 0.1570 0.9221 0.3536
vn -0.3548 -0.0580 -0.9331
vn -0.5106 0.0717 -0.8568
vn -0.2870 0.1129 0.9513
vn -0.1350 -0.8597 -0.4926
vn -0.3292 -0.7715 -0.5444
vn -0.3544 -0.8724 -0.3368
vn 0.5100 0.4010 0.7610
vn -0.7331 -0.3200 -0.6002
vn -0.8568 -0.5065 0.0966
vn -0.9359 0.2240 0.2719
vn -0.8665 0.4858 0.1147
vn -0.4453 -0.7882 0.4248
vn 0.5682 0.8081 -0.1551
vn -0.8090 -0.5650 -0.1623
vn -0.6973 0.5919 0.4043
vn 0.9564 0.0681 0.2840
vn -0.0666 0.7909 0.6083
vn -0.9910 0.1331 -0.0126
vn -0.0000 0.9942 -0.1071
vn -0.0000 0.9988 -0.0490
vn -0.0829 0.9962 0.0263
vn -0.3560 -0.8977 0.2596
vn -0.7533 -0.3886 0.5306
vn -0.4482 -0.8933 0.0353
vn -0.1709 -0.5101 0.8430
vn -0.4631 0.0522 0.8847
vn -0.7523 -0.5876 0.2978
vn 0.3201 0.6506 -0.6886
vn -0.0771 -0.4248 -0.9020
vn 0.2121 -0.9485 0.2352
vn -0.5199 0.7712 -0.3674
vn -0.4534 0.8183 -0.3532
vn -0.2955 -0.2792 -0.9136
vn -0.4441 -0.4728 0.7611
vn -0.4984 -0.8612 -0.0995
vn -0.6695 0.5038 -0.5459
vn -0.9915 0.1209 0.0491
vn -0.5367 -0.3166 0.7821
vn -0.8814 0.1153 -0.4582
vn -0.1473 0.0013 -0.9891
vn -0.2272 0.8225 -0.5214
vn -0.0368 0.7939 0.6070
vn -0.8988 0.3031 -0.3166
vn -0.5735 0.6508 0.4976
vn -0.3946 -0.4428 0.8051
vn -0.8989 0.3031 -0.3165
vn -0.0000 -0.6616 0.7499
vn -0.0000 -0.5913 0.8064
vn -0.1260 0.5249 0.8418
vn -0.9613 -0.2602 -0.0907
vn -0.3990 -0.8373 -0.3738
vn -0.3820 0.8833 -0.2718
vn -0.0000 -0.1253 -0.9921
vn -0.0000 -0.1935 -0.9811
vn 0.6127 0.7096 0.3478
vn -0.0022 1.0000 -0.0045
vn -0.7486 -0.2552 0.6120
vn -0.5827 0.8018 -0.1325
vn -0.0000 -0.3464 -0.9381
vn -0.0824 -0.3603 -0.9292
vn -0.0000 -0.3544 -0.9351
vn -0.2506 0.1703 -0.9530
vn -0.0231 -0.4193 -0.9076
vn -0.0000 0.8747 0.4847
vn -0.8885 0.0546 -0.4555
vn 0.1643 0.3481 0.9229
vn -0.6600 -0.4329 -0.6140
vn -0.2964 0.3542 -0.8870
vn 0.0046 0.0650 0.9979
vn -0.0000 0.5936 -0.8048
vn -0.0000 0.7156 -0.6985
vn -0.0682 0.2822 0.9569
vn -0.2451 -0.2429 -0.9386
vn -0.4813 0.8202 0.3092
vn -0.2081 0.9094 -0.3600
vn -0.0000 0.9862 0.1656
vn -0.0000 0.9904 0.1383
vn -0.7620 -0.1513 0.6296
vn -0.0000 0.7270 -0.6866
vn 0.0062 -0.3208 -0.9471
vn 0.0534 -0.0307 -0.9981
vn 0.0117 -0.9448 -0.3275
vn -0.8664 -0.0002 -0.4994
vn -0.5137 -0.7796 0.3582
vn -0.0095 0.1173 -0.9931
vn -0.8015 -0.2170 0.5573
vn -0.7853 -0.5183 0.3386
vn -0.7556 0.2657 -0.5986
vn -0.7083 0.5070 -0.4913
vn -0.9442 -0.2883 0.1591
vn -0.9319 -0.2336 0.2774
vn 0.1622 0.7989 -0.5792
vn -0.3081 0.8502 -0.4268
vn 0.3046 0.8251 -0.4758
vn -0.0000 -0.2656 -0.9641
vn -0.9317 0.1169 -0.3439
vn -0.7255 0.3627 0.5848
vn -0.5774 -0.1543 0.8018
vn -0.8555 0.4111 -0.3147
vn -0.6240 -0.0828 0.7770
vn -0.0000 0.9965 -0.0835
vn -0.0000 0.9966 -0.0827
vn -0.0000 0.9986 -0.0526
vn -0.0000 1.0000 0.0087
vn -0.0666 0.7910 0.6082
vn -0.4433 -0.1076 0.8899
vn -0.0000 0.9719 0.2353
vn -0.0000 0.9708 0.2398
vn -0.0000 -0.6226 -0.7825
vn -0.1631 -0.6420 -0.7491
vn -0.0000 -0.5267 -0.8500
vn -0.0000 0.9710 -0.2391
vn -0.0000 0.9871 -0.1604
vn -0.0000 0.0409 -0.9992
vn -0.0000 0.3066 -0.9518
vn -0.4094 -0.8516 0.3274
vn -0.0000 -0.7597 -0.6503
vn -0.0000 -0.6804 -0.7328
vn -0.8821 0.4336 -0.1844
vn -0.0000 0.2046 0.9788
vn -0.0000 0.1106 0.9939
vn -0.0000 -0.8118 -0.5839
vn -0.0000 -0.8005 -0.5993
vn 0.3406 0.7825 -0.5213
vn -0.0000 -0.3547 -0.9350
vn -0.1688 -0.9714 -0.1671
vn -0.0000 -0.2880 0.9576
vn -0.0000 -0.8579 0.5138
vn -0.0000 -0.8552 0.5183
vn -0.5010 0.7922 0.3484
vn -0.5296 0.8184 -0.2232
vn -0.0966 0.9953 0.0065
vn -0.9685 -0.2310 -0.0934
vn -0.0000 -0.2579 -0.9662
vn -0.0000 -0.9544 0.2987
vn -0.0000 -0.9348 0.3551
vn -0.0000 -0.1995 -0.9799
vn -0.0576 -0.2408 -0.9689
vn -0.7810 0.0490 0.6226
vn -0.4146 0.8002 0.4334
vn 0.1440 0.1827 -0.9726
vn -0.0000 0.9999 0.0110
vn -0.0000 1.0000 0.0085
vn -0.4632 0.0523 0.8847
vn -0.1231 -0.0066 0.9924
vn -0.0000 -0.5460 0.8378
vn -0.0000 -0.5917 0.8062
vn -0.0173 -0.2513 0.9677
vn -0.0000 0.4114 -0.9115
vn -0.1570 -0.9859 -0.0574
vn -0.0000 -0.8834 -0.4687
vn -0.0000 -0.8250 -0.5652
vn -0.0000 0.9499 -0.3125
vn -0.0000 0.9489 -0.3156
vn -0.0000 -0.7458 -0.6662
vn -0.0000 0.9995 -0.0301
vn -0.0000 0.9992 0.0399
vn -0.0000 0.3105 0.9506
vn -0.0000 0.3640 0.9314
vn -0.1947 -0.3413 -0.9196
vn -0.0135 -0.3147 0.9491
vn -0.9723 0.2330 0.0207
vn -0.0000 -0.7797 0.6261
vn -0.0000 -0.8667 0.4988
vn -0.0000 0.9989 -0.0479
vn -0.4826 0.6594 -0.5764
vn -0.5774 -0.1542 0.8018
vn 0.0180 -0.9733 0.2288
vn -0.0000 -0.4720 -0.8816
vn -0.0000 -0.9936 -0.1130
vn -0.0000 -1.0000 -0.0004
vn -0.0000 -0.8699 0.4933
vn -0.8532 0.0135 0.5215
vn -0.0000 0.9865 0.1638
vn -0.0000 0.9834 0.1813
vn -0.2886 0.8450 0.4503
vn -0.9112 0.2033 -0.3582
vn -0.0000 -1.0000 0.0060
vn -0.0000 -0.9987 -0.0502
vn -0.1951 0.8711 0.4506
vn -0.2672 0.3229 -0.9079
vn -0.0000 0.4868 -0.8735
vn -0.0000 0.9952 -0.0978
vn -0.0000 -0.9300 0.3675
vn -0.0000 -0.9910 0.1338
vn 0.1979 0.2380 -0.9509
vn -0.0000 0.0504 0.9987
vn -0.0000 -0.0063 1.0000
vn -0.0000 -0.6313 0.7756
vn -0.0000 -0.4841 0.8750
vn 0.2956 0.8485 0.4389
vn 0.2030 0.8295 0.5203
vn -0.1897 0.8463 0.4978
vn -0.0000 -0.9888 0.1495
vn -0.0000 0.6260 -0.7798
vn -0.8597 0.5043 0.0808
vn -0.7309 0.6425 0.2302
vn -0.1065 0.7947 -0.5975
vn -0.4380 0.6995 -0.5647
vn -0.6170 -0.7634 -0.1909
vn -0.4466 -0.0081 -0.8947
vn -0.0791 -0.4593 0.8847
vn 0.0422 -0.1400 0.9893
vn -0.0000 -0.3582 0.9337
vn -0.0000 -0.4700 0.8827
vn -0.0000 -0.2045 0.9789
vn -0.0000 -0.5001 0.8659
vn -0.0000 0.0034 1.0000
vn -0.0000 -0.1000 0.9950
vn -0.9268 0.2289 -0.2978
vn -0.4203 0.5827 -0.6955
vn -0.0000 0.9992 0.0389
vn -0.0000 0.9882 0.1532
vn -0.4138 -0.4522 0.7901
vn -0.0000 0.6918 0.7220
vn -0.0000 0.7512 0.6601
vn 0.2698 0.6305 -0.7278
vn -0.0000 0.8846 -0.4664
vn -0.0000 0.9333 -0.3592
vn -0.0000 -0.8927 0.4507
vn -0.0000 -0.9619 0.2734
vn -0.8496 -0.4439 0.2848
vn -0.1704 0.8081 -0.5638
vn 0.1160 0.2467 -0.9621
vn -0.1704 0.8081 -0.5639
vn -0.9109 0.2323 0.3410
vn -0.0000 0.8983 0.4393
vn -0.3543 -0.8724 -0.3368
vn 0.5782 0.6838 0.4452
vn -0.0000 0.1608 0.9870
vn -0.0000 -0.3573 0.9340
vn -0.0000 -0.4401 0.8979
vn 0.2356 0.2051 -0.9499
vn -0.0000 -0.9819 -0.1896
vn -0.0000 -0.9935 -0.1142
vn -0.0000 0.8968 0.4425
vn -0.0000 0.9072 0.4207
vn -0.0000 -0.8169 0.5767
vn -0.0000 -0.2694 0.9630
vn -0.2711 0.2028 -0.9409
vn -0.5085 -0.0198 -0.8608
vn -0.0133 0.0094 -0.9999
vn 0.0001 -0.0247 -0.9997
vn -0.0000 0.2691 0.9631
vn -0.0000 0.2702 0.9628
vn -0.0000 0.1497 -0.9887
vn -0.0000 -0.7645 -0.6446
vn -0.2707 0.7219 -0.6368
vn -0.0000 0.0603 -0.9982
vn -0.0000 0.8750 0.4841
vn -0.0000 -0.0045 1.0000
vn -0.0000 0.5011 0.8654
vn -0.0000 -0.0356 -0.9994
vn 0.9857 -0.1677 -0.0176
vn 0.5030 0.3138 -0.8053
vn 0.5132 0.2965 -0.8054
vn 0.9179 -0.0263 0.3959
vn 0.9464 0.0368 0.3209
vn 0.9092 0.0105 0.4162
vn 0.1231 -0.0067 0.9924
vn 0.4918 -0.6771 0.5474
vn 0.2596 -0.8906 0.3734
vn 0.6054 0.5649 0.5607
vn 0.7300 -0.6430 0.2317
vn 0.6193 0.3621 0.6966
vn 0.6719 0.7388 0.0523
vn 0.8194 0.5550 0.1433
vn 0.7974 0.6012 0.0524
vn 0.7248 0.6799 0.1116
vn 0.4239 0.1928 -0.8849
vn -0.6472 0.3754 -0.6635
vn -0.6949 0.0698 -0.7157
vn -0.6481 -0.0958 -0.7555
vn -0.5374 0.0640 -0.8409
vn -0.2364 -0.2667 -0.9343
vn -0.4652 0.4400 -0.7681
vn -0.3783 0.1603 -0.9117
vn 0.3302 -0.6845 -0.6499
vn 0.2156 -0.8656 -0.4518
vn 0.2082 -0.7855 -0.5828
vn 0.0931 -0.9953 0.0261
vn 0.2474 -0.9689 0.0039
vn 0.0915 -0.9956 0.0208
vn 0.2764 -0.5040 -0.8183
vn 0.3881 -0.5241 -0.7581
vn 0.3188 -0.5562 -0.7675
vn 0.5682 0.7300 0.3798
vn 0.1409 0.8848 0.4442
vn -0.1730 0.5795 0.7964
vn -0.1650 0.2324 0.9585
vn 0.1404 0.4842 -0.8636
vn 0.9647 0.2162 -0.1505
vn 0.8196 0.5610 -0.1166
vn 0.2886 0.8450 0.4503
vn 0.2261 0.7825 -0.5802
vn -0.0653 0.9830 -0.1713
vn -0.8985 0.0009 -0.4389
vn -0.7626 0.1510 -0.6290
vn -0.7701 -0.0290 -0.6372
vn 0.6365 -0.7682 -0.0688
vn 0.6712 -0.7264 -0.1478
vn 0.5717 -0.7981 -0.1902
vn 0.3355 -0.0335 -0.9415
vn 0.3536 -0.3549 -0.8655
vn 0.4862 -0.0495 -0.8724
vn 0.1253 0.9798 -0.1558
vn 0.2020 0.9794 0.0058
vn 0.1733 0.9829 -0.0621
vn 0.6758 0.4395 0.5918
vn 0.6398 0.6143 0.4618
vn 0.5891 0.5496 0.5924
vn 0.9983 -0.0471 0.0346
vn 0.9921 -0.0959 0.0813
vn 0.9978 -0.0044 0.0666
vn 0.3432 0.1439 0.9282
vn 0.6989 0.3050 0.6469
vn 0.6864 0.1372 0.7141
vn 0.5973 -0.6263 -0.5010
vn 0.6463 -0.4595 -0.6092
vn 0.6630 -0.5560 -0.5012
vn 0.3197 0.9381 -0.1333
vn 0.6920 0.3390 -0.6373
vn 0.3251 0.9457 -0.0033
vn 0.8174 0.3113 -0.4846
vn 0.9520 0.0803 -0.2955
vn 0.8879 0.0045 -0.4599
vn 0.3314 -0.7218 -0.6076
vn 0.4470 -0.7352 -0.5095
vn 0.3615 -0.8341 -0.4167
vn 0.6294 0.4482 0.6348
vn 0.5301 0.5677 0.6299
vn 0.3374 0.6617 0.6696
vn 0.2896 0.5193 -0.8040
vn 0.2952 -0.4177 -0.8593
vn -0.1551 0.3440 -0.9261
vn 0.5510 0.0943 -0.8292
vn 0.3764 0.1196 -0.9187
vn 0.4116 0.3765 -0.8299
vn 0.5211 -0.0810 -0.8496
vn 0.4929 -0.3637 -0.7904
vn 0.5409 -0.2727 -0.7957
vn -0.0000 0.1734 0.9849
vn 0.1526 0.3322 0.9308
vn 0.5328 -0.7951 0.2897
vn 0.4085 -0.8380 0.3619
vn 0.5298 -0.7452 0.4050
vn 0.0619 0.2839 -0.9568
vn 0.2436 -0.6298 0.7376
vn 0.2881 -0.7335 0.6156
vn 0.4188 -0.5895 0.6907
vn 0.5099 -0.4631 0.7250
vn 0.5813 -0.5060 0.6372
vn 0.4642 -0.6081 0.6440
vn 0.6338 -0.4677 -0.6160
vn 0.6086 -0.3212 -0.7256
vn 0.7341 -0.2794 -0.6189
vn -0.5876 0.4372 0.6809
vn -0.3326 0.5465 0.7686
vn -0.3583 0.6311 0.6880
vn 0.0168 -0.5863 0.8099
vn 0.3026 -0.6575 0.6900
vn 0.1568 -0.5471 0.8223
vn -0.1985 0.7070 -0.6788
vn -0.0432 0.9143 -0.4028
vn -0.1232 0.7530 -0.6463
vn 0.1968 -0.5477 0.8132
vn 0.3185 -0.5087 0.7998
vn 0.2293 -0.3553 0.9062
vn 0.8355 0.2232 0.5021
vn 0.8105 -0.0245 0.5852
vn 0.8996 0.1853 0.3955
vn 0.8504 0.1700 -0.4980
vn 0.6826 -0.0272 -0.7303
vn 0.7270 0.2719 -0.6305
vn 0.5827 0.6812 -0.4432
vn 0.5167 0.4687 -0.7165
vn 0.5583 0.6919 -0.4577
vn 0.5137 -0.8491 0.1227
vn 0.5850 -0.8058 0.0920
vn 0.5445 -0.8373 0.0496
vn -0.0306 -0.9672 -0.2523
vn 0.0539 -0.9535 -0.2964
vn -0.2222 -0.9488 -0.2247
vn 0.8647 0.0325 -0.5012
vn 0.8466 0.1378 -0.5140
vn 0.9405 0.2264 -0.2533
vn 0.1992 -0.9751 -0.0970
vn 0.3533 -0.9331 -0.0667
vn 0.3330 -0.9425 0.0291
vn 0.8929 0.2722 0.3587
vn 0.7821 0.2930 0.5501
vn 0.8220 0.1314 0.5541
vn 0.7929 0.6057 -0.0662
vn 0.7318 0.6121 -0.2996
vn 0.6746 0.6734 -0.3023
vn 0.7527 -0.1958 -0.6286
vn 0.7529 -0.1882 -0.6307
vn 0.8800 -0.0707 -0.4697
vn 0.7882 -0.5032 -0.3543
vn 0.8072 0.5261 -0.2675
vn 0.7452 -0.5154 -0.4232
vn 0.1771 0.3115 0.9336
vn 0.2587 0.0440 0.9649
vn 0.3515 0.3153 0.8815
vn 0.1333 -0.7260 0.6747
vn 0.2096 -0.7425 0.6363
vn 0.5008 -0.0688 -0.8628
vn 0.6243 0.0337 -0.7805
vn 0.5737 0.0675 -0.8163
vn -0.1982 -0.8688 -0.4538
vn -0.1511 -0.7136 -0.6841
vn 0.0124 -0.7669 -0.6417
vn -0.3607 -0.2038 -0.9101
vn 0.0610 -0.0958 -0.9935
vn -0.2638 -0.0415 -0.9637
vn 0.4777 -0.8737 0.0921
vn 0.5071 -0.8608 -0.0439
vn 0.4768 -0.8507 0.2211
vn 0.9059 0.4208 -0.0484
vn 0.8931 0.4074 -0.1906
vn 0.8913 0.4102 -0.1934
vn 0.9012 -0.0420 0.4313
vn 0.9710 0.0994 0.2174
vn 0.9146 0.2226 0.3376
vn 0.1469 -0.0449 -0.9881
vn 0.3355 -0.0334 -0.9415
vn 0.2311 0.3439 -0.9101
vn 0.2332 0.6998 -0.6752
vn 0.2301 0.5462 -0.8054
vn 0.1736 0.6168 -0.7677
vn 0.3125 -0.8425 0.4388
vn 0.2132 -0.9175 0.3357
vn 0.3285 -0.8829 0.3356
vn 0.2812 -0.7569 0.5899
vn 0.2535 -0.7892 0.5594
vn 0.2977 -0.7576 0.5808
vn 0.1612 -0.3391 0.9268
vn 0.3318 -0.5677 0.7534
vn 0.3116 -0.2636 0.9129
vn 0.8047 0.4575 -0.3783
vn 0.6213 0.6853 0.3800
vn 0.4823 0.7916 0.3752
vn 0.9877 0.1534 -0.0312
vn 0.9994 0.0153 0.0323
vn 0.9555 0.1884 0.2270
vn 0.6211 -0.5931 -0.5123
vn 0.7039 -0.5179 -0.4861
vn 0.7194 -0.6233 -0.3065
vn 0.2140 -0.8714 0.4415
vn 0.2419 -0.8115 0.5319
vn 0.3280 -0.7041 0.6298
vn 0.3639 -0.7174 0.5940
vn 0.4057 -0.7438 0.5312
vn 0.4038 0.1901 -0.8949
vn 0.4736 0.3261 -0.8182
vn 0.4247 0.1490 -0.8930
vn -0.8896 -0.0364 -0.4552
vn -0.9677 0.2323 -0.0978
vn -0.8464 0.0076 -0.5326
vn 0.7957 0.3505 0.4939
vn 0.5657 0.3363 0.7529
vn 0.8027 0.1917 0.5648
vn 0.1921 0.9784 0.0766
vn 0.2344 0.8775 0.4183
vn 0.4765 0.8131 0.3345
vn 0.3460 -0.9028 -0.2554
vn 0.3941 -0.8575 -0.3308
vn 0.3902 -0.9158 -0.0953
vn 0.7355 0.5243 -0.4291
vn 0.7703 0.3939 -0.5016
vn 0.7245 0.4903 -0.4845
vn 0.9827 -0.1787 0.0483
vn 0.9059 -0.4160 -0.0792
vn 0.9636 -0.2137 -0.1605
vn 0.7900 0.4781 0.3839
vn 0.9392 -0.2549 0.2302
vn 0.9325 -0.3513 0.0842
vn 0.9952 -0.0890 0.0399
vn 0.3399 -0.9174 0.2071
vn 0.2955 -0.6956 0.6549
vn 0.2806 -0.7720 0.5703
vn 0.7570 -0.3637 0.5428
vn 0.9003 -0.1752 0.3985
vn 0.7947 -0.1916 0.5759
vn 0.3832 -0.3184 0.8671
vn 0.1312 0.8301 -0.5420
vn 0.5878 0.3868 -0.7105
vn 0.2896 0.8541 -0.4320
vn -0.0358 0.9993 -0.0102
vn 0.0422 0.9889 0.1424
vn 0.0608 0.9981 -0.0126
vn 0.8640 0.4848 -0.1359
vn 0.9214 0.3607 -0.1448
vn 0.7605 0.5274 -0.3787
vn 0.9497 0.3027 0.0795
vn 0.8936 0.4486 0.0144
vn 0.8915 0.4404 0.1060
vn 0.8887 -0.1871 -0.4186
vn 0.9093 -0.0475 -0.4134
vn 0.9707 -0.0812 -0.2260
vn -0.0296 0.9891 -0.1445
vn -0.2679 0.9097 0.3172
vn -0.5778 0.7600 -0.2975
vn -0.8114 -0.0099 -0.5844
vn -0.2890 0.8418 -0.4559
vn 0.7690 0.6320 -0.0960
vn 0.7605 0.6373 -0.1243
vn 0.6553 0.7481 0.1045
vn 0.9786 0.0049 -0.2058
vn 0.9743 -0.0149 -0.2245
vn 0.9747 0.1729 -0.1413
vn -0.4104 0.6559 0.6335
vn -0.3827 0.4152 0.8253
vn -0.2839 0.4799 0.8301
vn 0.3305 0.9295 -0.1639
vn 0.2363 0.9703 -0.0520
vn 0.3256 0.9434 0.0639
vn 0.6170 0.0777 0.7831
vn 0.3040 0.0179 0.9525
vn 0.6065 0.0172 0.7949
vn 0.5774 0.4632 0.6723
vn 0.9749 0.0586 -0.2148
vn 0.8230 -0.0283 0.5674
vn 0.3100 0.6647 0.6797
vn 0.3311 0.7632 0.5549
vn 0.6077 0.6514 0.4543
vn 0.2686 0.9614 0.0593
vn 0.8414 -0.1156 0.5279
vn 0.9155 -0.1469 0.3745
vn 0.8094 -0.3678 0.4578
vn 0.4262 -0.3321 -0.8415
vn 0.8630 0.4896 -0.1246
vn 0.8143 0.5521 -0.1791
vn 0.7744 0.6313 -0.0423
vn 0.4270 -0.1902 0.8840
vn 0.5971 -0.3469 0.7233
vn 0.4801 0.1751 0.8596
vn 0.4710 -0.5263 -0.7079
vn 0.7029 -0.2695 -0.6582
vn 0.8206 -0.4889 -0.2958
vn 0.6571 -0.7166 -0.2339
vn 0.6648 -0.6692 -0.3318
vn 0.7179 -0.6322 -0.2915
vn 0.1978 0.7738 0.6017
vn -0.1525 -0.1884 -0.9702
vn -0.0660 -0.6950 -0.7160
vn 0.8476 -0.5300 -0.0254
vn 0.8043 -0.5383 -0.2515
vn 0.9478 -0.2399 -0.2101
vn 0.3086 0.8508 0.4253
vn 0.0845 0.8522 0.5163
vn 0.3854 0.8520 0.3545
vn 0.4465 0.7573 -0.4766
vn 0.6628 0.6532 -0.3660
vn 0.8837 0.4670 -0.0304
vn 0.6454 0.7552 -0.1148
vn 0.6794 0.7326 0.0405
vn 0.6428 -0.6003 -0.4759
vn 0.7476 -0.5349 -0.3936
vn 0.6707 -0.7128 -0.2051
vn 0.8404 0.2181 0.4962
vn -0.0284 0.4647 0.8850
vn 0.1454 0.2332 0.9615
vn 0.1039 0.6072 0.7877
vn 0.9017 0.2569 0.3479
vn 0.8479 0.3767 0.3730
vn 0.8409 0.3385 0.4222
vn 0.4278 -0.5793 -0.6938
vn 0.5657 -0.4976 -0.6575
vn 0.3082 -0.9288 -0.2056
vn 0.8638 -0.5025 0.0377
vn 0.8921 -0.4491 0.0507
vn 0.5536 0.5246 -0.6468
vn 0.7202 0.5258 -0.4525
vn 0.4502 0.8021 -0.3924
vn 0.3721 0.7645 -0.5265
vn 0.4051 0.7278 -0.5533
vn 0.3856 0.7961 -0.4664
vn -0.3332 0.8760 0.3488
vn -0.2962 0.8544 0.4269
vn -0.1875 0.9426 0.2762
vn 0.5068 -0.3295 0.7966
vn 0.4305 -0.5407 0.7228
vn 0.6054 -0.4263 0.6721
vn -0.3166 -0.0926 0.9440
vn -0.1651 -0.1700 0.9715
vn -0.3931 -0.1479 0.9075
vn 0.2454 -0.5909 0.7685
vn 0.2132 0.9659 0.1466
vn 0.4372 0.8968 0.0680
vn 0.6475 0.7427 0.1708
vn 0.1774 -0.8692 -0.4615
vn 0.2120 -0.7975 -0.5648
vn 0.3102 -0.8189 -0.4829
vn 0.6570 -0.0503 -0.7522
vn 0.7003 -0.1369 -0.7006
vn 0.7334 0.4867 0.4746
vn 0.5952 0.7415 0.3097
vn 0.4339 0.5215 0.7347
vn 0.8493 -0.2360 -0.4723
vn 0.8047 -0.2813 -0.5227
vn 0.8619 -0.1051 -0.4961
vn 0.7023 -0.7118 -0.0103
vn 0.8493 -0.5105 -0.1349
vn 0.8163 -0.5684 0.1030
vn 0.1887 -0.6354 -0.7487
vn 0.3326 0.1246 -0.9348
vn 0.3138 -0.0631 -0.9474
vn 0.8136 0.5097 0.2796
vn 0.6384 0.7109 0.2950
vn 0.2549 0.9364 0.2412
vn 0.2581 0.9157 0.3082
vn 0.3838 0.9147 0.1265
vn 0.2783 0.9551 -0.1021
vn 0.6893 0.7173 0.1017
vn 0.4257 0.9047 0.0178
vn 0.3046 -0.9210 0.2429
vn 0.2778 -0.9444 0.1756
vn 0.8065 0.5455 0.2280
vn 0.6804 0.7243 0.1117
vn 0.5967 0.6421 0.4813
vn 0.5427 -0.7958 0.2688
vn 0.4840 -0.8430 0.2349
vn -0.1362 -0.9895 -0.0488
vn 0.1055 -0.9944 0.0070
vn 0.0749 -0.8431 -0.5325
vn 0.3284 -0.1041 0.9388
vn 0.3738 -0.1180 0.9200
vn 0.2964 -0.1221 0.9472
vn 0.8354 0.5043 -0.2186
vn 0.8430 0.4328 -0.3196
vn 0.6946 0.1611 0.7011
vn 0.7098 0.0926 0.6983
vn 0.6230 0.1950 0.7575
vn 0.3438 -0.7371 -0.5818
vn 0.7117 -0.5511 -0.4355
vn 0.3816 -0.6741 -0.6325
vn 0.1748 0.2566 0.9506
vn 0.1047 0.1516 0.9829
vn 0.1058 0.0962 0.9897
vn 0.2246 -0.9743 0.0177
vn 0.1771 -0.9720 -0.1542
vn 0.3569 -0.9340 -0.0176
vn 0.6281 0.5914 -0.5057
vn 0.8277 0.3634 -0.4277
vn 0.8371 0.1814 -0.5161
vn 0.5895 0.3755 0.7151
vn 0.5423 0.6424 0.5415
vn 0.4313 0.5011 0.7502
vn -0.0414 0.9177 0.3950
vn -0.1272 0.8227 0.5540
vn -0.4265 0.6706 0.6070
vn 0.9443 -0.3095 0.1121
vn 0.9676 -0.2216 0.1209
vn 0.7521 -0.5642 0.3405
vn -0.0971 -0.6506 0.7532
vn -0.0552 -0.6428 0.7640
vn -0.0924 -0.4485 0.8890
vn 0.6572 0.4424 0.6103
vn 0.7713 0.1445 0.6198
vn 0.1189 0.9922 -0.0371
vn -0.3631 0.7795 0.5104
vn 0.1632 0.9862 -0.0285
vn -0.5210 0.8535 0.0022
vn -0.4774 0.7587 0.4433
vn -0.3370 0.8053 0.4878
vn 0.1650 -0.7202 0.6739
vn 0.3803 -0.8207 0.4264
vn -0.0192 -0.8448 0.5347
vn 0.6478 0.6577 0.3844
vn 0.5983 0.4963 0.6290
vn 0.5270 -0.3112 -0.7908
vn 0.4529 0.0852 -0.8875
vn 0.4388 0.8855 0.1529
vn 0.1103 0.8879 -0.4467
vn 0.3166 0.9344 -0.1631
vn 0.3104 0.0726 0.9478
vn -0.3110 0.0293 0.9500
vn -0.2959 -0.0088 0.9552
vn 0.8635 -0.3013 0.4045
vn 0.5056 -0.8368 -0.2099
vn 0.5348 -0.8165 -0.2175
vn 0.4557 -0.8665 -0.2038
vn 0.4208 -0.1332 -0.8973
vn -0.0636 -0.0389 -0.9972
vn 0.3683 -0.2032 -0.9072
vn 0.9446 -0.2602 -0.1999
vn 0.9610 0.0293 -0.2751
vn 0.9928 -0.0484 -0.1099
vn 0.0884 0.3411 0.9358
vn 0.1157 0.3204 0.9402
vn 0.1043 0.3250 0.9400
vn 0.1806 0.7231 0.6668
vn 0.3518 0.6518 0.6719
vn 0.3611 0.7501 0.5540
vn 0.1960 -0.5191 0.8320
vn -0.1597 -0.7110 0.6848
vn -0.1462 -0.5366 0.8310
vn -0.0244 -0.8148 -0.5792
vn 0.3989 -0.8461 -0.3535
vn 0.8983 -0.3340 -0.2856
vn 0.8441 -0.2891 -0.4516
vn 0.8687 -0.2712 -0.4145
vn 0.2795 -0.3363 0.8993
vn 0.4595 -0.5013 0.7332
vn 0.5644 -0.4552 0.6886
vn 0.1528 0.2318 0.9607
vn 0.1348 0.2907 0.9473
vn 0.5123 0.1885 -0.8379
vn 0.6296 0.0140 -0.7768
vn 0.7882 0.0075 -0.6153
vn 0.1861 -0.6771 -0.7119
vn 0.4004 -0.6270 -0.6682
vn 0.2006 0.8717 0.4471
vn 0.0765 0.7150 -0.6949
vn 0.0848 0.7672 -0.6358
vn 0.3904 0.6450 -0.6569
vn 0.8859 0.3270 -0.3290
vn 0.9873 0.1130 -0.1121
vn 0.3721 0.8057 -0.4608
vn 0.5120 0.7275 -0.4568
vn 0.5176 0.6285 -0.5806
vn 0.5216 -0.6412 0.5629
vn 0.4893 -0.5102 0.7073
vn 0.7208 -0.6867 0.0945
vn 0.7244 -0.6893 -0.0104
vn 0.7886 -0.6148 0.0121
vn 0.5384 0.8349 -0.1143
vn 0.2276 0.9140 -0.3358
vn 0.5756 0.8131 -0.0867
vn 0.6029 -0.3421 -0.7208
vn 0.6706 -0.2177 -0.7091
vn 0.4233 -0.2494 -0.8710
vn 0.3268 -0.9212 -0.2114
vn 0.3750 -0.9124 -0.1641
vn 0.3099 -0.9508 -0.0006
vn 0.9578 0.2099 -0.1963
vn 0.8305 -0.2687 0.4879
vn 0.8092 -0.2414 0.5357
vn 0.4435 -0.1852 0.8769
vn 0.5095 0.0351 0.8598
vn 0.6419 -0.3049 0.7035
vn 0.2326 0.1556 -0.9600
vn 0.4212 -0.7649 0.4874
vn 0.3830 -0.7857 0.4857
vn 0.3507 -0.9360 -0.0293
vn 0.4033 -0.9143 -0.0387
vn 0.3719 -0.9283 0.0052
vn 0.3792 0.6027 -0.7021
vn 0.4539 0.7005 -0.5508
vn 0.9780 0.1500 0.1452
vn 0.9909 0.0424 0.1277
vn 0.3265 0.1282 0.9364
vn 0.3050 0.6019 0.7381
vn 0.4577 0.3656 0.8105
vn 0.2986 0.6787 0.6710
vn 0.1377 -0.9379 -0.3185
vn 0.4307 -0.9021 0.0274
vn 0.5034 -0.8612 -0.0704
vn 0.6128 -0.7849 -0.0922
vn 0.7182 -0.6946 -0.0405
vn 0.6467 -0.5857 -0.4885
vn 0.5077 -0.2115 -0.8352
vn 0.6153 -0.1268 -0.7780
vn 0.9695 0.2369 0.0625
vn 0.8698 0.4908 -0.0499
vn 0.8213 -0.4094 -0.3973
vn 0.6358 -0.7668 0.0885
vn 0.6353 -0.7680 0.0813
vn 0.0063 0.5974 -0.8020
vn 0.4213 -0.5065 -0.7523
vn 0.2375 0.5106 -0.8264
vn 0.7503 0.6525 -0.1064
vn 0.6684 0.1060 0.7362
vn 0.6753 0.2393 0.6976
vn 0.9495 0.1764 -0.2593
vn 0.6464 0.2818 -0.7091
vn 0.1073 0.9898 -0.0934
vn 0.5311 0.5265 -0.6639
vn 0.0356 -0.1767 -0.9836
vn 0.0038 -0.1908 -0.9816
vn 0.0424 -0.4037 -0.9139
vn -0.7884 0.5364 0.3012
vn -0.6425 0.4371 0.6293
vn -0.5075 0.5329 0.6771
vn 0.8233 -0.5199 0.2275
vn 0.6283 -0.1209 0.7685
vn 0.8922 -0.3949 0.2190
vn 0.1828 -0.8504 0.4933
vn 0.3626 -0.7745 0.5184
vn 0.8938 0.1921 -0.4053
vn 0.9014 0.2363 -0.3627
vn 0.8686 0.2726 -0.4137
vn 0.4950 -0.8352 0.2397
vn 0.5479 0.4505 0.7049
vn 0.6100 0.3052 0.7312
vn 0.5433 0.5167 0.6618
vn 0.4434 0.8237 0.3533
vn 0.2815 0.7383 0.6130
vn 0.2045 0.8218 0.5317
vn 0.7013 -0.0925 0.7068
vn 0.6430 -0.3038 0.7030
vn 0.3140 0.6579 0.6845
vn 0.5083 0.6740 0.5361
vn 0.3248 0.7820 0.5320
vn 0.4560 0.4302 -0.7791
vn 0.3076 0.8167 -0.4883
vn -0.2837 0.5157 -0.8084
vn 0.9517 -0.1470 0.2696
vn 0.9799 -0.0457 0.1942
vn 0.9570 0.0821 0.2781
vn 0.1646 0.8377 0.5207
vn 0.3122 -0.8852 0.3450
vn 0.4263 -0.8824 0.1992
vn 0.4462 -0.8757 0.1844
vn 0.7375 0.6421 -0.2092
vn 0.8432 0.4586 -0.2804
vn 0.8073 0.5262 -0.2674
vn 0.9833 0.0383 0.1778
vn 0.9764 0.1641 0.1401
vn 0.9566 0.1609 0.2430
vn 0.0821 0.5312 0.8432
vn 0.3320 0.2901 0.8976
vn 0.0159 0.1033 0.9945
vn 0.3385 -0.0603 0.9390
vn -0.8318 0.0837 0.5487
vn -0.8097 0.1542 0.5662
vn -0.9024 0.1444 0.4059
vn 0.7735 -0.0272 -0.6332
vn 0.9542 -0.1445 -0.2621
vn 0.1266 0.1662 -0.9779
vn 0.2546 0.3443 -0.9037
vn 0.2839 0.1926 -0.9393
vn 0.4736 -0.7842 -0.4010
vn 0.4090 -0.6220 -0.6677
vn 0.4914 -0.5918 -0.6390
vn 0.3533 -0.9340 -0.0534
vn 0.1642 -0.9816 -0.0974
vn 0.3522 -0.9163 -0.1904
vn 0.2971 0.9547 0.0170
vn 0.3281 0.9419 0.0719
vn 0.1490 -0.0140 -0.9887
vn 0.2625 0.0412 -0.9641
vn 0.2850 -0.1199 -0.9510
vn 0.6248 -0.6814 -0.3812
vn 0.9442 -0.2883 0.1590
vn 0.6171 -0.6501 -0.4433
vn 0.7902 0.1214 0.6007
vn 0.7679 0.4151 0.4880
vn 0.9290 0.3408 0.1442
vn 0.8537 0.0552 -0.5178
vn 0.7438 0.2381 -0.6245
vn -0.4073 0.6567 -0.6347
vn -0.4392 0.7418 -0.5069
vn -0.3163 0.7415 -0.5917
vn 0.0677 0.9977 -0.0054
vn -0.5778 0.7600 -0.2976
vn -0.2889 0.8418 -0.4559
vn 0.9686 0.1369 0.2075
vn 0.7765 -0.0440 -0.6286
vn 0.6402 -0.0109 -0.7682
vn 0.7665 0.1500 -0.6245
vn 0.7483 0.6546 0.1075
vn 0.4428 0.8490 -0.2883
vn -0.0347 0.7180 -0.6951
vn 0.2885 0.8451 -0.4500
vn 0.0896 -0.9824 0.1640
vn 0.2296 -0.9621 0.1473
vn -0.0390 -0.5947 0.8030
vn 0.1348 -0.7535 0.6435
vn 0.1518 -0.6457 0.7484
vn 0.6194 -0.7106 0.3336
vn 0.7366 -0.4751 0.4814
vn 0.8991 0.4357 0.0419
vn 0.7520 0.6214 0.2198
vn 0.8495 0.4779 0.2233
vn 0.7883 0.6114 0.0695
vn 0.4722 -0.8407 0.2650
vn 0.2129 -0.6635 0.7172
vn 0.3301 -0.7068 0.6257
vn 0.3469 -0.6510 0.6752
vn 0.9745 -0.1150 -0.1927
vn 0.9683 -0.0368 -0.2471
vn 0.9708 0.0632 -0.2314
vn -0.3415 0.6749 -0.6541
vn -0.3756 0.5809 -0.7221
vn -0.2811 0.5995 -0.7494
vn 0.7337 0.2177 -0.6437
vn 0.5442 0.0562 -0.8371
vn 0.5668 0.1352 -0.8127
vn 0.1738 0.0012 0.9848
vn 0.3726 -0.9121 -0.1709
vn 0.2055 -0.8921 -0.4024
vn -0.4821 0.6258 0.6131
vn 0.0892 -0.4443 0.8914
vn 0.1781 -0.5978 0.7816
vn 0.2067 -0.5756 0.7912
vn -0.0559 0.9834 0.1727
vn -0.3806 0.7810 -0.4951
vn -0.3727 0.8097 -0.4532
vn 0.1182 0.4931 0.8619
vn 0.1451 0.2962 0.9440
vn -0.1924 0.1305 0.9726
vn 0.6113 -0.7880 -0.0735
vn 0.5942 -0.7951 0.1213
vn 0.6929 -0.7117 -0.1159
vn 0.7536 0.3256 0.5710
vn 0.9353 0.2081 0.2862
vn 0.9251 0.1987 0.3235
vn 0.7904 0.5292 -0.3086
vn 0.7128 0.5250 -0.4650
vn 0.6526 0.6972 -0.2966
vn 0.9555 0.1751 -0.2373
vn 0.9889 0.1140 -0.0948
vn 0.0901 0.2761 0.9569
vn -0.0475 0.0461 0.9978
vn 0.1540 0.0739 0.9853
vn -0.3368 0.9205 0.1981
vn -0.4737 0.8805 0.0196
vn 0.2130 0.9771 0.0010
vn 0.4833 -0.6399 -0.5975
vn 0.2928 -0.3459 -0.8914
vn 0.2728 -0.1019 -0.9566
vn 0.4689 -0.1703 -0.8667
vn -0.0396 0.8802 0.4730
vn -0.0301 0.8888 0.4574
vn -0.2386 0.8774 0.4161
vn 0.3407 0.2501 -0.9063
vn 0.3408 0.0404 -0.9393
vn -0.0143 -0.6835 -0.7298
vn -0.0546 -0.6183 -0.7840
vn -0.0615 -0.9951 -0.0775
vn 0.1251 -0.9847 -0.1214
vn 0.1508 -0.9826 0.1082
vn 0.5581 0.8293 -0.0285
vn 0.6513 0.7457 -0.1406
vn 0.5457 0.8307 -0.1103
vn -0.2668 0.7296 0.6297
vn -0.0089 0.7253 0.6884
vn -0.4768 0.6465 0.5956
vn 0.8230 -0.4155 -0.3874
vn 0.8573 -0.3327 -0.3930
vn 0.8539 -0.3332 -0.3999
vn 0.7108 -0.3868 0.5874
vn 0.9363 0.2767 0.2163
vn 0.2579 -0.6767 0.6896
vn 0.3193 -0.8631 0.3914
vn -0.1494 -0.9011 0.4070
vn 0.4194 -0.8029 0.4236
vn 0.1799 0.5976 0.7813
vn 0.2179 0.9679 0.1249
vn 0.2777 0.9588 0.0593
vn 0.0181 -0.5992 -0.8004
vn 0.1043 -0.4023 -0.9096
vn 0.2226 -0.6200 -0.7523
vn 0.4958 0.7234 -0.4804
vn 0.3838 0.8522 -0.3556
vn 0.9319 0.1780 -0.3160
vn 0.9358 0.1905 -0.2967
vn 0.9589 -0.1276 0.2535
vn 0.9933 -0.0793 0.0836
vn 0.9724 0.0176 0.2326
vn -0.5817 -0.0030 -0.8134
vn -0.6469 -0.1616 -0.7453
vn 0.0142 0.9999 -0.0028
vn -0.0093 0.9962 0.0867
vn -0.1143 0.9928 0.0367
vn 0.1566 0.3738 -0.9142
vn -0.0745 0.3470 -0.9349
vn -0.0905 0.2742 -0.9574
vn 0.8048 0.3256 -0.4962
vn 0.2708 0.7219 -0.6368
vn 0.5254 0.7936 -0.3068
vn 0.5059 -0.3336 -0.7955
vn 0.4753 -0.2375 -0.8472
vn 0.8438 -0.0321 0.5357
vn 0.9291 -0.1136 0.3520
vn 0.8923 0.1133 0.4370
vn 0.8094 0.1200 0.5748
vn 0.6770 0.6989 0.2309
vn 0.9058 0.1418 -0.3993
vn 0.6866 0.7098 -0.1574
vn -0.7150 0.3605 -0.5990
vn -0.3060 0.1619 -0.9382
vn 0.4273 0.8968 -0.1144
vn 0.4693 0.8827 -0.0232
vn 0.5243 0.8487 -0.0694
vn 0.8966 0.3166 0.3095
vn 0.8603 0.3984 0.3182
vn 0.4864 -0.7089 0.5108
vn 0.4755 -0.8472 0.2371
vn 0.5447 -0.7418 0.3911
vn 0.8530 -0.1254 0.5067
vn 0.8684 -0.2340 0.4372
vn 0.9121 -0.1606 0.3772
vn 0.8354 0.4147 -0.3609
vn 0.3289 -0.6914 -0.6432
vn 0.0985 -0.9052 0.4134
vn 0.1067 -0.9599 0.2593
vn 0.2404 -0.8952 0.3752
vn 0.3433 -0.4446 0.8273
vn 0.5074 -0.5351 0.6755
vn 0.4524 -0.3158 0.8340
vn 0.5825 0.4412 0.6827
vn 0.4960 -0.8151 0.2992
vn 0.6066 -0.7858 0.1210
vn 0.5707 -0.7345 0.3673
vn 0.6461 0.2266 -0.7288
vn 0.7909 0.3015 -0.5326
vn 0.6632 0.4707 -0.5819
vn -0.6753 0.7138 -0.1857
vn -0.7187 0.1228 -0.6844
vn -0.4767 0.8188 -0.3200
vn 0.8919 -0.4243 0.1567
vn 0.9751 -0.2025 0.0907
vn 0.6702 0.7001 0.2463
vn 0.7072 0.7070 0.0041
vn 0.4031 -0.8195 0.4075
vn 0.0131 -0.8810 0.4729
vn -0.8890 -0.1383 -0.4364
vn -0.9979 -0.0639 0.0053
vn -0.9960 0.0345 -0.0829
vn 0.1214 0.7675 -0.6295
vn 0.5883 0.6867 -0.4269
vn 0.3202 0.9101 0.2630
vn 0.9879 -0.0445 -0.1483
vn 0.0530 -0.9981 0.0300
vn 0.2529 -0.3661 -0.8956
vn 0.2093 -0.3471 -0.9142
vn 0.1067 -0.3893 -0.9149
vn -0.2580 0.8382 0.4805
vn 0.9251 0.3604 -0.1195
vn 0.7935 0.5563 -0.2468
vn 0.7588 0.6501 -0.0409
vn 0.2314 -0.0889 -0.9688
vn 0.1572 -0.0002 -0.9876
vn 0.0969 -0.0388 -0.9945
vn -0.2086 0.4982 -0.8416
vn -0.1053 0.6636 -0.7406
vn -0.0143 0.5051 -0.8629
vn -0.1642 0.2950 -0.9413
vn -0.1568 0.1260 -0.9796
vn -0.0293 0.0084 -0.9995
vn -0.0114 -0.0039 -0.9999
vn 0.1568 -0.1877 0.9696
vn 0.3008 0.0453 0.9526
vn 0.9139 -0.2474 -0.3219
vn 0.9396 -0.1646 -0.3002
vn 0.9867 -0.1071 -0.1225
vn 0.2971 -0.7488 0.5925
vn 0.4391 -0.5615 0.7014
vn 0.8990 0.3248 0.2938
vn 0.5680 -0.7683 -0.2952
vn 0.5731 -0.8062 0.1468
vn 0.3451 0.5584 -0.7544
vn 0.3577 0.7509 -0.5552
vn 0.6300 0.5090 -0.5866
vn 0.5279 0.5613 0.6374
vn 0.2014 -0.2511 0.9468
vn 0.3457 0.5731 0.7430
vn 0.8820 -0.2335 0.4093
vn 0.4235 0.8432 -0.3311
vn 0.9638 0.0601 0.2596
vn 0.9956 0.0646 -0.0678
vn 0.9835 0.1173 0.1381
vn 0.9622 -0.2296 -0.1465
vn 0.8983 -0.0942 -0.4291
vn 0.8228 -0.4756 -0.3111
vn 0.2163 0.0507 0.9750
vn 0.2690 0.2496 0.9302
vn -0.2421 0.4340 -0.8677
vn 0.4042 0.9009 0.1581
vn 0.4404 0.8973 0.0307
vn 0.8930 0.2629 0.3652
vn -0.0989 0.2915 0.9514
vn -0.3748 0.2258 0.8992
vn 0.0224 0.1558 0.9875
vn 0.0006 0.2665 0.9638
vn 0.6686 -0.6053 -0.4320
vn 0.5525 -0.6849 -0.4751
vn 0.2605 0.9632 0.0661
vn 0.3971 0.8834 0.2489
vn -0.0924 0.9948 0.0435
vn -0.0439 0.9930 0.1097
vn -0.1490 0.8723 0.4656
vn 0.6464 -0.1331 -0.7513
vn 0.5669 -0.0729 -0.8206
vn 0.6367 0.0368 -0.7702
vn 0.4911 -0.8707 -0.0263
vn 0.4684 -0.8833 -0.0201
vn 0.3743 -0.9172 0.1365
vn -0.4030 0.3589 0.8419
vn -0.2171 0.0991 0.9711
vn -0.1170 0.1605 0.9801
vn 0.1197 0.8503 -0.5125
vn 0.1511 0.9312 -0.3316
vn 0.2034 0.8089 -0.5516
vn 0.2757 -0.9503 0.1443
vn 0.1858 -0.9820 0.0339
vn 0.9879 0.1531 0.0233
vn 0.9218 0.1883 0.3389
vn 0.6868 -0.4661 -0.5577
vn 0.8143 -0.4139 -0.4069
vn 0.5736 0.3422 0.7442
vn 0.8340 -0.2918 -0.4684
vn 0.7997 0.0052 -0.6004
vn 0.9061 -0.1149 -0.4072
vn 0.6778 -0.4615 -0.5723
vn 0.5267 -0.3511 -0.7741
vn 0.7382 -0.4039 -0.5403
vn 0.6755 0.0495 -0.7357
vn 0.6675 -0.0141 -0.7445
vn 0.3595 -0.1639 -0.9186
vn 0.8456 0.3426 0.4093
vn 0.9724 -0.2075 -0.1067
vn 0.9622 -0.2562 -0.0928
vn 0.6490 0.7581 -0.0633
vn 0.7158 0.4654 -0.5207
vn 0.8310 0.2568 0.4934
vn 0.8900 0.3202 0.3247
vn 0.6795 0.2637 0.6847
vn 0.8915 -0.0219 0.4526
vn 0.9557 0.0390 0.2918
vn 0.9109 -0.0151 0.4123
vn 0.4956 -0.2653 0.8271
vn 0.5197 -0.3345 0.7861
vn -0.9775 0.2001 -0.0673
vn 0.5616 -0.1419 -0.8151
vn 0.1031 0.4998 -0.8600
vn 0.8407 -0.1091 -0.5304
vn 0.9410 0.0253 -0.3374
vn 0.3548 -0.9223 0.1534
vn 0.2227 -0.9360 0.2725
vn -0.3046 0.8252 -0.4758
vn -0.2703 0.3399 -0.9008
vn 0.0403 -0.9701 0.2393
vn -0.3116 0.6704 0.6733
vn 0.7052 0.6953 0.1388
vn 0.6547 -0.2466 0.7146
vn 0.6384 -0.2899 0.7130
vn 0.6670 0.0178 0.7449
vn 0.3537 -0.7118 -0.6068
vn 0.4051 -0.7286 -0.5523
vn 0.5576 0.7669 -0.3177
vn 0.6454 0.7249 -0.2408
vn 0.7037 0.5328 -0.4701
vn 0.6446 0.7563 -0.1119
vn 0.5562 0.7095 0.4327
vn 0.9067 -0.2584 -0.3334
vn 0.9734 -0.0333 -0.2267
vn 0.4270 -0.7633 0.4849
vn 0.3450 -0.7006 0.6246
vn 0.4545 -0.5636 0.6898
vn 0.3767 -0.2560 -0.8903
vn 0.5246 -0.2017 -0.8271
vn 0.3715 -0.2916 -0.8814
vn -0.1762 -0.9104 0.3743
vn -0.1781 -0.9274 0.3288
vn -0.0234 -0.9424 0.3336
vn 0.1350 -0.8598 -0.4925
vn -0.0226 -0.5233 -0.8518
vn -0.0431 -0.9609 -0.2736
vn 0.2656 0.3556 0.8961
vn -0.4514 0.1715 0.8757
vn -0.6720 0.4381 0.5971
vn -0.4922 0.6195 0.6116
vn 0.4228 -0.4127 0.8067
vn 0.5947 -0.5085 0.6226
vn -0.0001 0.0340 -0.9994
vn 0.2772 0.1793 -0.9439
vn 0.2854 0.0657 -0.9561
vn 0.7351 0.4473 0.5094
vn 0.1267 -0.9917 -0.0207
vn 0.2043 0.1274 -0.9706
vn 0.3936 0.0646 -0.9170
vn 0.7287 0.5245 0.4403
vn 0.6882 -0.7015 -0.1853
vn 0.4240 0.1929 -0.8849
vn 0.9203 -0.3498 -0.1754
vn 0.9649 -0.2624 -0.0044
vn 0.1354 -0.9908 -0.0060
vn 0.3272 -0.6336 -0.7011
vn 0.2007 -0.9795 -0.0181
vn 0.4797 -0.7954 0.3705
vn 0.3080 -0.1553 0.9386
vn 0.5010 0.7922 0.3484
vn 0.2306 0.0702 0.9705
vn 0.1188 0.0240 0.9926
vn -0.1854 0.0731 0.9799
vn 0.8705 0.3156 -0.3778
vn -0.0272 -0.1794 0.9834
vn 0.5378 0.5533 -0.6361
vn 0.2053 0.9785 0.0185
vn 0.2575 0.9652 -0.0467
vn 0.6617 -0.2442 0.7089
vn 0.8450 0.0565 0.5317
vn 0.8586 -0.1499 0.4903
vn 0.5065 -0.4101 -0.7585
vn 0.6085 -0.3793 -0.6971
vn 0.5223 -0.4834 -0.7025
vn 0.3931 -0.6477 -0.6527
vn 0.3582 -0.4210 -0.8333
vn 0.2887 -0.3627 -0.8861
vn 0.0797 -0.3953 -0.9151
vn 0.1195 -0.0333 -0.9923
vn 0.2148 -0.1153 -0.9698
vn 0.6812 0.2198 -0.6983
vn 0.7633 0.1033 -0.6377
vn 0.7263 -0.1882 0.6611
vn 0.6091 -0.2787 0.7425
vn 0.6492 -0.0367 0.7597
vn 0.7773 0.4676 -0.4209
vn 0.6639 -0.0114 0.7477
vn 0.5643 -0.2468 0.7878
vn 0.9525 -0.3019 0.0395
vn 0.9390 -0.2913 -0.1830
vn 0.9661 -0.2577 -0.0143
vn 0.5177 -0.0895 0.8509
vn 0.2023 -0.3875 0.8994
vn 0.1866 -0.2476 0.9507
vn -0.4429 0.0424 0.8956
vn 0.0591 -0.0790 0.9951
vn 0.0298 -0.0092 0.9995
vn 0.5366 -0.2699 -0.7995
vn 0.0025 1.0000 -0.0000
vn 0.4814 0.8202 0.3092
vn 0.5042 0.8561 -0.1133
vn 0.1684 0.9850 0.0383
vn 0.1107 0.9915 0.0686
vn 0.6535 0.5032 0.5654
vn 0.3457 0.8217 0.4530
vn 0.5398 0.8046 -0.2475
vn 0.7556 0.2657 -0.5987
vn 0.9923 0.0190 -0.1227
vn 0.9643 0.0839 -0.2510
vn 0.5318 0.1508 0.8333
vn 0.8430 0.0118 0.5377
vn 0.4232 -0.0188 0.9059
vn 0.7150 0.5194 0.4679
vn 0.2996 0.9204 0.2512
vn 0.6487 -0.7040 -0.2892
vn 0.4914 -0.7518 -0.4396
vn 0.2619 -0.1034 0.9595
vn 0.4869 0.5420 -0.6850
vn 0.1206 0.5980 -0.7924
vn 0.6735 -0.1721 0.7189
vn 0.1565 0.4434 0.8825
vn -0.0953 0.4601 0.8827
vn 0.4460 -0.5080 -0.7369
vn 0.2605 0.6597 -0.7050
vn 0.4043 0.7326 -0.5475
vn 0.2157 0.6192 -0.7550
vn 0.8803 0.4359 -0.1874
vn 0.9569 0.2855 -0.0527
vn 0.3296 -0.9438 -0.0222
vn 0.0663 0.5728 -0.8170
vn -0.2503 0.0068 -0.9681
vn 0.0436 0.0338 -0.9985
vn -0.9413 -0.0595 -0.3321
vn -0.9943 -0.0006 -0.1070
vn 0.8234 -0.5515 0.1333
vn 0.1610 0.9841 -0.0744
vn 0.0012 0.9970 -0.0778
vn 0.5215 0.7478 -0.4108
vn 0.3754 0.8278 -0.4168
vn 0.3072 0.6419 -0.7025
vn 0.1944 -0.4244 -0.8844
vn 0.1747 -0.1236 -0.9768
vn 0.3416 -0.3369 -0.8774
vn 0.9240 -0.1965 -0.3281
vn 0.4032 -0.9098 0.0981
vn 0.0004 0.0159 -0.9999
vn 0.4190 0.8773 -0.2338
vn 0.8555 0.4111 -0.3148
vn 0.8292 0.4076 -0.3824
vn 0.6666 -0.6138 -0.4229
vn 0.3139 -0.3544 -0.8809
vn 0.3445 -0.3561 -0.8686
vn -0.0064 0.9928 0.1194
vn -0.0303 0.9950 0.0954
vn 0.8999 -0.1867 -0.3940
vn 0.8784 -0.1244 -0.4615
vn 0.9287 -0.0838 -0.3611
vn 0.7629 0.1985 -0.6153
vn 0.6706 0.4553 -0.5856
vn 0.9682 -0.1897 0.1632
vn 0.9967 0.0563 0.0579
vn 0.9839 -0.0230 0.1771
vn 0.6952 0.2309 0.6807
vn 0.8287 -0.4251 -0.3641
vn 0.7534 -0.2242 -0.6181
vn 0.8821 -0.1832 -0.4340
vn 0.8186 -0.3265 -0.4725
vn 0.5678 -0.8186 -0.0865
vn 0.9159 -0.3807 0.1274
vn 0.9594 -0.2022 0.1964
vn 0.6901 -0.7178 -0.0925
vn 0.6720 -0.7282 -0.1349
vn 0.3605 -0.7808 0.5104
vn 0.2951 -0.9031 0.3120
vn 0.4342 -0.8405 0.3242
vn 0.3199 -0.9175 0.2362
vn 0.3409 -0.9347 0.1005
vn 0.4391 -0.8763 0.1984
vn 0.3363 -0.3583 -0.8709
vn 0.2628 -0.1348 -0.9554
vn 0.3644 -0.1297 -0.9222
vn 0.2664 -0.4003 0.8768
vn 0.3228 -0.6848 0.6533
vn -0.3624 0.1371 0.9219
vn -0.7100 0.1064 0.6962
vn 0.1246 -0.8163 0.5641
vn -0.8462 0.1208 0.5190
vn -0.8828 0.0718 0.4642
vn 0.9467 0.0149 0.3219
vn 0.8902 0.0235 0.4550
vn -0.2081 0.9209 0.3295
vn 0.9945 0.0714 0.0766
vn 0.9389 0.3329 0.0875
vn 0.1806 -0.5805 0.7940
vn 0.2183 -0.6268 0.7480
vn 0.2257 0.6596 -0.7170
vn -0.0525 0.3789 -0.9239
vn 0.3979 0.3581 -0.8447
vn 0.7270 -0.2758 0.6288
vn 0.7843 -0.1327 0.6060
vn 0.5931 -0.1677 0.7875
vn -0.0177 0.9833 -0.1814
vn -0.1464 0.9826 -0.1140
vn 0.1986 -0.9726 0.1212
vn 0.9474 0.3165 0.0469
vn 0.9248 0.3419 -0.1671
vn 0.1599 0.9716 0.1743
vn 0.2404 0.9563 0.1664
vn 0.2692 0.9436 0.1927
vn 0.9161 -0.2582 -0.3066
vn 0.9605 -0.2330 -0.1519
vn 0.7911 0.1794 0.5848
vn 0.9239 0.2094 0.3204
vn 0.9266 0.1288 0.3532
vn -0.1611 0.9452 0.2840
vn -0.1336 0.9735 0.1854
vn 0.7273 0.6397 0.2486
vn 0.8416 0.5309 0.0995
vn 0.7691 0.5778 0.2732
vn 0.1432 0.0536 -0.9882
vn 0.0100 -0.5270 -0.8498
vn -0.1485 -0.3943 -0.9069
vn -0.6349 0.6390 0.4343
vn -0.2422 0.7742 0.5848
vn -0.2287 0.8351 0.5003
vn -0.1312 -0.4844 0.8649
vn 0.3060 0.9330 -0.1891
vn -0.1644 0.8145 -0.5564
vn 0.3723 0.9131 -0.1662
vn 0.9952 -0.0834 -0.0519
vn 0.9957 0.0779 -0.0502
vn 0.4289 -0.7734 -0.4669
vn -0.0895 -0.9958 0.0173
vn -0.1255 -0.9909 0.0486
vn -0.0230 -0.9891 0.1457
vn 0.7192 0.4621 0.5189
vn 0.9346 0.0202 0.3551
vn 0.4576 0.6836 0.5686
vn 0.4766 0.6491 0.5929
vn 0.2064 0.9442 -0.2566
vn 0.2949 0.8676 -0.4004
vn 0.2164 0.8992 0.3803
vn 0.3333 0.7856 0.5213
vn -0.0093 0.9903 0.1388
vn -0.0488 0.9401 0.3373
vn -0.1183 0.9866 0.1120
vn 0.2651 0.7802 -0.5665
vn 0.3303 0.8651 -0.3776
vn 0.3962 0.8346 -0.3827
vn 0.9449 -0.3092 0.1079
vn 0.9497 -0.2224 0.2206
vn 0.8591 0.3051 0.4109
vn 0.9856 0.1653 0.0344
vn 0.9255 0.0454 -0.3759
vn 0.5064 -0.3768 0.7756
vn 0.2686 -0.4244 0.8647
vn 0.2942 -0.5660 0.7701
vn 0.0814 -0.5868 -0.8057
vn 0.6412 0.1065 0.7599
vn -0.8608 -0.0784 -0.5029
vn 0.9965 -0.0663 -0.0505
vn 0.9958 0.0805 0.0425
vn 0.3137 0.1692 0.9343
vn 0.6179 0.2379 0.7494
vn 0.8866 0.4270 -0.1779
vn 0.1013 0.9912 0.0851
vn 0.7399 -0.1190 0.6621
vn 0.7216 -0.3114 0.6184
vn 0.4102 0.0258 -0.9116
vn 0.5109 0.0987 -0.8540
vn 0.6091 -0.1537 -0.7780
vn 0.5652 0.3589 -0.7428
vn 0.1737 -0.3777 -0.9095
vn 0.2411 -0.4228 -0.8736
vn 0.9052 -0.2887 0.3118
vn 0.3051 -0.5430 -0.7823
vn 0.3561 0.2424 0.9024
vn 0.6198 0.4303 0.6563
vn 0.2970 0.5108 0.8068
vn 0.3725 0.6215 -0.6892
vn 0.4897 0.4680 -0.7356
vn 0.2222 0.2763 -0.9350
vn 0.1553 -0.2342 -0.9597
vn 0.4994 -0.3030 0.8117
vn 0.2812 -0.7976 0.5337
vn 0.2008 -0.8371 0.5089
vn 0.5563 0.8189 0.1412
vn 0.6309 0.7622 0.1450
vn -0.4599 -0.3269 -0.8256
vn -0.2922 -0.6422 -0.7087
vn 0.4214 -0.5065 -0.7523
vn 0.6327 -0.4396 -0.6376
vn 0.4018 -0.6213 -0.6727
vn 0.8557 -0.4341 -0.2815
vn 0.3818 -0.3105 -0.8705
vn 0.0049 -0.4018 -0.9157
vn 0.0113 0.9991 0.0409
vn 0.0142 0.9965 0.0830
vn 0.6003 -0.6849 0.4129
vn 0.7018 -0.6703 0.2413
vn 0.6876 -0.6236 0.3719
vn 0.5760 -0.1266 -0.8076
vn 0.7420 -0.6692 -0.0404
vn 0.5489 0.3526 -0.7579
vn 0.4659 0.5241 -0.7129
vn 0.6226 0.2133 -0.7529
vn 0.3718 -0.1944 -0.9077
vn 0.2599 -0.1327 -0.9565
vn 0.4105 -0.1443 -0.9003
vn -0.3524 0.0749 0.9329
vn 0.1259 0.5249 0.8418
vn 0.6106 -0.7850 -0.1042
vn 0.8409 -0.5288 -0.1154
vn 0.8086 -0.5869 0.0425
vn 0.4867 0.6410 0.5935
vn 0.6647 0.1504 0.7318
vn 0.8356 0.2994 0.4606
vn 0.8181 -0.1796 0.5463
vn 0.1750 -0.4073 -0.8963
vn 0.1491 -0.3391 -0.9289
vn 0.2847 -0.3453 -0.8943
vn -0.2211 0.6847 -0.6945
vn -0.0062 0.7459 -0.6660
vn 0.1882 0.4864 -0.8532
vn 0.0885 -0.1462 -0.9853
vn 0.0377 -0.1885 -0.9814
vn 0.9830 0.0259 0.1820
vn 0.7539 -0.6565 0.0245
vn 0.0044 -0.3552 -0.9348
vn 0.1687 -0.9824 -0.0803
vn 0.8910 0.4522 -0.0408
vn 0.9149 0.1427 0.3775
vn -0.1241 0.7555 -0.6432
vn 0.0485 0.7852 -0.6173
vn 0.0423 0.5873 -0.8083
vn -0.0311 -0.9399 0.3401
vn 0.2509 -0.8711 0.4222
vn 0.7216 -0.3884 -0.5731
vn 0.5496 -0.4808 -0.6832
vn 0.8875 0.3564 0.2920
vn 0.4361 -0.7188 -0.5414
vn 0.3312 -0.9295 0.1621
vn 0.3594 -0.9294 0.0843
vn 0.5470 -0.8117 0.2047
vn 0.2580 -0.9593 0.1147
vn 0.0438 -0.9535 0.2982
vn 0.4710 0.8648 0.1740
vn 0.6148 0.7578 0.2185
vn 0.5857 0.8104 -0.0124
vn 0.8223 -0.4639 -0.3295
vn 0.9134 -0.3670 -0.1760
vn 0.9411 0.1771 -0.2881
vn 0.8459 0.0984 -0.5242
vn 0.4022 0.1401 -0.9048
vn 0.3812 0.0276 -0.9241
vn 0.5000 0.3109 -0.8083
vn 0.3928 0.3483 -0.8511
vn 0.0893 -0.8994 0.4280
vn 0.3651 -0.8288 0.4239
vn 0.4169 -0.8044 0.4233
vn 0.2626 -0.3188 -0.9107
vn 0.2636 -0.3000 -0.9168
vn -0.7264 0.6414 -0.2469
vn -0.9276 -0.0744 -0.3661
vn 0.8783 0.1316 -0.4596
vn 0.8532 0.0135 0.5215
vn 0.2374 0.0296 -0.9709
vn 0.0367 -0.0707 -0.9968
vn 0.0320 0.0161 -0.9994
vn -0.3989 0.6508 -0.6460
vn -0.3622 0.6694 -0.6486
vn -0.3529 0.4199 -0.8361
vn 0.3520 0.6412 0.6819
vn 0.4782 0.8696 0.1229
vn 0.9811 0.0847 0.1738
vn -0.0203 0.9537 0.3000
vn 0.1279 0.9069 0.4014
vn 0.0841 0.9951 0.0526
vn 0.6998 0.2980 -0.6492
vn 0.9290 -0.0893 -0.3590
vn 0.7178 0.0088 -0.6962
vn -0.6623 0.0833 0.7446
vn 0.5945 0.6392 -0.4879
vn 0.7578 0.4753 -0.4470
vn 0.7619 0.4115 0.5003
vn 0.8740 0.4221 0.2409
vn 0.5120 0.8589 -0.0122
vn 0.2731 -0.7893 -0.5500
vn 0.6646 0.3705 -0.6489
vn 0.4354 -0.8748 -0.2124
vn 0.5422 -0.8392 -0.0426
vn 0.7352 0.4121 -0.5381
vn 0.5573 0.3476 -0.7541
vn 0.3081 0.8502 -0.4269
vn 0.4529 0.8303 -0.3247
vn 0.1575 -0.6098 0.7767
vn 0.2379 -0.5278 0.8154
vn 0.2126 -0.4783 0.8521
vn 0.4204 0.5827 -0.6955
vn 0.2451 -0.3284 -0.9122
vn 0.0966 -0.8863 0.4529
vn 0.6436 -0.2262 -0.7312
vn 0.3198 -0.8932 -0.3160
vn 0.1324 -0.9305 -0.3416
vn 0.9940 0.0329 0.1039
vn 0.9894 0.1419 -0.0313
vn -0.0734 0.9958 0.0547
vn 0.6052 0.1298 0.7854
vn -0.5104 0.1919 0.8383
vn 0.4995 -0.6522 0.5702
vn 0.9893 0.0574 0.1339
vn 0.7253 0.6240 -0.2908
vn 0.2434 -0.8612 -0.4461
vn 0.0200 0.1439 0.9894
vn -0.8098 -0.1197 -0.5743
vn -0.6468 -0.1544 -0.7469
vn 0.3700 0.6155 -0.6959
vn 0.5891 0.1035 0.8014
vn 0.6035 -0.0294 0.7968
vn 0.5782 0.7860 -0.2187
vn 0.6365 0.7630 -0.1127
vn 0.5522 -0.4407 -0.7078
vn 0.6421 -0.4442 -0.6249
vn 0.6064 -0.4577 -0.6502
vn 0.7169 0.6385 -0.2801
vn -0.0684 -0.1841 -0.9805
vn -0.0159 -0.0655 -0.9977
vn -0.0354 -0.2174 -0.9755
vn -0.8470 0.3823 -0.3694
vn -0.5159 0.8371 -0.1816
vn -0.5059 0.7682 -0.3923
vn 0.6813 -0.6431 0.3495
vn 0.7820 -0.5716 0.2483
vn 0.8187 -0.5371 0.2030
vn 0.0389 0.9868 0.1569
vn 0.0676 0.9885 0.1351
vn 0.5707 -0.5639 0.5970
vn 0.4646 -0.6463 0.6053
vn 0.3821 0.5434 -0.7475
vn 0.5083 0.5902 -0.6271
vn 0.3470 0.9377 -0.0176
vn 0.9802 0.1823 -0.0774
vn 0.2051 -0.4769 -0.8547
vn 0.4267 -0.4554 -0.7814
vn 0.2633 -0.5382 -0.8006
vn 0.5616 0.5029 -0.6570
vn 0.3461 0.5442 -0.7643
vn -0.6823 0.6524 0.3301
vn -0.5855 0.7630 0.2738
vn -0.6446 0.7512 -0.1421
vn 0.3538 0.3609 0.8629
vn 0.1820 0.9735 0.1388
vn 0.3466 0.9241 0.1607
vn -0.9490 0.0899 0.3022
vn -0.9267 0.2224 0.3030
vn -0.0987 0.9660 -0.2390
vn -0.1378 -0.1129 0.9840
vn -0.1683 0.1068 0.9799
vn -0.0564 -0.1719 -0.9835
vn 0.0572 -0.1668 -0.9843
vn -0.0253 -0.6275 -0.7782
vn 0.4114 -0.8810 0.2335
vn 0.3467 -0.8170 -0.4608
vn 0.1893 -0.9281 -0.3207
vn -0.2757 0.8289 -0.4867
vn -0.2549 0.6679 -0.6992
vn 0.0929 0.9716 0.2178
vn -0.0643 0.7540 -0.6537
vn -0.0291 -0.5761 -0.8169
vn 0.2922 0.9140 -0.2816
vn -0.4671 0.7321 -0.4958
vn -0.3291 0.6321 -0.7015
vn 0.6091 -0.7925 -0.0304
vn 0.5349 -0.8349 0.1300
vn -0.3364 0.7939 -0.5066
vn 0.9878 0.1397 -0.0689
vn 0.7514 -0.3951 -0.5285
vn 0.5181 -0.2860 -0.8061
vn 0.4592 -0.0540 0.8867
vn 0.4725 0.1504 0.8684
vn 0.5087 -0.6087 0.6088
vn 0.6165 -0.6808 0.3955
vn 0.6322 -0.5548 0.5408
vn 0.0309 0.5918 0.8055
vn 0.4624 -0.7832 0.4156
vn 0.5792 -0.5092 0.6366
vn 0.5306 -0.8120 0.2431
vn 0.9572 0.2109 -0.1983
vn 0.6522 -0.6352 -0.4137
vn 0.6037 -0.7233 -0.3352
vn 0.9639 0.0894 0.2507
vn 0.9670 0.2504 -0.0462
vn -0.6381 0.7428 -0.2027
vn -0.0423 0.9991 -0.0011
vn -0.0449 0.9522 -0.3021
vn -0.0767 0.9905 -0.1143
vn 0.0709 0.9515 -0.2994
vn 0.8496 -0.2933 -0.4383
vn 0.7516 0.6527 -0.0951
vn 0.7951 0.4090 0.4478
vn 0.1016 -0.3899 0.9153
vn 0.3203 -0.3547 0.8784
vn 0.2700 -0.2741 0.9230
vn 0.9624 0.2506 -0.1047
vn 0.9813 0.1920 -0.0142
vn 0.5107 0.3923 -0.7650
vn 0.5087 0.1060 -0.8544
vn 0.5604 -0.8271 -0.0429
vn 0.5627 -0.8266 -0.0096
vn 0.9891 0.0769 -0.1259
vn 0.2463 0.9556 -0.1614
vn 0.1628 0.9802 -0.1130
vn 0.5105 -0.8356 -0.2027
vn 0.5229 -0.8514 -0.0416
vn -0.0391 0.9388 -0.3423
vn 0.1081 0.9795 -0.1698
vn 0.8473 0.1028 0.5211
vn 0.8251 -0.1345 0.5488
vn 0.9860 -0.1248 0.1106
vn 0.1814 0.0821 -0.9800
vn 0.2787 0.0059 -0.9604
vn 0.4446 -0.7086 0.5479
vn 0.3493 0.1398 0.9265
vn 0.3544 0.1669 0.9201
vn 0.1307 -0.5954 -0.7927
vn 0.2399 -0.6777 -0.6951
vn 0.2888 -0.0612 0.9554
vn -0.0137 -0.5654 -0.8247
vn 0.1293 -0.8167 -0.5624
vn -0.1737 -0.9508 0.2565
vn 0.0096 -0.9588 0.2839
vn 0.4130 -0.6327 0.6551
vn 0.5053 -0.5721 0.6460
vn 0.4616 -0.6382 0.6161
vn 0.6491 -0.7239 0.2337
vn -0.6526 0.3847 0.6527
vn 0.3372 0.6586 0.6728
vn 0.5155 0.2607 0.8163
vn 0.6619 0.3151 0.6801
vn 0.6614 -0.0264 0.7496
vn 0.1119 -0.9889 0.0977
vn 0.6727 0.6948 0.2545
vn 0.3676 -0.5558 0.7456
vn 0.1510 -0.4529 -0.8787
vn 0.2677 0.2540 -0.9294
vn -0.0746 -0.9306 0.3584
vn 0.0009 -0.9322 0.3619
vn 0.6893 0.6301 0.3576
vn 0.4632 0.0522 0.8847
vn 0.3881 -0.1398 0.9110
vn 0.0748 0.9095 0.4089
vn 0.0128 -0.5969 -0.8022
vn 0.2987 -0.7319 -0.6125
vn 0.6193 0.3621 0.6967
vn 0.0633 0.9686 0.2404
vn 0.7771 0.6208 -0.1037
vn 0.7619 -0.6428 -0.0790
vn 0.7744 -0.6016 -0.1959
vn 0.8352 -0.5462 -0.0638
vn 0.9705 0.2291 -0.0751
vn 0.7098 -0.0093 0.7044
vn 0.3925 -0.5996 0.6975
vn 0.3864 -0.8537 0.3491
vn 0.4995 0.7117 -0.4940
vn 0.5403 0.6174 -0.5718
vn 0.4414 0.7346 -0.5153
vn 0.3712 -0.7621 0.5305
vn 0.2738 -0.7705 0.5757
vn 0.4699 -0.8753 0.1144
vn 0.5903 -0.8071 0.0108
vn 0.5873 -0.7984 -0.1328
vn 0.5927 -0.8046 -0.0357
vn -0.2723 0.6034 -0.7495
vn -0.2952 0.7134 -0.6356
vn -0.3121 0.7118 -0.6293
vn 0.9798 -0.1949 -0.0443
vn 0.1517 0.0268 0.9881
vn 0.1283 -0.1570 0.9792
vn 0.7987 -0.2667 0.5394
vn 0.5977 -0.4045 0.6922
vn 0.4237 -0.4446 0.7892
vn 0.0420 -0.4093 -0.9114
vn 0.5487 0.8314 -0.0879
vn 0.4511 0.8093 -0.3762
vn 0.5078 -0.1502 -0.8483
vn 0.5001 0.1100 -0.8589
vn 0.5794 -0.0730 -0.8117
vn 0.7809 -0.6178 0.0918
vn 0.6484 -0.7602 0.0405
vn 0.7192 -0.6639 0.2050
vn 0.5551 -0.3492 0.7549
vn -0.1332 -0.9789 0.1552
vn 0.3793 -0.0415 -0.9244
vn 0.7506 -0.1787 -0.6361
vn 0.6841 0.0075 -0.7294
vn 0.1996 -0.8147 0.5444
vn 0.3036 -0.7633 0.5703
vn 0.4926 -0.8544 0.1657
vn 0.5671 -0.8211 0.0644
vn -0.0354 0.9416 0.3349
vn 0.0794 0.8694 0.4877
vn 0.6781 -0.6551 -0.3333
vn 0.7286 -0.5079 -0.4595
vn 0.9188 -0.3911 -0.0532
vn 0.9998 -0.0171 -0.0116
vn 0.4514 0.7351 0.5058
vn 0.7963 -0.1879 -0.5750
vn 0.6166 -0.0892 -0.7822
vn -0.2563 0.5772 0.7753
vn 0.2850 0.6385 0.7149
vn 0.4501 0.1009 -0.8873
vn 0.8473 0.4991 -0.1815
vn 0.2672 0.9587 0.0970
vn 0.1861 0.6275 0.7561
vn 0.3670 0.6167 0.6964
vn 0.7573 -0.4257 -0.4953
vn 0.8683 -0.2973 -0.3970
vn 0.8532 -0.3449 -0.3913
vn 0.9931 -0.0955 0.0674
vn 0.9935 -0.0699 0.0899
vn 0.2616 -0.8523 0.4529
vn 0.5167 -0.6994 0.4938
vn 0.2768 -0.7828 0.5573
vn 0.4146 0.8001 0.4335
vn 0.4813 0.7215 0.4978
vn -0.1023 0.9642 0.2445
vn -0.1263 0.9751 0.1825
vn -0.6107 0.0539 0.7901
vn -0.6298 0.2209 0.7447
vn -0.1200 0.2853 -0.9509
vn 0.3283 -0.3569 -0.8746
vn 0.1920 -0.2122 -0.9582
vn 0.6561 0.2130 0.7240
vn 0.8930 -0.3577 0.2733
vn 0.8559 -0.2549 0.4499
vn 0.5070 -0.7873 -0.3510
vn 0.9503 0.1643 0.2646
vn -0.0375 -0.5483 -0.8355
vn 0.5695 -0.8113 -0.1323
vn 0.5799 -0.7843 -0.2204
vn 0.5698 -0.8088 -0.1456
vn -0.4638 0.8854 -0.0302
vn -0.2665 0.9625 -0.0516
vn -0.0125 0.7321 0.6811
vn 0.5047 -0.5091 0.6972
vn -0.0344 0.9899 0.1376
vn -0.7264 0.6414 -0.2470
vn 0.2548 -0.4718 -0.8441
vn 0.3134 -0.4820 -0.8182
vn -0.1200 0.2854 -0.9509
vn 0.2287 -0.4834 0.8450
vn 0.3782 -0.4677 0.7989
vn -0.2306 0.5902 0.7736
vn -0.0213 0.7347 0.6780
vn 0.2544 -0.6679 -0.6994
vn 0.3696 -0.9261 -0.0764
vn 0.1757 -0.0774 -0.9814
vn 0.0628 0.0862 -0.9943
vn 0.3412 -0.1028 -0.9343
vn 0.6033 0.3682 -0.7074
vn 0.5496 0.1400 -0.8236
vn 0.5820 0.0947 -0.8077
vn 0.5906 0.1686 -0.7891
vn 0.0787 -0.9882 -0.1318
vn -0.0888 -0.9903 -0.1072
vn 0.0361 -0.9529 -0.3012
vn -0.0024 0.7936 0.6085
vn -0.0658 -0.9512 0.3014
vn 0.3035 0.8097 -0.5023
vn 0.0365 0.9770 0.2100
vn 0.9208 0.2508 -0.2985
vn 0.4344 -0.7492 0.4999
vn 0.0368 0.7939 0.6070
vn 0.0709 0.9761 -0.2055
vn 0.0584 0.8649 0.4985
vn 0.5788 -0.8150 -0.0259
vn 0.8260 -0.4063 0.3906
vn 0.9068 -0.2842 0.3113
vn 0.6007 -0.6432 -0.4748
vn -0.1399 0.7606 0.6340
vn 0.5279 0.5614 0.6374
vn -0.0621 -0.9883 -0.1395
vn -0.1793 -0.8740 -0.4516
vn 0.6974 -0.7069 -0.1180
vn 0.6986 -0.6641 -0.2662
vn 0.4189 0.2942 0.8591
vn 0.6014 0.7973 0.0508
vn 0.8775 0.4142 -0.2416
vn -0.2104 0.2981 0.9310
vn -0.1165 0.0168 0.9930
vn -0.1088 0.0344 0.9935
vn 0.6714 0.0471 -0.7396
vn 0.7483 0.0705 -0.6596
vn 0.5027 -0.5859 0.6357
vn 0.5148 -0.7476 0.4196
vn 0.9757 0.1010 0.1947
vn -0.1943 0.8717 0.4498
vn -0.8603 0.3541 0.3667
vn -0.7712 0.3764 0.5135
vn -0.2031 0.8295 0.5203
vn 0.4876 -0.6780 0.5501
vn -0.8905 0.4519 -0.0532
vn 0.0431 -0.3198 0.9465
vn 0.2282 0.4420 0.8675
vn -0.5072 -0.1395 -0.8505
vn 0.0376 -0.1884 -0.9814
vn -0.2900 0.0320 -0.9565
vn 0.8021 0.0426 -0.5957
vn 0.2880 0.8005 0.5256
vn 0.6932 -0.0447 0.7194
vn 0.3268 0.9270 -0.1842
vn 0.7994 0.5339 -0.2756
vn 0.7792 0.4312 -0.4548
vn 0.7845 0.4143 -0.4615
vn 0.0171 0.9150 -0.4031
vn 0.0230 0.9511 -0.3081
vn 0.3214 0.8894 -0.3251
vn 0.2090 0.9621 -0.1749
vn 0.9273 0.1364 -0.3486
vn 0.8808 -0.4597 0.1132
vn 0.8284 0.1057 0.5500
vn 0.7691 0.0780 -0.6343
vn 0.1543 0.1928 -0.9690
vn 0.1564 0.0011 -0.9877
vn 0.1815 0.0822 -0.9800
vn -0.1494 0.8529 -0.5002
vn 0.7899 0.3181 -0.5243
vn 0.8784 0.3160 -0.3586
vn 0.1496 -0.0648 -0.9866
vn 0.3260 0.0235 -0.9451
vn 0.1617 -0.7487 0.6429
vn 0.0242 -0.2557 -0.9665
vn -0.0217 -0.2759 -0.9609
vn 0.0907 0.6305 -0.7708
vn 0.9548 -0.2718 0.1207
vn 0.5663 0.8152 0.1215
vn 0.7666 0.1721 -0.6187
vn 0.8742 -0.2540 -0.4138
vn 0.3561 -0.4442 0.8221
vn 0.3838 -0.5307 0.7557
vn 0.2396 -0.5112 0.8254
vn 0.3826 -0.5059 0.7731
vn 0.9984 0.0149 -0.0547
vn 0.6669 0.7449 0.0174
vn 0.1475 0.9243 -0.3521
vn 0.1370 -0.0527 -0.9892
vn 0.4441 -0.4932 0.7480
vn 0.2215 -0.9747 -0.0303
vn -0.0523 0.9962 -0.0691
vn 0.4448 0.6530 0.6130
vn 0.4959 0.6030 0.6249
vn 0.5539 -0.8038 0.2169
vn 0.6268 -0.7752 0.0792
vn 0.7401 -0.6408 0.2040
vn 0.4901 -0.5735 0.6564
vn 0.3457 -0.3021 0.8884
vn 0.6309 0.7717 -0.0799
vn 0.7804 0.5246 0.3403
vn 0.9720 0.0515 -0.2295
vn 0.5665 -0.6232 0.5391
vn 0.9268 0.3299 0.1792
vn 0.5390 0.1138 0.8346
vn 0.6098 0.2713 -0.7447
vn 0.5520 -0.1230 -0.8247
vn 0.6825 -0.0445 -0.7295
vn 0.6547 -0.1200 -0.7463
vn 0.8089 -0.0859 -0.5816
vn 0.1325 -0.9305 -0.3416
vn -0.1031 -0.9457 -0.3082
vn 0.3509 -0.8647 0.3593
vn 0.4809 -0.3213 -0.8158
vn 0.4136 0.8550 -0.3129
vn 0.3883 0.7504 -0.5349
vn 0.3466 0.9147 -0.2079
vn 0.4207 0.8856 -0.1969
vn 0.4829 0.8349 -0.2642
vn 0.4703 -0.1632 -0.8673
vn 0.6160 0.7873 0.0243
vn -0.4614 0.4132 0.7851
vn 0.3734 0.8455 0.3818
vn 0.6844 0.7260 0.0680
vn 0.7339 0.6032 -0.3123
vn -0.4228 0.6757 -0.6040
vn -0.3036 0.5938 -0.7452
vn 0.3038 0.8066 0.5071
vn 0.5226 0.2688 -0.8091
vn 0.3436 0.4583 -0.8197
vn 0.5598 0.4132 -0.7183
vn 0.8709 -0.4069 0.2757
vn 0.3023 0.3394 0.8907
vn 0.1801 0.3560 0.9170
vn 0.5433 -0.8372 0.0619
vn 0.3049 -0.2197 -0.9267
vn 0.3846 -0.0427 -0.9221
vn 0.4533 -0.7809 0.4298
vn 0.5558 -0.7307 0.3963
vn 0.4505 0.8800 0.1507
vn 0.6961 -0.5780 -0.4258
vn 0.7394 -0.5911 -0.3224
vn -0.1171 -0.8699 -0.4791
vn 0.5714 -0.3698 0.7327
vn 0.4198 -0.6960 0.5825
vn 0.4005 -0.6591 0.6366
vn 0.8122 -0.5601 -0.1628
vn 0.5290 -0.8479 -0.0348
vn 0.3332 -0.9153 0.2264
vn 0.0268 0.8986 -0.4380
vn 0.4314 -0.9001 0.0615
vn 0.6776 0.6473 -0.3490
vn 0.5656 0.7447 0.3543
vn 0.0911 0.4394 -0.8936
vn 0.4334 0.8957 -0.0994
vn 0.5934 0.7606 -0.2635
vn -0.4880 -0.3846 -0.7836
vn 0.1745 0.3611 -0.9160
vn 0.0560 -0.9963 0.0652
vn 0.4852 0.8716 0.0694
vn 0.9109 0.3799 0.1611
vn -0.9236 0.0093 0.3831
vn 0.6465 0.7027 -0.2971
vn 0.8403 0.5062 -0.1943
vn 0.1088 0.9446 -0.3098
vn -0.4261 0.6064 0.6713
vn -0.3882 0.7549 0.5286
vn 0.6995 0.5424 -0.4654
vn 0.8445 0.4882 0.2201
vn 0.1466 -0.9727 -0.1799
vn 0.2737 -0.2993 0.9141
vn 0.3950 -0.3752 0.8386
vn -0.2726 0.7711 -0.5754
vn 0.0355 0.5691 -0.8215
vn 0.2201 -0.2364 0.9464
vn 0.4946 0.6835 -0.5369
vn 0.3397 0.8880 -0.3100
vn 0.6691 0.7208 -0.1810
vn -0.8339 0.0300 0.5512
vn -0.6070 -0.0144 0.7946
vn -0.8119 0.0665 0.5800
vn 0.5518 0.4478 0.7035
vn 0.4290 -0.0303 0.9028
vn 0.8512 0.3498 -0.3912
vn 0.7531 0.2026 -0.6259
vn -0.1264 0.9062 0.4035
vn 0.1925 0.9297 0.3140
vn 0.8922 -0.3950 0.2191
vn 0.6870 0.0696 0.7233
vn 0.4048 0.8480 -0.3421
vn 0.4900 -0.5057 -0.7100
vn 0.1941 0.9686 0.1554
vn 0.0277 0.9885 0.1489
vn 0.1841 0.5122 0.8389
vn 0.9715 -0.0294 -0.2351
vn 0.1471 -0.1497 0.9777
vn 0.1028 -0.3988 0.9113
vn 0.1636 -0.2218 0.9613
vn 0.4341 0.7873 0.4378
vn 0.3693 0.8282 0.4216
vn -0.2016 0.3813 0.9022
vn -0.1289 0.2795 0.9514
vn 0.7439 0.5083 0.4340
vn 0.3319 0.5478 0.7679
vn 0.3459 0.4668 0.8139
vn 0.5285 0.4375 0.7275
vn 0.4993 -0.7204 0.4815
vn 0.6322 -0.6213 -0.4629
vn 0.5419 -0.7776 -0.3189
vn 0.4975 -0.6017 -0.6249
vn 0.5028 -0.5429 -0.6727
vn 0.1346 0.2476 -0.9595
vn 0.7771 0.4572 0.4325
vn 0.1940 -0.8796 0.4344
vn 0.2445 -0.4287 0.8697
vn -0.1526 -0.3817 0.9116
vn -0.0048 1.0000 -0.0008
vn 0.2476 0.8803 0.4046
vn 0.1922 0.7956 -0.5746
vn 0.1306 0.9883 -0.0784
vn 0.9205 0.3555 0.1622
vn 0.5997 0.7256 -0.3374
vn 0.2509 -0.4058 -0.8789
vn 0.7650 -0.1700 0.6212
vn 0.4878 -0.7054 -0.5142
vn 0.4261 0.1285 -0.8955
vn 0.5517 -0.4726 -0.6873
vn 0.3137 -0.3899 -0.8658
vn 0.2226 -0.3239 -0.9195
vn 0.3595 -0.1118 -0.9264
vn 0.5491 -0.0969 -0.8301
vn 0.9629 -0.1552 0.2207
vn 0.9850 0.0095 0.1724
vn 0.0137 0.2944 -0.9556
vn 0.4500 -0.7045 0.5488
vn -0.2114 0.3796 0.9007
vn 0.1374 0.2519 -0.9580
vn 0.3921 -0.8420 0.3705
vn 0.8845 -0.4620 0.0649
vn 0.2510 0.3226 -0.9127
vn -0.0000 0.8760 -0.4822
vn 0.6006 0.6392 0.4803
vn 0.8915 -0.2998 0.3398
vn 0.8859 0.3893 -0.2525
vn 0.2349 -0.8086 -0.5395
vn 0.6575 -0.7534 -0.0049
vn 0.3935 -0.5679 -0.7229
vn -0.0865 -0.5281 -0.8448
vn -0.1161 -0.5970 -0.7938
vn 0.4903 0.1111 0.8644
vn 0.9721 0.2280 -0.0545
vn 0.9768 0.0861 -0.1959
vn 0.1645 -0.2399 -0.9568
vn -0.4985 0.7233 -0.4778
vn 0.7652 0.2778 0.5808
vn 0.7992 0.0962 0.5933
vn 0.9287 0.1163 0.3521
vn 0.5365 0.6988 -0.4732
vn 0.2648 0.4382 -0.8590
vn -0.0467 0.3470 -0.9367
vn 0.1049 0.9648 -0.2410
vn 0.1450 0.9628 -0.2281
vn 0.4020 -0.8971 -0.1832
vn 0.2427 -0.8667 -0.4359
vn 0.4617 -0.7935 -0.3964
vn -0.1586 0.8943 -0.4185
vn -0.0940 -0.5869 0.8042
vn -0.4105 0.8203 0.3983
vn 0.2162 0.8256 -0.5212
vn 0.1868 0.8550 -0.4838
vn 0.7453 -0.5564 -0.3674
vn 0.7996 -0.5082 -0.3198
vn -0.0265 0.8806 0.4732
vn 0.5244 0.8511 -0.0264
vn -0.1405 -0.9711 0.1927
vn 0.0484 -0.7983 0.6003
vn 0.0286 -0.8766 -0.4803
vn 0.2331 -0.7791 -0.5819
vn 0.6520 0.4407 -0.6170
vn -0.1996 0.5682 0.7983
vn 0.5931 -0.7818 0.1924
vn 0.9237 0.3781 0.0609
vn -0.0797 -0.3285 0.9411
vn 0.2166 -0.9660 0.1410
vn 0.1916 0.9465 -0.2598
vn 0.2727 0.9353 -0.2253
vn 0.2638 0.8600 -0.4367
vn 0.6349 -0.7391 -0.2252
vn 0.8462 -0.0812 -0.5266
vn 0.9399 -0.0096 -0.3412
vn 0.3339 -0.1596 -0.9290
vn 0.6882 -0.7204 0.0855
vn 0.5941 -0.7998 0.0857
vn 0.7154 -0.6784 0.1675
vn 0.5249 -0.8011 0.2877
vn 0.9871 0.1577 0.0289
vn 0.1897 0.8463 0.4977
vn -0.0000 -0.9714 0.2374
vn 0.9685 -0.0623 0.2412
vn 0.9992 0.0103 -0.0380
vn 0.4188 0.0586 -0.9062
vn 0.9446 0.1699 -0.2807
vn 0.9925 -0.0110 0.1213
vn 0.5603 -0.1718 -0.8103
vn 0.1489 0.9786 -0.1418
vn 0.0375 0.9017 -0.4307
vn 0.6618 0.0477 0.7482
vn 0.0663 0.5727 -0.8171
vn 0.5701 0.4780 0.6682
vn 0.6113 0.3046 0.7304
vn 0.4157 0.3570 -0.8365
vn 0.2423 0.9635 0.1142
vn -0.3176 0.7390 0.5941
vn 0.1243 0.9848 -0.1212
vn 0.1102 -0.9358 -0.3348
vn 0.4374 0.0315 0.8987
vn -0.1463 -0.1563 -0.9768
vn 0.2569 -0.0438 -0.9655
vn 0.2155 -0.3181 -0.9233
vn 0.2871 -0.6915 -0.6628
vn 0.5941 -0.7647 0.2496
vn 0.2849 0.8120 -0.5093
vn 0.4705 -0.6958 -0.5426
vn 0.2684 0.7830 -0.5611
vn 0.6084 -0.6567 0.4456
vn 0.9707 0.0940 0.2209
vn 0.9372 0.3019 0.1744
vn 0.4871 0.7823 -0.3882
vn 0.4933 -0.2098 0.8442
vn -0.7447 0.4131 0.5243
vn -0.4947 0.8049 0.3277
vn 0.4559 0.8723 0.1770
vn 0.4077 -0.5069 0.7595
vn -0.2302 -0.7405 -0.6313
vn -0.0641 -0.9694 -0.2368
vn 0.5149 -0.6588 0.5486
vn -0.3038 0.1692 0.9376
vn 0.2906 0.4934 0.8198
vn 0.5334 0.5950 -0.6012
vn 0.6072 0.5942 -0.5274
vn 0.1937 0.9764 -0.0950
vn 0.1050 0.5092 0.8542
vn 0.2000 0.3934 0.8974
vn -0.3541 0.4833 0.8007
vn 0.4848 0.6215 -0.6155
vn 0.2145 0.9439 0.2510
vn 0.4468 0.8077 0.3847
vn 0.5040 0.8570 -0.1077
vn -0.1996 -0.8873 0.4157
vn -0.0877 -0.7856 0.6125
vn 0.4413 0.8155 -0.3744
vn 0.9792 0.0201 0.2018
vn 0.4545 -0.7952 0.4014
vn 0.5124 -0.7580 0.4037
vn -0.1172 0.8287 -0.5473
vn -0.8705 0.4239 0.2503
vn 0.5408 -0.7514 -0.3781
vn 0.5006 -0.8320 -0.2391
vn -0.1296 -0.0420 -0.9907
vn 0.3084 -0.9489 -0.0670
vn -0.1358 -0.9845 -0.1107
vn 0.2746 -0.8441 -0.4606
vn 0.3117 -0.8829 -0.3512
vn 0.6460 -0.2680 -0.7147
vn 0.6818 0.6100 -0.4038
vn 0.6428 0.7540 -0.1351
vn 0.5295 -0.7478 -0.4006
vn 0.3360 -0.8857 -0.3204
vn 0.2272 -0.9737 0.0186
vn 0.3655 -0.0492 -0.9295
vn 0.5595 0.3036 0.7712
vn 0.4050 0.2182 0.8879
vn 0.1666 -0.4583 0.8731
vn 0.1929 -0.3191 0.9279
vn 0.1275 -0.3775 0.9172
vn 0.5701 0.3000 0.7648
vn -0.0478 0.6621 0.7479
vn -0.3094 0.8743 0.3739
vn 0.4006 0.8782 0.2614
vn 0.5396 0.8109 0.2265
vn 0.3356 0.3922 0.8565
vn 0.2844 0.2197 0.9332
vn 0.4834 0.2267 0.8455
vn -0.2094 0.8644 0.4570
vn 0.1952 0.8711 0.4506
vn -0.4293 0.8451 0.3185
vn 0.6858 -0.6514 0.3247
vn 0.3461 -0.9329 0.0997
vn -0.2474 0.7244 -0.6435
vn 0.0203 0.2430 -0.9698
vn -0.3124 0.0114 -0.9499
vn -0.5788 -0.0185 -0.8153
vn 0.6821 -0.2767 -0.6768
vn 0.1813 0.4081 0.8948
vn -0.2607 0.2978 0.9183
vn 0.1360 0.9324 -0.3349
vn -0.0025 0.9986 0.0525
vn 0.3102 0.6839 -0.6603
vn 0.2769 0.8913 -0.3589
vn 0.2435 -0.5221 -0.8174
vn 0.9022 0.1121 0.4165
vn 0.2787 -0.9365 0.2128
vn 0.7245 -0.5611 -0.4003
vn -0.0131 0.9947 0.1020
vn 0.6263 0.1414 0.7667
vn -0.1435 -0.7217 -0.6772
vn 0.1239 0.7065 0.6968
vn 0.8915 -0.2998 0.3397
vn 0.7809 -0.0387 -0.6235
vn 0.6744 -0.5726 0.4661
vn 0.0937 0.9897 -0.1081
vn 0.9979 0.0527 0.0380
vn 0.7494 -0.4944 0.4405
vn -0.1306 -0.3296 -0.9350
vn 0.9682 0.1760 -0.1780
vn 0.9798 -0.1845 -0.0770
vn 0.8881 0.4591 -0.0225
vn 0.2822 0.5506 -0.7857
vn 0.6899 -0.2869 -0.6646
vn 0.5812 0.0868 -0.8091
vn -0.3516 0.4116 0.8408
vn 0.7090 -0.6303 0.3163
vn 0.7102 -0.7034 -0.0281
vn 0.1924 -0.3944 -0.8986
vn 0.6421 -0.7505 0.1564
vn 0.1951 0.2564 -0.9467
vn 0.0225 -0.0323 0.9992
vn 0.9372 0.0478 0.3455
vn 0.8901 -0.1246 -0.4385
vn 0.4119 -0.3307 -0.8491
vn 0.2492 -0.4729 -0.8451
vn 0.5890 -0.2789 -0.7585
vn 0.2701 0.4961 -0.8252
vn 0.4525 -0.7068 -0.5437
vn 0.3605 0.0362 -0.9321
vn 0.6553 -0.2458 -0.7142
vn 0.5919 -0.3426 -0.7296
vn 0.0068 0.9658 -0.2590
vn 0.4927 0.4822 -0.7244
vn 0.6933 -0.6687 0.2688
vn 0.1378 -0.9780 0.1566
vn 0.6452 -0.3141 -0.6964
vn 0.0507 0.1807 0.9822
vn 0.6481 -0.0362 0.7607
vn 0.3016 -0.7786 -0.5504
vn 0.4888 -0.6354 -0.5977
vn 0.0018 -0.3676 0.9300
vn 0.5256 -0.5266 -0.6681
vn -0.1427 0.9870 -0.0746
vn 0.7518 0.5690 -0.3332
vn 0.7603 0.6087 -0.2267
vn 0.8850 -0.4479 -0.1271
vn 0.4074 -0.7952 0.4491
vn 0.3725 -0.8835 0.2839
vn 0.6306 0.0977 -0.7699
vn -0.8009 0.2392 0.5490
vn 0.4930 -0.6652 0.5608
vn 0.3832 -0.6875 0.6169
vn -0.1186 0.6275 0.7696
vn 0.0704 0.4369 0.8967
vn 0.5527 0.4461 0.7039
vn 0.8065 0.3706 0.4607
vn 0.7341 0.2828 -0.6174
vn 0.5909 0.3975 -0.7020
vn 0.5445 0.6013 -0.5847
vn 0.2894 -0.2667 0.9193
vn 0.9056 -0.0897 0.4146
vn 0.0631 -0.9963 0.0591
vn 0.7399 -0.3897 -0.5483
vn 0.3466 0.7676 -0.5392
vn 0.5983 -0.7615 -0.2492
vn 0.6465 -0.7475 -0.1527
vn 0.8310 -0.3677 -0.4174
vn 0.1359 -0.8005 0.5837
vn 0.5101 0.5601 0.6527
vn 0.2157 0.4841 -0.8480
vn 0.4481 0.8777 -0.1700
vn 0.9057 0.3981 -0.1459
vn 0.2242 -0.8392 0.4954
vn 0.4255 -0.7365 0.5259
vn 0.9907 -0.0763 -0.1129
vn 0.9538 -0.1997 -0.2245
vn -0.4976 0.6104 -0.6163
vn -0.0258 0.9410 0.3375
vn -0.0606 0.2692 0.9612
vn 0.6072 0.5942 -0.5275
vn 0.2448 0.7999 -0.5479
vn 0.2151 0.8292 -0.5159
vn 0.3325 0.0919 -0.9386
vn 0.0226 -0.6992 0.7145
vn 0.7584 -0.5403 -0.3645
vn 0.3890 -0.8194 0.4211
vn 0.3284 0.9258 -0.1870
vn -0.3326 -0.1875 -0.9242
vn -0.3249 0.0276 -0.9453
vn 0.9741 -0.2249 -0.0217
vn 0.1209 0.9841 -0.1298
vn 0.4281 0.6671 -0.6097
vn 0.9991 0.0275 0.0310
vn 0.6576 0.1061 0.7458
vn 0.7203 -0.2185 0.6583
vn -0.1339 0.8783 -0.4590
vn 0.0619 0.8431 -0.5342
vn 0.8432 0.4586 -0.2805
vn 0.3908 -0.3237 0.8617
vn 0.5961 -0.7729 -0.2176
vn 0.5575 -0.3932 0.7311
vn 0.5920 0.7885 -0.1665
vn 0.7446 0.6308 -0.2183
vn 0.1257 -0.4322 0.8930
vn 0.0184 -0.7784 -0.6275
vn 0.2455 -0.6393 -0.7287
vn 0.3627 -0.4887 -0.7935
vn 0.0751 0.9511 -0.2996
vn 0.4207 -0.5078 0.7518
vn 0.7448 -0.3516 0.5671
vn -0.0163 -0.2606 0.9653
vn 0.8598 0.3136 0.4030
vn 0.2810 -0.5256 0.8030
vn 0.2979 -0.2463 0.9223
vn 0.2549 -0.3067 0.9171
vn 0.4077 -0.1576 0.8994
vn 0.3805 -0.9209 -0.0851
vn 0.5531 -0.7104 0.4352
vn 0.9986 -0.0525 -0.0058
vn -0.0606 0.2691 0.9612
vn 0.3258 -0.8283 0.4559
vn 0.3594 -0.3247 0.8749
vn 0.5882 -0.6351 0.5006
vn 0.5529 -0.8261 0.1087
vn 0.5410 -0.5313 -0.6519
vn 0.9065 0.4082 0.1081
vn 0.8688 0.4948 -0.0182
vn 0.1929 -0.8230 0.5343
vn 0.3625 -0.8372 0.4095
vn 0.8937 -0.2766 -0.3532
vn 0.8205 -0.3612 -0.4430
vn 0.3357 0.9398 0.0636
vn 0.9771 0.1296 -0.1685
vn 0.0374 -0.8754 -0.4819
vn 0.2280 -0.9285 -0.2930
vn 0.8881 0.0203 -0.4593
vn 0.7509 0.5748 -0.3253
vn 0.9250 -0.3294 0.1893
vn 0.5644 0.0101 -0.8254
vn 0.8924 -0.3603 -0.2717
vn 0.4543 0.7856 -0.4201
vn 0.2723 0.1439 -0.9514
vn 0.7283 0.4083 -0.5503
vn 0.6198 0.5260 0.5824
vn 0.8031 0.4817 0.3508
vn 0.6558 0.6702 0.3475
vn 0.4498 0.0579 0.8912
vn 0.8064 0.5229 -0.2762
vn 0.9388 0.3090 -0.1522
vn 0.5026 -0.3766 -0.7782
vn 0.8795 0.0838 0.4684
vn -0.0651 0.0348 -0.9973
vn 0.6509 -0.7519 -0.1045
vn 0.9240 -0.1964 -0.3281
vn -0.3602 0.4512 0.8165
vn 0.8127 -0.4702 -0.3442
vn 0.0539 0.9836 0.1719
vn 0.9694 -0.1260 0.2106
vn 0.4397 -0.2717 0.8561
vn 0.1135 0.9846 0.1328
vn 0.1837 0.9625 0.1994
vn 0.1603 0.9844 0.0725
vn 0.5672 -0.6562 -0.4976
vn -0.0256 -0.4393 -0.8980
vn 0.8484 -0.5038 0.1623
vn 0.9421 -0.1986 0.2703
vn 0.2337 -0.6857 0.6893
vn 0.8623 -0.4029 0.3067
vn 0.8962 -0.1769 -0.4068
vn -0.1796 -0.8306 -0.5272
vn 0.3493 0.1399 0.9265
vn -0.1560 -0.9762 0.1510
vn 0.2007 0.9634 -0.1779
vn 0.9920 0.1157 -0.0500
vn 0.7120 -0.5608 -0.4226
vn 0.7959 -0.4623 -0.3908
vn -0.5785 0.0671 -0.8129
vn -0.0234 0.9458 -0.3239
vn 0.6255 -0.2401 0.7424
vn 0.9620 -0.2089 -0.1756
vn -0.5032 0.8637 0.0270
vn 0.7832 -0.5745 0.2377
vn 0.6507 0.1937 -0.7342
vn 0.7163 0.0604 -0.6952
vn 0.4019 -0.6212 -0.6727
vn 0.5874 -0.7728 -0.2402
vn 0.3948 -0.1021 -0.9131
vn 0.0238 0.0430 -0.9988
vn 0.2424 -0.4784 -0.8440
vn 0.0264 0.9042 -0.4263
vn 0.5333 0.5950 -0.6013
vn 0.1631 0.9862 -0.0285
vn 0.1428 -0.1596 -0.9768
vn 0.6901 -0.1756 0.7021
vn -0.7685 0.0825 -0.6345
vn -0.9700 -0.0064 0.2432
vn -0.6707 0.7153 0.1961
vn -0.9936 -0.0854 -0.0740
vn -0.5790 0.8151 0.0189
vn 0.4561 -0.8804 0.1300
vn 0.4418 -0.8558 0.2693
vn 0.2479 -0.3109 -0.9176
vn 0.0883 -0.1506 -0.9846
vn 0.9675 0.2331 0.0983
vn -0.2575 0.0451 -0.9652
vn 0.1853 0.0628 0.9807
vn 0.9918 -0.0025 -0.1280
vn 0.1555 -0.1903 -0.9693
vn 0.2695 -0.5481 0.7918
vn -0.0113 -0.9008 -0.4342
vn -0.1916 0.8072 0.5583
vn 0.4377 -0.7607 0.4793
vn 0.9732 0.1084 -0.2030
vn 0.9414 0.2393 -0.2377
vn -0.0358 -0.8484 -0.5281
vn 0.3338 -0.7112 -0.6187
vn 0.4910 0.6096 -0.6224
vn -0.1714 0.1120 0.9788
vn -0.0818 -0.1901 0.9784
vn 0.3378 -0.1934 0.9211
vn 0.5957 -0.5074 -0.6227
vn 0.3426 -0.5905 0.7307
vn 0.9247 -0.1667 -0.3422
vn 0.2922 -0.8666 0.4046
vn 0.4571 -0.8849 0.0891
vn 0.6823 -0.4052 -0.6086
vn -0.0363 0.6192 0.7844
vn 0.2434 -0.5221 -0.8174
vn -0.1932 -0.9036 -0.3823
vn 0.6291 0.6331 -0.4509
vn 0.4992 -0.8635 0.0721
vn 0.0402 -0.0770 0.9962
vn 0.7768 -0.5511 0.3049
vn 0.8177 -0.5271 0.2313
vn 0.1936 0.7839 -0.5899
vn 0.0832 0.5157 0.8527
vn 0.0861 0.7074 0.7016
vn 0.3896 -0.3584 -0.8484
vn 0.4783 0.8696 0.1230
vn 0.0636 0.7654 0.6405
vn 0.5638 0.0197 0.8256
vn 0.4308 -0.7480 0.5049
vn 0.3732 -0.2400 0.8962
vn 0.4761 0.8116 0.3387
vn 0.0510 0.7146 0.6977
vn 0.5582 -0.2713 -0.7841
vn 0.1487 -0.4031 0.9030
vn 0.4199 -0.8784 -0.2284
vn 0.4443 -0.8905 -0.0984
vn 0.1547 -0.4809 0.8630
vn 0.1872 -0.6347 -0.7498
vn 0.8635 0.4999 0.0671
vn 0.6358 0.7418 -0.2135
vn 0.8725 0.3039 -0.3826
vn 0.3617 -0.8984 0.2491
vn 0.4707 -0.8816 0.0352
vn 0.6356 0.0132 -0.7719
vn 0.7018 -0.0256 -0.7119
vn 0.9878 0.0443 -0.1491
vn 0.3568 0.0509 -0.9328
vn 0.1917 0.2845 0.9393
vn 0.9695 -0.0480 -0.2404
vn 0.9575 -0.1313 -0.2568
vn -0.0560 -0.9757 -0.2117
vn 0.9140 -0.3109 -0.2607
vn 0.5977 -0.5073 0.6208
vn 0.4447 0.6488 -0.6175
vn 0.5125 0.5980 -0.6162
vn -0.4559 0.8094 -0.3701
vn 0.0068 1.0000 0.0040
vn 0.8642 0.1428 -0.4825
vn -0.2203 0.6354 0.7401
vn 0.8174 -0.5601 0.1345
vn 0.0889 0.9795 0.1806
vn 0.7355 0.6591 0.1568
vn 0.8611 0.3433 -0.3751
vn 0.5888 -0.7297 -0.3475
vn 0.4463 -0.6716 0.5914
vn 0.6506 -0.7066 0.2783
vn 0.2822 0.5506 -0.7856
vn 0.2333 0.7890 -0.5683
vn 0.0564 0.9803 -0.1893
vn 0.6715 -0.5212 -0.5267
vn 0.0970 -0.2280 0.9688
vn 0.0783 0.8860 -0.4570
vn 0.0886 0.3461 -0.9340
vn 0.8296 -0.0225 0.5579
vn 0.9971 0.0640 -0.0413
vn 0.8376 0.4454 -0.3163
vn 0.8420 -0.5342 0.0757
vn 0.0436 0.3961 -0.9172
vn 0.7943 -0.4517 -0.4063
vn 0.7071 -0.5175 0.4818
vn -0.0083 -0.5138 0.8579
vn -0.1306 -0.3297 -0.9350
vn -0.3177 0.8602 0.3990
vn 0.3321 0.2901 0.8976
vn 0.1624 0.9860 -0.0366
vn 0.8695 0.4283 0.2461
vn 0.1467 -0.7585 0.6350
vn 0.2918 -0.7035 0.6480
vn 0.2225 0.6723 -0.7060
vn 0.7992 0.1020 -0.5923
vn 0.1069 0.2606 0.9595
vn 0.2164 0.3218 -0.9217
vn 0.6253 0.0878 -0.7754
vn 0.7706 -0.0121 -0.6372
vn 0.5346 -0.8142 -0.2265
vn -0.0000 0.2662 -0.9639
vn -0.0098 -0.0667 0.9977
vn 0.2231 0.7399 0.6347
vn 0.0076 -0.2764 -0.9610
vn 0.8015 -0.2170 0.5572
vn 0.4243 0.0091 -0.9055
vn 0.9756 -0.2045 -0.0797
vn 0.7169 -0.3282 0.6150
vn 0.2014 -0.1275 0.9712
vn 0.4637 -0.8796 0.1059
vn 0.0644 -0.3264 0.9430
vn 0.9312 -0.2417 -0.2730
vn 0.6917 -0.5424 0.4768
vn 0.8389 -0.2574 0.4795
vn 0.9108 0.1268 -0.3929
vn 0.7788 0.0971 -0.6197
vn 0.7878 0.2021 -0.5818
vn 0.6121 0.7721 0.1710
vn 0.5738 -0.5631 -0.5947
vn 0.4461 -0.6866 -0.5742
vn 0.6479 -0.7053 -0.2877
vn 0.6026 -0.7410 -0.2963
vn 0.4774 0.8038 0.3550
vn 0.3015 -0.8133 0.4976
vn 0.6737 -0.2303 -0.7022
vn -0.5159 0.8372 -0.1816
vn 0.7531 0.2027 -0.6259
vn 0.9566 -0.2912 0.0127
vn 0.9961 0.0025 0.0880
vn 0.9879 -0.0444 -0.1484
vn -0.6127 0.7096 0.3478
vn -0.0594 -0.2334 0.9706
vn 0.7726 -0.3295 -0.5426
vn 0.7810 0.0491 0.6226
vn 0.0084 0.8622 0.5065
vn -0.3369 0.8556 -0.3929
vn -0.5874 0.6850 -0.4311
vn -0.3969 0.6668 -0.6307
vn 0.8999 -0.3894 -0.1965
vn 0.0216 -0.8994 0.4366
vn 0.3407 0.9074 0.2460
vn 0.2474 -0.2729 0.9297
vn 0.0370 0.8183 0.5736
vn 0.0933 0.8216 0.5624
vn 0.8637 -0.1247 -0.4884
vn -0.1290 -0.7137 0.6885
vn -0.1207 -0.8136 0.5688
vn 0.9860 -0.0396 0.1620
vn 0.3574 0.9189 0.1669
vn 0.9657 -0.1162 -0.2320
vn 0.3940 0.3811 -0.8364
vn 0.6850 -0.6976 -0.2102
vn 0.4323 0.6111 0.6631
vn 0.9882 -0.0063 -0.1530
vn -0.0812 -0.7436 -0.6637
vn -0.0629 -0.6174 -0.7841
vn 0.6621 0.6251 -0.4135
vn 0.5041 0.8562 -0.1133
vn 0.0781 -0.3587 -0.9302
vn 0.0165 -0.1821 -0.9831
vn 0.3791 0.2473 -0.8917
vn 0.0202 0.2430 -0.9698
vn -0.2475 0.7244 -0.6435
vn 0.3614 0.1335 -0.9228
vn -0.4284 0.8979 -0.1015
vn 0.6466 0.6232 -0.4399
vn -0.1570 0.9221 0.3536
vn 0.5106 0.0717 -0.8568
vn 0.3548 -0.0580 -0.9331
vn 0.2870 0.1129 0.9513
vn 0.1350 -0.8597 -0.4926
vn 0.3292 -0.7715 -0.5444
vn 0.3543 -0.8724 -0.3368
vn -0.5100 0.4010 0.7610
vn 0.7331 -0.3200 -0.6002
vn 0.8568 -0.5065 0.0966
vn 0.8665 0.4858 0.1147
vn 0.9359 0.2240 0.2719
vn 0.4453 -0.7882 0.4248
vn -0.5682 0.8081 -0.1551
vn 0.8090 -0.5650 -0.1623
vn 0.6973 0.5919 0.4043
vn -0.9564 0.0681 0.2840
vn 0.0666 0.7909 0.6083
vn 0.9910 0.1331 -0.0126
vn 0.0829 0.9962 0.0263
vn 0.3560 -0.8977 0.2596
vn 0.7533 -0.3886 0.5306
vn 0.4482 -0.8933 0.0353
vn 0.1709 -0.5101 0.8430
vn 0.4631 0.0522 0.8847
vn 0.7523 -0.5876 0.2978
vn 0.2283 0.4420 0.8675
vn -0.3201 0.6506 -0.6886
vn 0.4084 0.3154 -0.8566
vn -0.2121 -0.9485 0.2352
vn 0.5199 0.7712 -0.3674
vn 0.4534 0.8183 -0.3532
vn 0.2955 -0.2792 -0.9136
vn 0.4441 -0.4728 0.7611
vn 0.4984 -0.8612 -0.0995
vn 0.6695 0.5038 -0.5459
vn 0.9915 0.1209 0.0491
vn 0.5367 -0.3166 0.7821
vn 0.8814 0.1153 -0.4582
vn 0.1473 0.0013 -0.9891
vn 0.2272 0.8225 -0.5214
vn 0.8988 0.3031 -0.3166
vn 0.5735 0.6508 0.4976
vn 0.3946 -0.4428 0.8051
vn 0.8989 0.3031 -0.3165
vn 0.4413 0.8156 -0.3743
vn 0.9613 -0.2602 -0.0907
vn 0.3990 -0.8373 -0.3738
vn 0.3820 0.8833 -0.2718
vn 0.2509 0.3226 -0.9127
vn 0.0022 1.0000 -0.0045
vn 0.7486 -0.2552 0.6120
vn 0.5827 0.8018 -0.1325
vn 0.5651 0.3589 -0.7428
vn 0.0824 -0.3603 -0.9292
vn 0.2506 0.1703 -0.9530
vn 0.0231 -0.4193 -0.9076
vn 0.8885 0.0546 -0.4555
vn -0.1643 0.3481 0.9229
vn 0.6600 -0.4329 -0.6140
vn 0.2964 0.3542 -0.8870
vn -0.0046 0.0650 0.9979
vn 0.0682 0.2822 0.9569
vn 0.2451 -0.2429 -0.9386
vn 0.4813 0.8202 0.3092
vn 0.2081 0.9094 -0.3600
vn 0.7620 -0.1513 0.6296
vn 0.0062 -0.3209 -0.9471
vn -0.0117 -0.9448 -0.3275
vn 0.8664 -0.0002 -0.4994
vn 0.5137 -0.7796 0.3582
vn 0.8015 -0.2170 0.5573
vn 0.7853 -0.5183 0.3386
vn 0.7556 0.2657 -0.5986
vn 0.7083 0.5070 -0.4913
vn 0.9442 -0.2883 0.1591
vn 0.9319 -0.2336 0.2774
vn -0.1622 0.7989 -0.5792
vn -0.3046 0.8251 -0.4758
vn 0.3081 0.8502 -0.4268
vn 0.9317 0.1169 -0.3439
vn 0.7255 0.3627 0.5848
vn 0.5774 -0.1543 0.8018
vn 0.8555 0.4111 -0.3147
vn 0.6240 -0.0828 0.7770
vn 0.4433 -0.1076 0.8899
vn 0.1631 -0.6420 -0.7491
vn 0.4094 -0.8516 0.3274
vn 0.8821 0.4336 -0.1844
vn -0.3406 0.7825 -0.5213
vn 0.1688 -0.9714 -0.1671
vn 0.5296 0.8184 -0.2232
vn 0.0966 0.9953 0.0065
vn 0.9685 -0.2310 -0.0934
vn 0.7810 0.0490 0.6226
vn 0.4146 0.8002 0.4335
vn -0.1440 0.1827 -0.9726
vn 0.4632 0.0523 0.8847
vn 0.1231 -0.0066 0.9924
vn 0.5011 0.7922 0.3484
vn 0.0173 -0.2513 0.9677
vn 0.1570 -0.9859 -0.0574
vn 0.3819 0.8833 -0.2718
vn -0.0000 0.3641 0.9314
vn 0.1947 -0.3413 -0.9196
vn 0.0135 -0.3147 0.9491
vn 0.9723 0.2330 0.0207
vn 0.4826 0.6594 -0.5764
vn 0.5774 -0.1542 0.8018
vn -0.0180 -0.9733 0.2288
vn 0.9112 0.2033 -0.3582
vn 0.1951 0.8711 0.4506
vn 0.2672 0.3229 -0.9079
vn -0.2956 0.8485 0.4389
vn -0.2030 0.8295 0.5203
vn 0.1897 0.8463 0.4978
vn 0.7309 0.6425 0.2302
vn 0.8597 0.5043 0.0808
vn 0.1065 0.7947 -0.5975
vn 0.4380 0.6995 -0.5647
vn 0.6170 -0.7634 -0.1909
vn 0.4466 -0.0081 -0.8947
vn -0.0422 -0.1400 0.9893
vn 0.0791 -0.4593 0.8847
vn 0.9268 0.2289 -0.2978
vn 0.4203 0.5827 -0.6955
vn 0.4138 -0.4522 0.7901
vn -0.2698 0.6305 -0.7278
vn 0.8496 -0.4439 0.2848
vn 0.1704 0.8081 -0.5638
vn -0.1160 0.2467 -0.9621
vn 0.9109 0.2323 0.3410
vn -0.5782 0.6838 0.4452
vn -0.2356 0.2051 -0.9499
vn 0.3345 0.0100 -0.9423
vn -0.0133 0.0093 -0.9999
vn 0.1704 0.8081 -0.5639
vn 0.2707 0.7219 -0.6368
vn -0.0000 -0.0357 -0.9994
vn -0.0000 -0.9987 0.0507
vn -0.0000 -0.5422 0.8402
vn -0.0000 -0.9995 0.0320
vn -0.0000 -0.8148 0.5797
vn -0.0000 -0.9998 0.0212
vn -0.0000 -0.9950 -0.0994
vn -0.1327 -0.0200 -0.9910
vn -0.0000 -0.0184 -0.9998
vn -0.0000 0.0587 -0.9983
vn -0.0000 -0.7592 0.6509
vn -0.0000 0.9999 0.0105
vn -0.0000 -0.9572 0.2894
vn -0.0000 0.8866 -0.4625
vn -0.0000 0.8074 -0.5900
vn -0.0000 -0.9905 0.1376
vn -0.0000 0.1660 -0.9861
vn -0.0000 -0.8418 0.5398
vn -0.0000 0.5235 0.8521
vn -0.0000 -0.3694 -0.9293
vn -0.0000 0.9999 0.0169
vn -0.0000 0.7801 -0.6256
vn -0.0000 0.7580 0.6522
vn -0.0000 -0.3887 0.9214
vn -0.0000 -0.9746 0.2240
vn -0.0000 -0.3246 0.9459
vn -0.0000 -0.2455 0.9694
vn -0.0000 0.7441 0.6681
vn -0.0000 -0.8970 -0.4420
vn -0.1327 -0.0200 -0.9909
vn 0.0138 0.1339 -0.9909
vn -0.0000 -0.3427 -0.9394
vn -0.0186 0.2589 -0.9657
vn -0.0000 0.9981 -0.0617
vn -0.0000 -0.3822 -0.9241
vn 0.0007 0.2378 -0.9713
vn -0.0000 0.9509 0.3096
vn -0.0000 0.0199 -0.9998
vn -0.0000 -0.4929 0.8701
vn -0.0000 -0.9970 -0.0770
vn -0.0000 0.8883 0.4593
vn -0.0000 0.4557 -0.8901
vn -0.0000 0.7794 0.6266
vn -0.0000 0.6544 -0.7561
vn -0.0000 0.3377 -0.9413
vn -0.0000 0.1659 -0.9861
vn -0.0186 0.2588 -0.9657
vt 0.217065 0.122880
vt 0.477876 0.418539
vt 0.489942 0.733089
vt 0.666745 0.382451
vt 0.853260 0.488506
vt 0.635957 0.568715
vt 0.642483 0.624493
vt 0.873556 0.463287
vt 0.642789 0.612571
vt 0.904315 0.334790
vt 0.890255 0.330669
vt 0.896317 0.323683
vt 0.894876 0.337239
vt 0.189316 0.127696
vt 0.177595 0.138147
vt 0.185623 0.138334
vt 0.711257 0.171524
vt 0.595236 0.569203
vt 0.591301 0.586233
vt 0.584321 0.557005
vt 0.386521 0.367118
vt 0.516629 0.471643
vt 0.948435 0.362365
vt 0.560764 0.132608
vt 0.510185 0.464163
vt 0.555035 0.136439
vt 0.902310 0.232407
vt 0.898257 0.229551
vt 0.904281 0.230957
vt 0.548147 0.511292
vt 0.330443 0.400021
vt 0.929643 0.412214
vt 0.666668 0.400967
vt 0.925721 0.410073
vt 0.664510 0.398043
vt 0.619229 0.212141
vt 0.640231 0.215516
vt 0.642683 0.659520
vt 0.431719 0.317022
vt 0.439393 0.041663
vt 0.435826 0.332015
vt 0.486053 0.862373
vt 0.474095 0.850780
vt 0.882834 0.353723
vt 0.512980 0.746291
vt 0.650988 0.283299
vt 0.449125 0.784460
vt 0.641967 0.770958
vt 0.943755 0.156094
vt 0.407659 0.396666
vt 0.941946 0.167121
vt 0.409701 0.408087
vt 0.508772 0.779482
vt 0.846332 0.157889
vt 0.849310 0.165003
vt 0.633009 0.141409
vt 0.639308 0.140996
vt 0.936840 0.103175
vt 0.364027 0.370484
vt 0.883707 0.060249
vt 0.874194 0.263508
vt 0.865597 0.251724
vt 0.762064 0.549936
vt 0.754022 0.479501
vt 0.517829 0.660557
vt 0.481946 0.620601
vt 0.470165 0.639233
vt 0.484277 0.652657
vt 0.872141 0.164736
vt 0.878559 0.161412
vt 0.636517 0.176554
vt 0.632852 0.166482
vt 0.637340 0.167590
vt 0.769737 0.293072
vt 0.779624 0.293979
vt 0.777195 0.302739
vt 0.244158 0.182232
vt 0.258230 0.187921
vt 0.241060 0.198450
vt 0.693291 0.299925
vt 0.481523 0.767022
vt 0.464394 0.333956
vt 0.475743 0.328668
vt 0.482073 0.296016
vt 0.549778 0.677288
vt 0.546208 0.686043
vt 0.804991 0.139795
vt 0.613050 0.351951
vt 0.611038 0.339256
vt 0.694263 0.345639
vt 0.701952 0.363873
vt 0.611152 0.321300
vt 0.628154 0.310007
vt 0.549653 0.843745
vt 0.450829 0.357755
vt 0.467226 0.354195
vt 0.426124 0.410930
vt 0.412191 0.406096
vt 0.764627 0.475742
vt 0.753517 0.457882
vt 0.769895 0.467886
vt 0.477215 0.605889
vt 0.613216 0.867576
vt 0.824118 0.146336
vt 0.637497 0.386815
vt 0.641691 0.390369
vt 0.477139 0.177228
vt 0.554277 0.834605
vt 0.838943 0.379040
vt 0.839641 0.386931
vt 0.430049 0.059953
vt 0.424175 0.320153
vt 0.475208 0.270554
vt 0.507445 0.612818
vt 0.525554 0.589988
vt 0.495532 0.660323
vt 0.493047 0.677319
vt 0.493107 0.127948
vt 0.482424 0.133767
vt 0.559555 0.350176
vt 0.529168 0.777787
vt 0.525535 0.783041
vt 0.861139 0.171543
vt 0.861467 0.179477
vt 0.491350 0.147777
vt 0.499484 0.156881
vt 0.481264 0.151538
vt 0.475226 0.306222
vt 0.464517 0.309057
vt 0.618454 0.413373
vt 0.871479 0.338696
vt 0.865376 0.337718
vt 0.462070 0.101308
vt 0.285322 0.202174
vt 0.446826 0.109201
vt 0.275675 0.218163
vt 0.715540 0.221832
vt 0.519190 0.832036
vt 0.529999 0.744230
vt 0.539434 0.736873
vt 0.882893 0.207133
vt 0.880248 0.201491
vt 0.895600 0.196123
vt 0.634229 0.581313
vt 0.819535 0.375754
vt 0.933257 0.137164
vt 0.941849 0.145171
vt 0.400568 0.388559
vt 0.932020 0.143580
vt 0.469490 0.858239
vt 0.490671 0.780632
vt 0.519709 0.362399
vt 0.564509 0.777683
vt 0.554345 0.791121
vt 0.553419 0.775435
vt 0.913819 0.403260
vt 0.327186 0.394191
vt 0.925917 0.404721
vt 0.666668 0.394289
vt 0.607465 0.227572
vt 0.523157 0.957537
vt 0.603706 0.231886
vt 0.545003 0.880910
vt 0.547504 0.890073
vt 0.567346 0.815657
vt 0.557445 0.822290
vt 0.527377 0.097731
vt 0.274812 0.132402
vt 0.539682 0.118101
vt 0.502662 0.845060
vt 0.611863 0.137786
vt 0.889286 0.228910
vt 0.898577 0.220618
vt 0.443408 0.778002
vt 0.446205 0.774042
vt 0.449357 0.777096
vt 0.487313 0.742875
vt 0.487786 0.747465
vt 0.442645 0.327954
vt 0.504891 0.342824
vt 0.472261 0.123338
vt 0.461086 0.059008
vt 0.589880 0.726886
vt 0.180634 0.144817
vt 0.167443 0.141588
vt 0.872453 0.194687
vt 0.869954 0.185375
vt 0.882100 0.189266
vt 0.829284 0.483262
vt 0.553282 0.877002
vt 0.484003 0.787593
vt 0.445186 0.184092
vt 0.198986 0.215592
vt 0.438076 0.167759
vt 0.213411 0.227884
vt 0.449574 0.172386
vt 0.834986 0.392398
vt 0.424142 0.748389
vt 0.425483 0.757168
vt 0.543108 0.413871
vt 0.555310 0.419229
vt 0.536626 0.725287
vt 0.603786 0.073120
vt 0.547664 0.916457
vt 0.552738 0.911549
vt 0.524297 0.857234
vt 0.401956 0.805688
vt 0.475175 0.707691
vt 0.623084 0.528428
vt 0.836530 0.516576
vt 0.403256 0.726445
vt 0.502770 0.139874
vt 0.876031 0.440490
vt 0.875830 0.423693
vt 0.902894 0.439580
vt 0.792008 0.093497
vt 0.799494 0.102414
vt 0.885736 0.154509
vt 0.929903 0.209475
vt 0.933339 0.201178
vt 0.585049 0.813008
vt 0.599181 0.814393
vt 0.851677 0.306805
vt 0.571523 0.064004
vt 0.573214 0.066311
vt 0.664285 0.366711
vt 0.664285 0.359324
vt 0.553490 0.352651
vt 0.559093 0.308736
vt 0.475179 0.788272
vt 0.697647 0.379898
vt 0.505413 0.816605
vt 0.496383 0.813730
vt 0.537341 0.642728
vt 0.805205 0.161557
vt 0.820192 0.171920
vt 0.420772 0.688096
vt 0.521798 0.822241
vt 0.451526 0.750119
vt 0.455600 0.758279
vt 0.763097 0.202027
vt 0.751381 0.192932
vt 0.767660 0.193285
vt 0.373580 0.702800
vt 0.373871 0.691973
vt 0.523748 0.247551
vt 0.699966 0.211454
vt 0.564257 0.835349
vt 0.829654 0.417298
vt 0.659202 0.460982
vt 0.416753 0.803810
vt 0.822920 0.274490
vt 0.830360 0.276710
vt 0.765602 0.391011
vt 0.768372 0.390732
vt 0.479238 0.947523
vt 0.483715 0.943242
vt 0.265968 0.140455
vt 0.748521 0.398047
vt 0.745405 0.386305
vt 0.451392 0.778265
vt 0.454623 0.783125
vt 0.886729 0.143405
vt 0.518513 0.887481
vt 0.615028 0.147650
vt 0.614121 0.165902
vt 0.648054 0.628041
vt 0.884266 0.460170
vt 0.808391 0.118630
vt 0.798082 0.126322
vt 0.878423 0.106307
vt 0.865493 0.100245
vt 0.872952 0.303703
vt 0.344345 0.733222
vt 0.361554 0.725850
vt 0.839365 0.436024
vt 0.837081 0.424592
vt 0.740650 0.309425
vt 0.748425 0.292399
vt 0.753251 0.306971
vt 0.449413 0.399986
vt 0.439203 0.390048
vt 0.454926 0.382285
vt 0.436413 0.726213
vt 0.391846 0.708772
vt 0.656248 0.359728
vt 0.466465 0.815821
vt 0.639353 0.358103
vt 0.848293 0.148580
vt 0.827324 0.515733
vt 0.615589 0.518440
vt 0.927420 0.133332
vt 0.494876 0.775638
vt 0.515645 0.855732
vt 0.517546 0.844179
vt 0.526314 0.847960
vt 0.792654 0.289548
vt 0.535787 0.706774
vt 0.543205 0.713329
vt 0.479842 0.810738
vt 0.478112 0.807252
vt 0.486447 0.808513
vt 0.851004 0.089592
vt 0.865144 0.091775
vt 0.857359 0.100611
vt 0.508790 0.214980
vt 0.517270 0.204947
vt 0.916260 0.433931
vt 0.563663 0.503164
vt 0.926576 0.430816
vt 0.568296 0.496366
vt 0.923327 0.438682
vt 0.464128 0.726218
vt 0.507310 0.657707
vt 0.501341 0.675829
vt 0.595073 0.620689
vt 0.579875 0.601586
vt 0.483738 0.291386
vt 0.523052 0.757974
vt 0.464217 0.715777
vt 0.434057 0.759985
vt 0.436142 0.757220
vt 0.436526 0.763822
vt 0.781383 0.096943
vt 0.620997 0.613131
vt 0.839004 0.199028
vt 0.945967 0.195642
vt 0.426901 0.428779
vt 0.431237 0.421385
vt 0.528696 0.202072
vt 0.924750 0.276245
vt 0.903047 0.316916
vt 0.625826 0.295148
vt 0.606112 0.306410
vt 0.431423 0.342174
vt 0.454216 0.042014
vt 0.459886 0.930826
vt 0.481515 0.305362
vt 0.877874 0.124096
vt 0.864171 0.118769
vt 0.381804 0.771282
vt 0.393124 0.778133
vt 0.579192 0.478716
vt 0.673714 0.679363
vt 0.583149 0.462850
vt 0.665812 0.701112
vt 0.695411 0.338890
vt 0.531127 0.819220
vt 0.523876 0.677860
vt 0.873910 0.361649
vt 0.887376 0.386348
vt 0.883535 0.380520
vt 0.897872 0.372180
vt 0.481378 0.741460
vt 0.806138 0.478280
vt 0.902464 0.093901
vt 0.524282 0.450199
vt 0.494738 0.577542
vt 0.484299 0.587846
vt 0.774470 0.361930
vt 0.781003 0.349724
vt 0.785341 0.354632
vt 0.512773 0.384251
vt 0.521159 0.395047
vt 0.660433 0.495396
vt 0.431346 0.784668
vt 0.650113 0.491860
vt 0.409463 0.700168
vt 0.626827 0.453461
vt 0.622758 0.452949
vt 0.456132 0.053586
vt 0.507722 0.772974
vt 0.896766 0.133619
vt 0.470106 0.204187
vt 0.174872 0.192826
vt 0.785740 0.114655
vt 0.789906 0.110441
vt 0.488366 0.833258
vt 0.496130 0.830621
vt 0.569924 0.086542
vt 0.561761 0.086974
vt 0.557456 0.081665
vt 0.666397 0.723295
vt 0.578435 0.448277
vt 0.852953 0.370291
vt 0.244786 0.148365
vt 0.253284 0.153756
vt 0.534431 0.427561
vt 0.889392 0.275889
vt 0.892609 0.283674
vt 0.927364 0.418897
vt 0.535425 0.881107
vt 0.561917 0.586128
vt 0.774542 0.380902
vt 0.779948 0.386977
vt 0.797462 0.277540
vt 0.806499 0.287064
vt 0.529069 0.368183
vt 0.480101 0.681794
vt 0.489873 0.683141
vt 0.536592 0.757087
vt 0.207255 0.135639
vt 0.225769 0.139401
vt 0.588855 0.902740
vt 0.602902 0.910675
vt 0.397573 0.685514
vt 0.833220 0.171890
vt 0.833447 0.158940
vt 0.467095 0.681210
vt 0.474044 0.677374
vt 0.652677 0.394667
vt 0.451228 0.836363
vt 0.365209 0.743286
vt 0.366040 0.719950
vt 0.384443 0.735634
vt 0.798632 0.332848
vt 0.902541 0.448641
vt 0.551674 0.898334
vt 0.515738 0.789103
vt 0.795243 0.430177
vt 0.488617 0.947582
vt 0.592211 0.195912
vt 0.666281 0.338964
vt 0.492677 0.953702
vt 0.664285 0.345381
vt 0.856809 0.161328
vt 0.861512 0.059973
vt 0.857439 0.067530
vt 0.383144 0.817216
vt 0.463188 0.284704
vt 0.456620 0.304463
vt 0.837715 0.126027
vt 0.842704 0.133912
vt 0.386400 0.675801
vt 0.764012 0.322813
vt 0.762793 0.338094
vt 0.499375 0.830227
vt 0.502000 0.823718
vt 0.371710 0.777657
vt 0.577252 0.759266
vt 0.572568 0.762523
vt 0.801367 0.297978
vt 0.944407 0.212366
vt 0.744727 0.265783
vt 0.751763 0.278567
vt 0.829055 0.431199
vt 0.858935 0.146027
vt 0.931572 0.152956
vt 0.528643 0.807506
vt 0.489949 0.761447
vt 0.494254 0.766055
vt 0.488171 0.765191
vt 0.437817 0.896781
vt 0.424231 0.882424
vt 0.435163 0.882581
vt 0.909116 0.235851
vt 0.906138 0.242424
vt 0.608062 0.353413
vt 0.652444 0.841898
vt 0.652594 0.873647
vt 0.558364 0.473550
vt 0.555424 0.451703
vt 0.564437 0.456020
vt 0.925883 0.230965
vt 0.523269 0.310070
vt 0.528488 0.315621
vt 0.518970 0.322091
vt 0.541278 0.393132
vt 0.543828 0.382965
vt 0.496228 0.687793
vt 0.511496 0.185968
vt 0.851915 0.322811
vt 0.907546 0.086153
vt 0.678380 0.254740
vt 0.695961 0.263667
vt 0.740215 0.419576
vt 0.740385 0.434866
vt 0.870574 0.353264
vt 0.458167 0.164922
vt 0.583909 0.890835
vt 0.638617 0.413341
vt 0.654357 0.411537
vt 0.437692 0.836297
vt 0.529485 0.729884
vt 0.523059 0.736753
vt 0.741404 0.379295
vt 0.637494 0.431080
vt 0.631028 0.435546
vt 0.624549 0.433690
vt 0.654275 0.377608
vt 0.461858 0.828566
vt 0.470990 0.828670
vt 0.384681 0.312177
vt 0.379480 0.329262
vt 0.381618 0.811808
vt 0.916685 0.174184
vt 0.439749 0.271586
vt 0.425911 0.283307
vt 0.920773 0.121871
vt 0.911983 0.123588
vt 0.596507 0.991706
vt 0.596559 0.983293
vt 0.796279 0.409150
vt 0.473494 0.381520
vt 0.781015 0.382241
vt 0.850092 0.176600
vt 0.551620 0.664318
vt 0.909948 0.068576
vt 0.538317 0.154723
vt 0.929339 0.332247
vt 0.546245 0.147621
vt 0.522802 0.797631
vt 0.852361 0.252951
vt 0.846898 0.265504
vt 0.572445 0.075230
vt 0.568182 0.071703
vt 0.669904 0.364076
vt 0.670049 0.371561
vt 0.431352 0.738685
vt 0.430107 0.748786
vt 0.581572 0.997877
vt 0.550480 0.151982
vt 0.932266 0.345828
vt 0.928612 0.339781
vt 0.545109 0.155324
vt 0.546052 0.424057
vt 0.414443 0.748643
vt 0.624559 0.481607
vt 0.611387 0.477300
vt 0.746555 0.202305
vt 0.739044 0.195308
vt 0.453901 0.882171
vt 0.446261 0.867066
vt 0.839992 0.222920
vt 0.560760 0.616016
vt 0.411821 0.743191
vt 0.495120 0.243325
vt 0.506709 0.260102
vt 0.493799 0.269720
vt 0.617246 0.569543
vt 0.605497 0.576267
vt 0.433864 0.395316
vt 0.452595 0.760769
vt 0.850200 0.234922
vt 0.829495 0.219588
vt 0.830755 0.237191
vt 0.633955 0.358927
vt 0.623580 0.368499
vt 0.668403 0.741796
vt 0.576766 0.435586
vt 0.926254 0.181494
vt 0.912707 0.213338
vt 0.915475 0.203987
vt 0.917686 0.219268
vt 0.535774 0.474886
vt 0.746969 0.430724
vt 0.631372 0.200818
vt 0.461763 0.244382
vt 0.330443 0.423409
vt 0.286374 0.069923
vt 0.659055 0.213535
vt 0.511867 0.097470
vt 0.283449 0.146108
vt 0.532332 0.343548
vt 0.807895 0.387963
vt 0.816927 0.396212
vt 0.814387 0.089662
vt 0.811948 0.100025
vt 0.926813 0.163367
vt 0.865772 0.218149
vt 0.825212 0.329912
vt 0.826284 0.337195
vt 0.639342 0.909914
vt 0.649142 0.902228
vt 0.758462 0.266916
vt 0.769737 0.269701
vt 0.472055 0.087651
vt 0.389757 0.349782
vt 0.468035 0.082556
vt 0.794870 0.389678
vt 0.634535 0.072937
vt 0.637172 0.258353
vt 0.533857 0.159605
vt 0.925338 0.326111
vt 0.897976 0.240068
vt 0.885074 0.241690
vt 0.577398 0.716290
vt 0.450365 0.408900
vt 0.465291 0.414574
vt 0.787009 0.152515
vt 0.785490 0.139169
vt 0.591122 0.142808
vt 0.397108 0.719934
vt 0.412146 0.713814
vt 0.225397 0.122991
vt 0.485901 0.418403
vt 0.538629 0.293060
vt 0.552289 0.487964
vt 0.540511 0.484530
vt 0.552830 0.478307
vt 0.412926 0.366786
vt 0.426084 0.372079
vt 0.741336 0.163360
vt 0.746680 0.163824
vt 0.875928 0.234452
vt 0.459459 0.741864
vt 0.465367 0.752393
vt 0.569761 0.892281
vt 0.474118 0.756638
vt 0.474142 0.748739
vt 0.504575 0.753933
vt 0.501028 0.763813
vt 0.765862 0.422644
vt 0.775097 0.432336
vt 0.425582 0.734238
vt 0.419687 0.736298
vt 0.663786 0.372286
vt 0.299532 0.237217
vt 0.594986 0.341286
vt 0.542239 0.769185
vt 0.856600 0.367815
vt 0.844332 0.356902
vt 0.464268 0.787071
vt 0.740288 0.212737
vt 0.406547 0.685338
vt 0.476046 0.244340
vt 0.820874 0.427032
vt 0.816969 0.440769
vt 0.845945 0.103001
vt 0.581642 0.929102
vt 0.613628 0.250070
vt 0.870827 0.202751
vt 0.442002 0.913869
vt 0.908789 0.425865
vt 0.912822 0.418261
vt 0.188018 0.173137
vt 0.523703 0.189905
vt 0.921457 0.290383
vt 0.466529 0.796034
vt 0.660464 0.329139
vt 0.404378 0.311755
vt 0.464846 0.372447
vt 0.464926 0.358902
vt 0.905041 0.075361
vt 0.830060 0.363681
vt 0.866589 0.287044
vt 0.876115 0.287864
vt 0.861401 0.315589
vt 0.741711 0.235438
vt 0.731897 0.223902
vt 0.778349 0.271381
vt 0.788037 0.273449
vt 0.783604 0.258281
vt 0.425042 0.307253
vt 0.429397 0.292731
vt 0.434306 0.298728
vt 0.729820 0.440426
vt 0.730402 0.424222
vt 0.630792 0.474866
vt 0.632218 0.465066
vt 0.647243 0.457660
vt 0.863337 0.332183
vt 0.716692 0.437425
vt 0.720219 0.425613
vt 0.546966 0.931371
vt 0.617869 0.267751
vt 0.848377 0.340069
vt 0.464098 0.909659
vt 0.774418 0.122442
vt 0.882747 0.317365
vt 0.916021 0.360774
vt 0.930362 0.358438
vt 0.505113 0.766258
vt 0.586471 0.121559
vt 0.518173 0.894973
vt 0.399223 0.840878
vt 0.411771 0.831677
vt 0.586487 0.098742
vt 0.536009 0.894208
vt 0.784619 0.176512
vt 0.398779 0.781479
vt 0.537937 0.949547
vt 0.608146 0.247937
vt 0.724090 0.334861
vt 0.731467 0.348693
vt 0.485121 0.763895
vt 0.449717 0.768954
vt 0.481520 0.800814
vt 0.902978 0.369772
vt 0.402047 0.858409
vt 0.391819 0.844849
vt 0.404801 0.847242
vt 0.499476 0.294728
vt 0.553385 0.435576
vt 0.639974 0.338125
vt 0.709380 0.296733
vt 0.467336 0.758410
vt 0.633576 0.416872
vt 0.491550 0.770475
vt 0.451145 0.739530
vt 0.454455 0.731643
vt 0.892580 0.263909
vt 0.883452 0.270668
vt 0.769704 0.114261
vt 0.931663 0.062226
vt 0.350263 0.341166
vt 0.358856 0.330155
vt 0.362000 0.345000
vt 0.816999 0.372019
vt 0.833665 0.072411
vt 0.603657 0.490414
vt 0.600599 0.293472
vt 0.598651 0.486871
vt 0.595038 0.296627
vt 0.574275 0.962842
vt 0.721045 0.330499
vt 0.536257 0.339890
vt 0.454201 0.084024
vt 0.524885 0.196734
vt 0.922045 0.282668
vt 0.180784 0.115894
vt 0.444317 0.428665
vt 0.509950 0.690598
vt 0.521006 0.691826
vt 0.511824 0.701793
vt 0.872645 0.079517
vt 0.567188 0.860393
vt 0.752052 0.163496
vt 0.754950 0.150972
vt 0.818481 0.260160
vt 0.457601 0.113861
vt 0.462095 0.121931
vt 0.659530 0.949985
vt 0.650306 0.933100
vt 0.227891 0.194338
vt 0.833232 0.281375
vt 0.542255 0.213437
vt 0.932747 0.259077
vt 0.514936 0.797467
vt 0.560474 0.990684
vt 0.563851 0.978964
vt 0.771027 0.365660
vt 0.856294 0.257325
vt 0.702464 0.250535
vt 0.706708 0.240540
vt 0.715785 0.253880
vt 0.721918 0.365013
vt 0.740489 0.357604
vt 0.868321 0.420697
vt 0.875706 0.410720
vt 0.437059 0.408266
vt 0.446527 0.417085
vt 0.898385 0.172897
vt 0.889848 0.095117
vt 0.597406 0.936198
vt 0.771732 0.276621
vt 0.520611 0.672942
vt 0.513751 0.677509
vt 0.635859 0.918937
vt 0.654338 0.434891
vt 0.423370 0.823560
vt 0.644605 0.425715
vt 0.922052 0.426946
vt 0.558357 0.510354
vt 0.929166 0.421830
vt 0.441255 0.285046
vt 0.612641 0.381788
vt 0.195988 0.144441
vt 0.514155 0.437748
vt 0.256158 0.105866
vt 0.276211 0.176011
vt 0.236221 0.220175
vt 0.429959 0.150553
vt 0.234357 0.232785
vt 0.651451 0.476525
vt 0.914384 0.294392
vt 0.903427 0.295163
vt 0.651602 0.125715
vt 0.313916 0.098194
vt 0.825461 0.189028
vt 0.584478 0.909391
vt 0.721424 0.227482
vt 0.652536 0.107170
vt 0.451519 0.632170
vt 0.444775 0.640670
vt 0.150462 0.089279
vt 0.563868 0.231445
vt 0.939672 0.233488
vt 0.155614 0.101753
vt 0.946931 0.223244
vt 0.555527 0.230600
vt 0.149420 0.098480
vt 0.498148 0.371277
vt 0.416964 0.840999
vt 0.906980 0.309671
vt 0.624013 0.406693
vt 0.571325 0.868547
vt 0.442606 0.744632
vt 0.511052 0.319588
vt 0.655491 0.826799
vt 0.655898 0.806114
vt 0.467316 0.792024
vt 0.636306 0.994166
vt 0.633042 0.976418
vt 0.597812 0.409022
vt 0.294392 0.191903
vt 0.672338 0.430536
vt 0.508912 0.718873
vt 0.394465 0.862417
vt 0.405869 0.873790
vt 0.234514 0.210860
vt 0.242734 0.216151
vt 0.818683 0.201741
vt 0.819454 0.211180
vt 0.815104 0.207500
vt 0.590192 0.937892
vt 0.254352 0.119353
vt 0.615470 0.190928
vt 0.544141 0.980623
vt 0.542554 0.132049
vt 0.527692 0.123879
vt 0.846350 0.139420
vt 0.719485 0.193240
vt 0.700580 0.193328
vt 0.257922 0.160424
vt 0.460717 0.844450
vt 0.923474 0.090474
vt 0.920511 0.107392
vt 0.779623 0.328700
vt 0.789569 0.326078
vt 0.933623 0.114452
vt 0.600248 0.102572
vt 0.429225 0.362104
vt 0.719698 0.275833
vt 0.827092 0.437102
vt 0.634200 0.608417
vt 0.623507 0.738275
vt 0.616879 0.714918
vt 0.526474 0.765998
vt 0.507249 0.957381
vt 0.599553 0.216640
vt 0.469544 0.884180
vt 0.445961 0.378651
vt 0.496366 0.803874
vt 0.427084 0.668034
vt 0.546034 0.817531
vt 0.552464 0.818086
vt 0.907772 0.146290
vt 0.568318 0.644099
vt 0.534519 0.272245
vt 0.841300 0.283748
vt 0.482144 0.865110
vt 0.485146 0.732937
vt 0.865954 0.312637
vt 0.562447 0.092468
vt 0.425789 0.260195
vt 0.555841 0.087616
vt 0.423416 0.269359
vt 0.472101 0.120480
vt 0.833804 0.118414
vt 0.433635 0.736104
vt 0.803245 0.198122
vt 0.759640 0.355139
vt 0.725567 0.416479
vt 0.735186 0.413263
vt 0.473723 0.728646
vt 0.475198 0.739973
vt 0.731889 0.425460
vt 0.460290 0.277261
vt 0.765332 0.317159
vt 0.666745 0.390801
vt 0.633727 0.555423
vt 0.847390 0.497527
vt 0.171281 0.151381
vt 0.171086 0.163974
vt 0.875895 0.451863
vt 0.547326 0.725743
vt 0.854639 0.338828
vt 0.789876 0.317236
vt 0.795418 0.323274
vt 0.562139 0.944989
vt 0.564944 0.958045
vt 0.774592 0.338933
vt 0.563728 0.665926
vt 0.232085 0.167631
vt 0.833748 0.355778
vt 0.598806 0.921922
vt 0.806528 0.354382
vt 0.730418 0.299255
vt 0.768612 0.254681
vt 0.593828 0.851853
vt 0.776918 0.376046
vt 0.788758 0.348329
vt 0.789145 0.343693
vt 0.916971 0.379668
vt 0.899703 0.385914
vt 0.854524 0.284171
vt 0.865411 0.282478
vt 0.440427 0.149144
vt 0.435018 0.137082
vt 0.249837 0.237217
vt 0.890494 0.360833
vt 0.436594 0.338498
vt 0.590775 0.482207
vt 0.588915 0.303827
vt 0.916673 0.231993
vt 0.466276 0.113157
vt 0.613588 0.786591
vt 0.592448 0.793039
vt 0.491180 0.400515
vt 0.493943 0.406792
vt 0.824421 0.316788
vt 0.525110 0.480221
vt 0.940091 0.372423
vt 0.527220 0.482090
vt 0.938922 0.375249
vt 0.623913 0.175053
vt 0.415470 0.288239
vt 0.578834 0.265950
vt 0.672337 0.976334
vt 0.855371 0.128256
vt 0.604641 0.659030
vt 0.612363 0.677031
vt 0.262695 0.150161
vt 0.375433 0.359581
vt 0.406234 0.762213
vt 0.570323 0.064064
vt 0.785676 0.126524
vt 0.890979 0.249792
vt 0.635695 0.082744
vt 0.648355 0.094045
vt 0.775020 0.249713
vt 0.766168 0.238981
vt 0.559206 0.829753
vt 0.475647 0.913474
vt 0.835125 0.450095
vt 0.797576 0.168487
vt 0.562107 0.718823
vt 0.606830 0.340780
vt 0.513744 0.116791
vt 0.519126 0.125256
vt 0.510599 0.123780
vt 0.597825 0.885532
vt 0.511141 0.162768
vt 0.499917 0.172808
vt 0.614259 0.441958
vt 0.611812 0.450416
vt 0.330749 0.382325
vt 0.643332 0.167044
vt 0.325264 0.065601
vt 0.792142 0.374937
vt 0.446210 0.084313
vt 0.861208 0.244427
vt 0.542992 0.492047
vt 0.531435 0.837116
vt 0.497959 0.894206
vt 0.500659 0.854128
vt 0.480975 0.346034
vt 0.640410 0.308466
vt 0.581968 0.843958
vt 0.887134 0.129550
vt 0.659027 0.991959
vt 0.651995 0.980004
vt 0.448950 0.655964
vt 0.460417 0.645204
vt 0.525571 0.148264
vt 0.522532 0.884212
vt 0.408172 0.904813
vt 0.612119 0.959420
vt 0.706075 0.292601
vt 0.694650 0.374156
vt 0.455121 0.769536
vt 0.463579 0.773575
vt 0.807198 0.273392
vt 0.522450 0.373754
vt 0.855106 0.361630
vt 0.895752 0.074313
vt 0.615239 0.886069
vt 0.549378 0.231274
vt 0.150507 0.105224
vt 0.829522 0.206375
vt 0.481113 0.796654
vt 0.490959 0.799877
vt 0.512482 0.307747
vt 0.932039 0.193613
vt 0.453066 0.773741
vt 0.906834 0.281883
vt 0.563868 0.123226
vt 0.512252 0.454560
vt 0.261060 0.089279
vt 0.513271 0.446101
vt 0.258986 0.097748
vt 0.719634 0.245326
vt 0.625776 0.939931
vt 0.728113 0.389436
vt 0.818428 0.241184
vt 0.818180 0.247448
vt 0.797501 0.301172
vt 0.441262 0.157770
vt 0.828096 0.291465
vt 0.825418 0.304262
vt 0.468128 0.820688
vt 0.502996 0.838532
vt 0.511630 0.835184
vt 0.925016 0.240232
vt 0.486040 0.788972
vt 0.817538 0.460210
vt 0.568549 0.342332
vt 0.667635 0.875129
vt 0.453981 0.690276
vt 0.211849 0.191149
vt 0.256519 0.212298
vt 0.603771 0.188979
vt 0.600077 0.179729
vt 0.614576 0.184649
vt 0.352738 0.744398
vt 0.948104 0.178996
vt 0.419482 0.417139
vt 0.854902 0.452105
vt 0.862214 0.438681
vt 0.540346 0.860086
vt 0.831125 0.109589
vt 0.404942 0.882337
vt 0.775615 0.489289
vt 0.467918 0.703795
vt 0.468067 0.778179
vt 0.463256 0.777991
vt 0.811685 0.447291
vt 0.802748 0.434581
vt 0.784538 0.480909
vt 0.804152 0.242780
vt 0.837477 0.090002
vt 0.568472 0.089495
vt 0.691303 0.239959
vt 0.843819 0.399352
vt 0.772878 0.410536
vt 0.941751 0.221346
vt 0.161768 0.105725
vt 0.948435 0.216141
vt 0.433632 0.445225
vt 0.868989 0.156549
vt 0.448140 0.316933
vt 0.458064 0.329472
vt 0.505556 0.729540
vt 0.740343 0.402360
vt 0.381241 0.744084
vt 0.783849 0.365955
vt 0.931201 0.049484
vt 0.345322 0.329078
vt 0.891139 0.451559
vt 0.657300 0.645843
vt 0.899405 0.457477
vt 0.521821 0.814760
vt 0.837356 0.155899
vt 0.774745 0.183397
vt 0.798616 0.186955
vt 0.786221 0.193804
vt 0.525994 0.770473
vt 0.251553 0.141884
vt 0.607856 0.128893
vt 0.490808 0.795229
vt 0.910089 0.133921
vt 0.522634 0.267749
vt 0.793937 0.231756
vt 0.769064 0.307411
vt 0.555673 0.937088
vt 0.579166 0.737332
vt 0.568456 0.737413
vt 0.482583 0.093193
vt 0.285649 0.178139
vt 0.916528 0.337554
vt 0.769263 0.286043
vt 0.819898 0.451694
vt 0.806783 0.337015
vt 0.607219 0.333376
vt 0.513368 0.275656
vt 0.891159 0.173218
vt 0.895760 0.181036
vt 0.844577 0.308103
vt 0.643546 0.149131
vt 0.326684 0.364668
vt 0.458296 0.314686
vt 0.857154 0.083856
vt 0.460810 0.751082
vt 0.461831 0.764153
vt 0.885606 0.051313
vt 0.688399 0.273772
vt 0.471786 0.846207
vt 0.588121 0.176917
vt 0.484414 0.929555
vt 0.452671 0.074962
vt 0.521030 0.690084
vt 0.529460 0.872317
vt 0.498825 0.695825
vt 0.637544 0.181890
vt 0.157894 0.111552
vt 0.572763 0.317475
vt 0.670162 0.909752
vt 0.349343 0.765752
vt 0.799969 0.460987
vt 0.791661 0.455055
vt 0.812155 0.456375
vt 0.575149 0.942170
vt 0.502788 0.423717
vt 0.240577 0.119387
vt 0.471290 0.195445
vt 0.750348 0.237254
vt 0.758369 0.244660
vt 0.819432 0.117842
vt 0.813280 0.125046
vt 0.716467 0.350867
vt 0.442004 0.752844
vt 0.790817 0.401050
vt 0.867249 0.465759
vt 0.639329 0.603386
vt 0.553307 0.336967
vt 0.823087 0.418693
vt 0.820239 0.410334
vt 0.583873 0.478346
vt 0.327988 0.228887
vt 0.335540 0.383049
vt 0.584210 0.310279
vt 0.842497 0.314349
vt 0.601212 0.381886
vt 0.331474 0.346095
vt 0.624481 0.228175
vt 0.442853 0.361263
vt 0.787136 0.450440
vt 0.800568 0.447450
vt 0.440592 0.877002
vt 0.570459 0.964948
vt 0.553305 0.965674
vt 0.476495 0.727485
vt 0.772360 0.195929
vt 0.495225 0.706964
vt 0.447982 0.091122
vt 0.392656 0.328462
vt 0.530290 0.767814
vt 0.640866 0.120150
vt 0.546393 0.939710
vt 0.611446 0.260263
vt 0.222905 0.213567
vt 0.728695 0.275096
vt 0.367956 0.329127
vt 0.574890 0.814086
vt 0.564307 0.064451
vt 0.393355 0.273039
vt 0.203387 0.204182
vt 0.805484 0.229322
vt 0.633781 0.835609
vt 0.583738 0.919145
vt 0.724035 0.259176
vt 0.776687 0.135121
vt 0.828426 0.116093
vt 0.825733 0.107441
vt 0.505341 0.330460
vt 0.815998 0.303663
vt 0.769763 0.348221
vt 0.625197 0.182553
vt 0.480562 0.141803
vt 0.489511 0.106668
vt 0.442964 0.760914
vt 0.905822 0.163987
vt 0.772553 0.254317
vt 0.599646 0.709324
vt 0.491214 0.417632
vt 0.231053 0.123176
vt 0.720735 0.408964
vt 0.547917 0.763286
vt 0.389151 0.846691
vt 0.516855 0.865418
vt 0.768587 0.380155
vt 0.593054 0.745682
vt 0.806222 0.327129
vt 0.620570 0.391658
vt 0.866513 0.304451
vt 0.514310 0.738762
vt 0.467616 0.733629
vt 0.463299 0.734837
vt 0.401079 0.889216
vt 0.503283 0.799065
vt 0.427615 0.709469
vt 0.789831 0.214132
vt 0.808229 0.214663
vt 0.526023 0.163023
vt 0.807898 0.303856
vt 0.445569 0.707115
vt 0.787508 0.252564
vt 0.793919 0.369501
vt 0.772731 0.318282
vt 0.782761 0.319235
vt 0.581306 0.799291
vt 0.924620 0.350505
vt 0.788139 0.237810
vt 0.916246 0.082320
vt 0.816559 0.365688
vt 0.604676 0.904982
vt 0.829663 0.252598
vt 0.476324 0.775481
vt 0.391818 0.654465
vt 0.198894 0.196688
vt 0.652847 0.313657
vt 0.462210 0.789330
vt 0.563825 0.703403
vt 0.853625 0.051500
vt 0.459384 0.077381
vt 0.575156 0.787977
vt 0.158615 0.124945
vt 0.617494 0.760881
vt 0.447194 0.733697
vt 0.304167 0.058124
vt 0.649530 0.191885
vt 0.607811 0.691894
vt 0.555183 0.225740
vt 0.939253 0.241822
vt 0.505532 0.872758
vt 0.559800 0.626644
vt 0.565615 0.068760
vt 0.707955 0.336651
vt 0.488845 0.348792
vt 0.791397 0.434618
vt 0.784922 0.428820
vt 0.822662 0.149294
vt 0.805713 0.365094
vt 0.809134 0.361644
vt 0.363905 0.764029
vt 0.754127 0.174617
vt 0.707464 0.331528
vt 0.646304 0.136640
vt 0.324546 0.094307
vt 0.464100 0.077322
vt 0.476328 0.808409
vt 0.888737 0.153038
vt 0.887530 0.161416
vt 0.547103 0.783774
vt 0.572746 0.810608
vt 0.823175 0.160257
vt 0.522845 0.710925
vt 0.526838 0.879110
vt 0.591300 0.760415
vt 0.803635 0.373507
vt 0.546271 0.275104
vt 0.616099 0.088637
vt 0.892634 0.167203
vt 0.663939 0.966211
vt 0.581828 0.487462
vt 0.672608 0.666368
vt 0.919250 0.455858
vt 0.884027 0.192933
vt 0.493907 0.194305
vt 0.512369 0.133946
vt 0.883334 0.183915
vt 0.458354 0.137368
vt 0.634937 0.097169
vt 0.476220 0.781436
vt 0.664878 0.779878
vt 0.626697 0.702703
vt 0.518753 0.732963
vt 0.658112 0.454676
vt 0.417109 0.808873
vt 0.609616 0.798702
vt 0.650375 0.300857
vt 0.457787 0.788619
vt 0.405548 0.784246
vt 0.231579 0.124910
vt 0.743214 0.316321
vt 0.448315 0.709306
vt 0.433975 0.772721
vt 0.756749 0.385831
vt 0.499977 0.414421
vt 0.898252 0.392699
vt 0.896552 0.186800
vt 0.780487 0.204076
vt 0.867482 0.110167
vt 0.916954 0.068482
vt 0.890406 0.144590
vt 0.885079 0.140308
vt 0.722922 0.185787
vt 0.613302 0.828299
vt 0.484318 0.771069
vt 0.649508 0.446598
vt 0.770355 0.333569
vt 0.215843 0.146736
vt 0.609143 0.637208
vt 0.668083 0.851040
vt 0.566999 0.359490
vt 0.482701 0.752689
vt 0.496947 0.115351
vt 0.744228 0.155419
vt 0.485065 0.325677
vt 0.543030 0.850033
vt 0.458747 0.404615
vt 0.477967 0.414177
vt 0.213341 0.121469
vt 0.474309 0.420076
vt 0.496170 0.732538
vt 0.495187 0.739863
vt 0.632358 0.572848
vt 0.631216 0.563679
vt 0.880031 0.458199
vt 0.648431 0.622009
vt 0.192837 0.118493
vt 0.454856 0.423986
vt 0.181298 0.120978
vt 0.178861 0.126612
vt 0.183765 0.132151
vt 0.189564 0.134543
vt 0.729427 0.171139
vt 0.705056 0.185495
vt 0.877329 0.396516
vt 0.860301 0.404233
vt 0.861237 0.391469
vt 0.881582 0.386078
vt 0.543600 0.838642
vt 0.535684 0.842321
vt 0.536197 0.834261
vt 0.525058 0.610000
vt 0.540425 0.587845
vt 0.542314 0.615778
vt 0.386483 0.358423
vt 0.398678 0.368131
vt 0.512632 0.471348
vt 0.563247 0.139574
vt 0.947298 0.358125
vt 0.922170 0.415589
vt 0.616976 0.225058
vt 0.638500 0.646376
vt 0.622524 0.655422
vt 0.431546 0.052062
vt 0.430191 0.323178
vt 0.486054 0.850773
vt 0.873018 0.347410
vt 0.887428 0.347810
vt 0.514166 0.756052
vt 0.507595 0.747921
vt 0.584973 0.530855
vt 0.643239 0.505816
vt 0.638398 0.275201
vt 0.641881 0.289191
vt 0.657569 0.765276
vt 0.641405 0.791764
vt 0.940552 0.161250
vt 0.503100 0.787657
vt 0.503800 0.779048
vt 0.839292 0.163758
vt 0.637049 0.147844
vt 0.933765 0.089637
vt 0.351246 0.368016
vt 0.359271 0.362493
vt 0.883965 0.072358
vt 0.898167 0.059617
vt 0.878432 0.244078
vt 0.502312 0.719987
vt 0.504000 0.724218
vt 0.496723 0.728928
vt 0.824565 0.314915
vt 0.832710 0.310613
vt 0.833968 0.315902
vt 0.760335 0.483826
vt 0.527891 0.637020
vt 0.512961 0.643534
vt 0.939294 0.118286
vt 0.378547 0.373242
vt 0.453258 0.617621
vt 0.459328 0.657092
vt 0.472051 0.648224
vt 0.880711 0.168006
vt 0.683344 0.305009
vt 0.687885 0.320986
vt 0.476001 0.767198
vt 0.479423 0.758978
vt 0.475906 0.336625
vt 0.494366 0.311257
vt 0.495749 0.304195
vt 0.541181 0.676269
vt 0.802139 0.144794
vt 0.814457 0.152300
vt 0.628746 0.345862
vt 0.702513 0.349321
vt 0.509030 0.281916
vt 0.508573 0.292451
vt 0.500874 0.290532
vt 0.607826 0.312785
vt 0.459420 0.345655
vt 0.419461 0.401360
vt 0.457727 0.598504
vt 0.604001 0.879703
vt 0.599898 0.861710
vt 0.834633 0.140969
vt 0.836340 0.148291
vt 0.631537 0.392345
vt 0.482625 0.189912
vt 0.473105 0.187138
vt 0.553196 0.825302
vt 0.542053 0.829146
vt 0.825645 0.381871
vt 0.441490 0.054665
vt 0.485300 0.272417
vt 0.477930 0.253384
vt 0.498044 0.665558
vt 0.479357 0.124846
vt 0.567436 0.350936
vt 0.667833 0.862940
vt 0.557779 0.357661
vt 0.530579 0.791620
vt 0.872936 0.174641
vt 0.896865 0.356394
vt 0.894065 0.342019
vt 0.504747 0.593382
vt 0.490332 0.601871
vt 0.465995 0.299699
vt 0.624460 0.423055
vt 0.617496 0.431698
vt 0.862699 0.352117
vt 0.568537 0.934859
vt 0.555320 0.926340
vt 0.568244 0.919995
vt 0.269399 0.208155
vt 0.711747 0.209754
vt 0.718886 0.209837
vt 0.524341 0.829774
vt 0.524522 0.838689
vt 0.537804 0.748827
vt 0.881351 0.337591
vt 0.628161 0.579895
vt 0.635190 0.592017
vt 0.809527 0.379094
vt 0.814846 0.383560
vt 0.697449 0.318645
vt 0.469941 0.868365
vt 0.463836 0.852017
vt 0.487792 0.782389
vt 0.494114 0.787086
vt 0.512132 0.367650
vt 0.512470 0.354492
vt 0.514065 0.957804
vt 0.601627 0.223138
vt 0.538385 0.888449
vt 0.561939 0.805415
vt 0.520205 0.111121
vt 0.493987 0.845339
vt 0.490625 0.840036
vt 0.603584 0.145919
vt 0.595635 0.137879
vt 0.454176 0.132721
vt 0.451431 0.144920
vt 0.447231 0.134522
vt 0.635921 0.137179
vt 0.487390 0.842747
vt 0.492082 0.744874
vt 0.487604 0.829383
vt 0.480311 0.830826
vt 0.479813 0.821935
vt 0.505367 0.336052
vt 0.515411 0.339566
vt 0.466669 0.128568
vt 0.469556 0.120829
vt 0.463439 0.065075
vt 0.468766 0.060297
vt 0.567666 0.057156
vt 0.383956 0.271404
vt 0.377360 0.289935
vt 0.588934 0.710898
vt 0.604094 0.723696
vt 0.436596 0.768440
vt 0.939962 0.182123
vt 0.947203 0.183941
vt 0.423687 0.419150
vt 0.940566 0.185201
vt 0.823326 0.498732
vt 0.833312 0.496888
vt 0.561408 0.878586
vt 0.485887 0.780822
vt 0.479879 0.783164
vt 0.482036 0.778741
vt 0.737145 0.462256
vt 0.743329 0.469615
vt 0.416922 0.752603
vt 0.549924 0.395194
vt 0.396208 0.377786
vt 0.411414 0.385520
vt 0.792983 0.144768
vt 0.622008 0.102014
vt 0.642371 0.101672
vt 0.630878 0.117318
vt 0.750815 0.443280
vt 0.759842 0.430406
vt 0.756003 0.450262
vt 0.534523 0.732617
vt 0.598880 0.081073
vt 0.545325 0.908931
vt 0.524435 0.866099
vt 0.528175 0.861943
vt 0.401240 0.826093
vt 0.407860 0.818726
vt 0.483695 0.696412
vt 0.484002 0.711674
vt 0.618945 0.539469
vt 0.407296 0.718489
vt 0.413489 0.725193
vt 0.798067 0.088649
vt 0.883026 0.165228
vt 0.934389 0.216399
vt 0.580970 0.823107
vt 0.846507 0.298931
vt 0.858307 0.296791
vt 0.570453 0.067006
vt 0.665024 0.369626
vt 0.665122 0.362076
vt 0.542734 0.372726
vt 0.563816 0.320386
vt 0.546620 0.318641
vt 0.473969 0.796178
vt 0.467324 0.790106
vt 0.725331 0.371010
vt 0.549584 0.947545
vt 0.550564 0.938344
vt 0.552348 0.948433
vt 0.501232 0.820102
vt 0.533825 0.659888
vt 0.813779 0.182742
vt 0.431851 0.692459
vt 0.420262 0.701617
vt 0.515094 0.825876
vt 0.449516 0.752115
vt 0.370571 0.695368
vt 0.895896 0.103973
vt 0.902032 0.118870
vt 0.888940 0.120501
vt 0.513800 0.245526
vt 0.696781 0.230049
vt 0.707735 0.226659
vt 0.557067 0.852438
vt 0.558461 0.834498
vt 0.830494 0.407905
vt 0.844917 0.413972
vt 0.410798 0.804442
vt 0.419466 0.784774
vt 0.819763 0.293470
vt 0.775733 0.403885
vt 0.836576 0.405120
vt 0.827563 0.394827
vt 0.589652 0.184520
vt 0.484361 0.937111
vt 0.262171 0.146474
vt 0.270851 0.148327
vt 0.490442 0.369920
vt 0.485439 0.359895
vt 0.502502 0.360983
vt 0.722392 0.160169
vt 0.735328 0.150960
vt 0.736704 0.391794
vt 0.876315 0.150724
vt 0.513067 0.892632
vt 0.517379 0.883088
vt 0.604031 0.165958
vt 0.797570 0.112869
vt 0.872522 0.098806
vt 0.472366 0.066085
vt 0.868134 0.297806
vt 0.880621 0.297392
vt 0.344341 0.720379
vt 0.845497 0.426628
vt 0.847572 0.317783
vt 0.856148 0.309370
vt 0.858501 0.321922
vt 0.763878 0.219532
vt 0.754186 0.218253
vt 0.446360 0.723432
vt 0.449845 0.728096
vt 0.385023 0.719401
vt 0.648546 0.346925
vt 0.858980 0.154033
vt 0.446940 0.146389
vt 0.921244 0.130867
vt 0.920966 0.143507
vt 0.498457 0.783470
vt 0.793472 0.298746
vt 0.540415 0.717433
vt 0.524280 0.284374
vt 0.520622 0.294952
vt 0.500642 0.208609
vt 0.457262 0.720392
vt 0.458582 0.728160
vt 0.748436 0.136347
vt 0.608177 0.595122
vt 0.935594 0.123430
vt 0.940405 0.132244
vt 0.391418 0.379315
vt 0.936612 0.135142
vt 0.488822 0.294280
vt 0.515579 0.749703
vt 0.464604 0.186560
vt 0.458842 0.194258
vt 0.184559 0.205692
vt 0.462823 0.179701
vt 0.495476 0.216951
vt 0.159323 0.166780
vt 0.177228 0.176248
vt 0.481892 0.209852
vt 0.166253 0.181594
vt 0.624334 0.629279
vt 0.847243 0.184327
vt 0.849620 0.192639
vt 0.632891 0.849888
vt 0.612840 0.845344
vt 0.946114 0.189271
vt 0.425366 0.423302
vt 0.528746 0.693247
vt 0.540061 0.697481
vt 0.926803 0.260397
vt 0.917964 0.270510
vt 0.448085 0.049642
vt 0.639814 0.198270
vt 0.296405 0.061710
vt 0.653002 0.200384
vt 0.287989 0.065980
vt 0.656593 0.209582
vt 0.872400 0.114313
vt 0.387488 0.781699
vt 0.663797 0.675025
vt 0.688826 0.340568
vt 0.531757 0.815685
vt 0.539743 0.821066
vt 0.866545 0.367851
vt 0.865251 0.361746
vt 0.479449 0.746928
vt 0.795086 0.494280
vt 0.801347 0.494226
vt 0.917553 0.092167
vt 0.911723 0.102517
vt 0.522346 0.441526
vt 0.538058 0.440954
vt 0.847778 0.438379
vt 0.390441 0.756311
vt 0.389053 0.742516
vt 0.401397 0.748887
vt 0.550488 0.894675
vt 0.590294 0.094798
vt 0.538134 0.898148
vt 0.511178 0.399846
vt 0.652926 0.511292
vt 0.649106 0.272702
vt 0.442990 0.782651
vt 0.493760 0.863605
vt 0.505312 0.865703
vt 0.492650 0.870252
vt 0.559242 0.278330
vt 0.556022 0.293524
vt 0.546892 0.291330
vt 0.623061 0.440560
vt 0.354794 0.694227
vt 0.896266 0.131811
vt 0.902650 0.133067
vt 0.184679 0.186809
vt 0.190822 0.196626
vt 0.777542 0.108331
vt 0.647977 0.719430
vt 0.650146 0.745081
vt 0.858950 0.375401
vt 0.852425 0.387901
vt 0.760004 0.162112
vt 0.770186 0.169933
vt 0.759197 0.176132
vt 0.572940 0.836506
vt 0.573122 0.847959
vt 0.252921 0.157024
vt 0.524839 0.970669
vt 0.888470 0.281863
vt 0.811037 0.317447
vt 0.809483 0.310930
vt 0.634909 0.599078
vt 0.863488 0.474011
vt 0.637757 0.591287
vt 0.636559 0.605973
vt 0.531036 0.880491
vt 0.534886 0.866139
vt 0.559587 0.559575
vt 0.773614 0.389962
vt 0.886659 0.320120
vt 0.537669 0.354285
vt 0.522740 0.346673
vt 0.490568 0.181526
vt 0.488092 0.685695
vt 0.540578 0.762992
vt 0.532709 0.762881
vt 0.216834 0.127442
vt 0.564782 0.935773
vt 0.572084 0.938742
vt 0.592554 0.917393
vt 0.377615 0.778387
vt 0.476535 0.685648
vt 0.448332 0.847450
vt 0.653593 0.402156
vt 0.445384 0.836443
vt 0.537891 0.229976
vt 0.152298 0.117864
vt 0.521712 0.226900
vt 0.152942 0.135066
vt 0.523426 0.215069
vt 0.608780 0.467147
vt 0.611840 0.461359
vt 0.610726 0.467288
vt 0.787486 0.338201
vt 0.799295 0.339673
vt 0.592996 0.879484
vt 0.405806 0.636808
vt 0.404515 0.619792
vt 0.414961 0.632449
vt 0.912604 0.444356
vt 0.871420 0.328560
vt 0.685519 0.223496
vt 0.801256 0.528277
vt 0.791456 0.502981
vt 0.559278 0.892303
vt 0.570498 0.902966
vt 0.238371 0.126092
vt 0.509601 0.424596
vt 0.247230 0.117268
vt 0.252564 0.127633
vt 0.520365 0.779299
vt 0.811365 0.425009
vt 0.805052 0.417709
vt 0.195242 0.184315
vt 0.497312 0.954507
vt 0.595650 0.206794
vt 0.666281 0.349197
vt 0.559405 0.940571
vt 0.846350 0.066592
vt 0.379075 0.834812
vt 0.368067 0.814472
vt 0.728216 0.210616
vt 0.722231 0.216650
vt 0.551251 0.376627
vt 0.748601 0.328079
vt 0.508014 0.834745
vt 0.380449 0.799759
vt 0.378037 0.779934
vt 0.583043 0.776243
vt 0.788309 0.266996
vt 0.792037 0.260949
vt 0.794204 0.272661
vt 0.741495 0.290731
vt 0.490936 0.166508
vt 0.546787 0.301213
vt 0.856155 0.139789
vt 0.868911 0.136084
vt 0.928193 0.154145
vt 0.542586 0.814308
vt 0.639530 0.405252
vt 0.631699 0.403137
vt 0.921833 0.248554
vt 0.329092 0.463527
vt 0.335504 0.355861
vt 0.597296 0.371150
vt 0.335540 0.476362
vt 0.286374 0.231107
vt 0.672338 0.470552
vt 0.596883 0.356136
vt 0.538003 0.457483
vt 0.935182 0.229513
vt 0.937442 0.231432
vt 0.647822 0.212983
vt 0.647850 0.227526
vt 0.839203 0.294392
vt 0.851039 0.290315
vt 0.511271 0.175243
vt 0.854002 0.326952
vt 0.677605 0.263683
vt 0.732485 0.429926
vt 0.469514 0.166962
vt 0.461793 0.149659
vt 0.576897 0.879074
vt 0.654273 0.423418
vt 0.430041 0.830154
vt 0.734113 0.387179
vt 0.466051 0.823753
vt 0.656030 0.369995
vt 0.672192 0.787529
vt 0.569070 0.403781
vt 0.367505 0.318758
vt 0.910881 0.187151
vt 0.923718 0.186338
vt 0.553769 0.080533
vt 0.416726 0.274690
vt 0.912894 0.113636
vt 0.608422 0.975047
vt 0.806920 0.413931
vt 0.458716 0.389878
vt 0.467812 0.377898
vt 0.792418 0.383413
vt 0.530428 0.383821
vt 0.267214 0.216837
vt 0.264439 0.232239
vt 0.438909 0.123681
vt 0.256839 0.221293
vt 0.906087 0.056603
vt 0.917532 0.056688
vt 0.532859 0.150993
vt 0.816969 0.289072
vt 0.912165 0.255421
vt 0.449212 0.924046
vt 0.542065 0.877421
vt 0.865721 0.146681
vt 0.874990 0.139275
vt 0.525601 0.792237
vt 0.530614 0.793647
vt 0.832993 0.259274
vt 0.411315 0.640358
vt 0.428696 0.626236
vt 0.437751 0.665839
vt 0.857315 0.468185
vt 0.841679 0.467945
vt 0.849114 0.453483
vt 0.616853 0.469659
vt 0.557958 0.146532
vt 0.938927 0.353370
vt 0.933367 0.354293
vt 0.387488 0.829236
vt 0.448908 0.122129
vt 0.842568 0.210451
vt 0.853596 0.223282
vt 0.584364 0.631701
vt 0.573597 0.629819
vt 0.409178 0.740203
vt 0.635642 0.325511
vt 0.625850 0.320782
vt 0.420337 0.391501
vt 0.833815 0.241800
vt 0.844987 0.247407
vt 0.826326 0.230742
vt 0.614197 0.362132
vt 0.567111 0.425834
vt 0.671897 0.770830
vt 0.571345 0.415693
vt 0.935330 0.187490
vt 0.938793 0.226114
vt 0.929265 0.225406
vt 0.524734 0.465623
vt 0.538315 0.472643
vt 0.817429 0.185255
vt 0.826710 0.180341
vt 0.622735 0.875520
vt 0.466247 0.346510
vt 0.476297 0.358111
vt 0.561273 0.604768
vt 0.477130 0.079539
vt 0.396626 0.355471
vt 0.652801 0.224448
vt 0.612368 0.557382
vt 0.860899 0.260738
vt 0.870991 0.273309
vt 0.856764 0.273237
vt 0.482839 0.712701
vt 0.870220 0.063775
vt 0.468914 0.077673
vt 0.480135 0.071437
vt 0.403446 0.359438
vt 0.922760 0.170760
vt 0.915681 0.168267
vt 0.491640 0.806077
vt 0.494096 0.817629
vt 0.873088 0.221867
vt 0.817856 0.334677
vt 0.631964 0.892189
vt 0.765525 0.259580
vt 0.389324 0.281882
vt 0.464146 0.092468
vt 0.385774 0.342140
vt 0.428802 0.754626
vt 0.548064 0.125540
vt 0.552698 0.116875
vt 0.268094 0.100319
vt 0.538324 0.106164
vt 0.273448 0.118608
vt 0.799822 0.379377
vt 0.484360 0.712652
vt 0.488637 0.723767
vt 0.478541 0.720301
vt 0.629367 0.247039
vt 0.656718 0.085407
vt 0.657450 0.243229
vt 0.783233 0.159307
vt 0.795909 0.157538
vt 0.785724 0.165704
vt 0.557415 0.383719
vt 0.775006 0.146944
vt 0.561783 0.368512
vt 0.720423 0.389181
vt 0.583873 0.135731
vt 0.505313 0.897864
vt 0.402968 0.691251
vt 0.408048 0.705800
vt 0.909000 0.175181
vt 0.408933 0.377445
vt 0.741965 0.175741
vt 0.389010 0.294541
vt 0.563522 0.075315
vt 0.863767 0.229965
vt 0.515973 0.760129
vt 0.513096 0.760502
vt 0.470763 0.745457
vt 0.764614 0.441776
vt 0.397482 0.737934
vt 0.475187 0.371118
vt 0.850825 0.078236
vt 0.306152 0.216892
vt 0.663786 0.390801
vt 0.318048 0.237092
vt 0.590575 0.322099
vt 0.429511 0.905550
vt 0.419421 0.892876
vt 0.457961 0.784543
vt 0.460087 0.778634
vt 0.472808 0.815850
vt 0.467758 0.808020
vt 0.656119 0.347983
vt 0.434915 0.081113
vt 0.405027 0.319174
vt 0.437438 0.065857
vt 0.439358 0.075824
vt 0.536513 0.770367
vt 0.506164 0.306540
vt 0.840331 0.360522
vt 0.464194 0.782405
vt 0.733298 0.198101
vt 0.913440 0.284638
vt 0.862513 0.408919
vt 0.851404 0.404870
vt 0.561624 0.480991
vt 0.573902 0.934775
vt 0.500446 0.342644
vt 0.611697 0.254171
vt 0.542305 0.944000
vt 0.620428 0.259953
vt 0.602140 0.215806
vt 0.611406 0.206015
vt 0.452845 0.906494
vt 0.904832 0.409094
vt 0.487302 0.198626
vt 0.197189 0.178908
vt 0.513945 0.197801
vt 0.471707 0.766810
vt 0.472386 0.769456
vt 0.471121 0.800424
vt 0.468214 0.801354
vt 0.660805 0.338180
vt 0.626273 0.328352
vt 0.620135 0.330242
vt 0.273282 0.165557
vt 0.267930 0.174860
vt 0.265644 0.165147
vt 0.631569 0.752001
vt 0.392531 0.306373
vt 0.411409 0.869491
vt 0.423554 0.858109
vt 0.470939 0.367154
vt 0.900423 0.084529
vt 0.838997 0.367909
vt 0.833964 0.371315
vt 0.878286 0.278715
vt 0.854332 0.212124
vt 0.777415 0.283790
vt 0.782407 0.261953
vt 0.828263 0.308824
vt 0.830197 0.298342
vt 0.775229 0.213812
vt 0.777053 0.229390
vt 0.639533 0.453703
vt 0.865320 0.322898
vt 0.924318 0.394480
vt 0.901765 0.196348
vt 0.911038 0.193369
vt 0.606334 0.419943
vt 0.599256 0.432409
vt 0.315481 0.189047
vt 0.554378 0.931249
vt 0.614612 0.063629
vt 0.548617 0.927724
vt 0.620035 0.271977
vt 0.507760 0.796431
vt 0.505212 0.792491
vt 0.509386 0.796445
vt 0.848919 0.331933
vt 0.851947 0.333966
vt 0.461190 0.898913
vt 0.663560 0.353953
vt 0.327714 0.427951
vt 0.661961 0.218587
vt 0.662189 0.091158
vt 0.663680 0.238696
vt 0.708466 0.416090
vt 0.889140 0.307995
vt 0.931879 0.366142
vt 0.513974 0.770569
vt 0.589369 0.109190
vt 0.528076 0.896193
vt 0.604971 0.119622
vt 0.598541 0.833830
vt 0.616974 0.838524
vt 0.531099 0.890518
vt 0.520292 0.891050
vt 0.782548 0.169422
vt 0.392472 0.781666
vt 0.402412 0.793348
vt 0.764520 0.402558
vt 0.550182 0.953340
vt 0.530943 0.756283
vt 0.529378 0.761001
vt 0.806677 0.106570
vt 0.742349 0.332200
vt 0.600602 0.315434
vt 0.446704 0.768600
vt 0.474796 0.802561
vt 0.894241 0.366784
vt 0.220050 0.199670
vt 0.239412 0.201620
vt 0.227989 0.205748
vt 0.494447 0.288542
vt 0.819402 0.360286
vt 0.823642 0.370464
vt 0.461022 0.680021
vt 0.471235 0.667060
vt 0.843010 0.489597
vt 0.628386 0.549308
vt 0.843448 0.502070
vt 0.497281 0.767801
vt 0.622173 0.148568
vt 0.625107 0.138141
vt 0.895287 0.309863
vt 0.803180 0.252798
vt 0.798880 0.264353
vt 0.569877 0.261670
vt 0.896680 0.269589
vt 0.545076 0.799998
vt 0.548375 0.810879
vt 0.600313 0.303080
vt 0.588800 0.955266
vt 0.593541 0.966853
vt 0.563362 0.070395
vt 0.716713 0.314579
vt 0.731480 0.321532
vt 0.544280 0.334764
vt 0.463190 0.083475
vt 0.520170 0.773745
vt 0.516854 0.776173
vt 0.168386 0.109591
vt 0.436411 0.438771
vt 0.432703 0.423304
vt 0.425784 0.844871
vt 0.432299 0.853644
vt 0.861208 0.193051
vt 0.584093 0.867544
vt 0.587007 0.855919
vt 0.651873 0.482495
vt 0.660805 0.487078
vt 0.426087 0.787197
vt 0.526214 0.671316
vt 0.813282 0.267266
vt 0.886518 0.221766
vt 0.649298 0.952436
vt 0.429959 0.070616
vt 0.415414 0.317714
vt 0.524139 0.749733
vt 0.249994 0.202502
vt 0.242262 0.208755
vt 0.578006 0.979790
vt 0.759146 0.363123
vt 0.483708 0.645073
vt 0.498583 0.641510
vt 0.491568 0.652194
vt 0.878698 0.332417
vt 0.829975 0.191920
vt 0.862804 0.318179
vt 0.870983 0.320298
vt 0.901328 0.181219
vt 0.495404 0.093567
vt 0.285504 0.164380
vt 0.608159 0.947247
vt 0.598966 0.939998
vt 0.655630 0.920045
vt 0.604687 0.550299
vt 0.637235 0.372266
vt 0.199368 0.157322
vt 0.193815 0.157543
vt 0.518626 0.433501
vt 0.465112 0.099108
vt 0.285645 0.197957
vt 0.270637 0.194382
vt 0.478128 0.157038
vt 0.468076 0.151048
vt 0.226727 0.221271
vt 0.693618 0.285230
vt 0.705074 0.277435
vt 0.712147 0.284631
vt 0.637163 0.134369
vt 0.638039 0.127632
vt 0.656749 0.098890
vt 0.667212 0.103073
vt 0.663560 0.371561
vt 0.330443 0.445346
vt 0.291386 0.091280
vt 0.659578 0.111709
vt 0.299236 0.097744
vt 0.478737 0.373346
vt 0.445370 0.609560
vt 0.576232 0.289060
vt 0.668817 0.947679
vt 0.664897 0.938832
vt 0.498416 0.391470
vt 0.857421 0.347822
vt 0.505807 0.959595
vt 0.525221 0.172817
vt 0.920550 0.309071
vt 0.502410 0.226305
vt 0.161032 0.154120
vt 0.644713 0.489064
vt 0.630459 0.414240
vt 0.464875 0.668381
vt 0.444022 0.740874
vt 0.514037 0.326002
vt 0.527089 0.888592
vt 0.641837 0.818171
vt 0.621758 0.972383
vt 0.620432 0.997379
vt 0.557139 0.069319
vt 0.402814 0.277679
vt 0.598330 0.421142
vt 0.305177 0.190071
vt 0.505195 0.707847
vt 0.514642 0.711604
vt 0.537112 0.309802
vt 0.881245 0.309785
vt 0.585083 0.946430
vt 0.258055 0.134950
vt 0.545644 0.795244
vt 0.539784 0.788855
vt 0.468433 0.835687
vt 0.885427 0.289760
vt 0.887792 0.298911
vt 0.628136 0.190500
vt 0.746477 0.189482
vt 0.753885 0.176702
vt 0.188412 0.165436
vt 0.194241 0.174924
vt 0.567828 0.370879
vt 0.672487 0.835013
vt 0.672465 0.820079
vt 0.567942 0.381021
vt 0.478799 0.690363
vt 0.478610 0.695416
vt 0.472475 0.697916
vt 0.245831 0.164532
vt 0.651744 0.390310
vt 0.454429 0.835204
vt 0.703494 0.265225
vt 0.929809 0.101040
vt 0.477686 0.054725
vt 0.418326 0.359496
vt 0.766146 0.457206
vt 0.722254 0.281973
vt 0.565223 0.287450
vt 0.577547 0.277286
vt 0.667780 0.962629
vt 0.529677 0.418751
vt 0.795939 0.347963
vt 0.556403 0.804211
vt 0.869437 0.380637
vt 0.475976 0.891709
vt 0.487200 0.877302
vt 0.503488 0.805711
vt 0.895433 0.145410
vt 0.583818 0.642038
vt 0.486270 0.906197
vt 0.841397 0.345726
vt 0.832661 0.345447
vt 0.837566 0.333890
vt 0.623435 0.498307
vt 0.619261 0.283533
vt 0.847963 0.116827
vt 0.746589 0.356601
vt 0.730277 0.412269
vt 0.555324 0.333280
vt 0.455802 0.153448
vt 0.881209 0.368529
vt 0.477414 0.733238
vt 0.821125 0.198594
vt 0.756726 0.316851
vt 0.497549 0.827940
vt 0.436194 0.703901
vt 0.922961 0.076268
vt 0.555905 0.724727
vt 0.565145 0.731357
vt 0.491879 0.777365
vt 0.571545 0.953402
vt 0.814672 0.333400
vt 0.820072 0.322885
vt 0.396490 0.763814
vt 0.586491 0.691394
vt 0.566933 0.696170
vt 0.219960 0.176119
vt 0.218274 0.169458
vt 0.470664 0.402637
vt 0.362531 0.791298
vt 0.823208 0.347511
vt 0.181232 0.161861
vt 0.934641 0.171768
vt 0.620129 0.919165
vt 0.613488 0.911164
vt 0.811799 0.343684
vt 0.781752 0.376356
vt 0.464756 0.041663
vt 0.430345 0.349791
vt 0.608964 0.927844
vt 0.483530 0.838654
vt 0.475637 0.111007
vt 0.595606 0.785132
vt 0.445499 0.066100
vt 0.928285 0.376557
vt 0.936947 0.371117
vt 0.618224 0.176190
vt 0.938320 0.111197
vt 0.371755 0.371594
vt 0.413786 0.299839
vt 0.826106 0.401469
vt 0.494821 0.750555
vt 0.485969 0.754488
vt 0.858809 0.482457
vt 0.637352 0.579054
vt 0.854010 0.480782
vt 0.908791 0.350813
vt 0.527454 0.405025
vt 0.590006 0.686578
vt 0.202123 0.175120
vt 0.264302 0.159056
vt 0.859011 0.420893
vt 0.573664 0.307596
vt 0.669527 0.923196
vt 0.815444 0.472253
vt 0.742301 0.418119
vt 0.419560 0.826646
vt 0.371504 0.349374
vt 0.414606 0.765128
vt 0.902585 0.248025
vt 0.889293 0.260652
vt 0.476054 0.318654
vt 0.467857 0.321085
vt 0.779028 0.235000
vt 0.412582 0.774942
vt 0.806192 0.400143
vt 0.813023 0.405865
vt 0.743469 0.366048
vt 0.485450 0.805618
vt 0.938731 0.364772
vt 0.708357 0.411776
vt 0.703842 0.396993
vt 0.719709 0.397647
vt 0.789014 0.283666
vt 0.586376 0.166859
vt 0.484638 0.919739
vt 0.585010 0.162256
vt 0.486968 0.915712
vt 0.572992 0.660819
vt 0.534904 0.491318
vt 0.930901 0.385709
vt 0.571500 0.729126
vt 0.544045 0.624496
vt 0.524141 0.621956
vt 0.437433 0.752785
vt 0.661529 0.376794
vt 0.594759 0.336113
vt 0.598365 0.899043
vt 0.548244 0.990587
vt 0.487858 0.767721
vt 0.514833 0.417126
vt 0.426124 0.721612
vt 0.541553 0.498919
vt 0.330443 0.387563
vt 0.930353 0.396776
vt 0.509943 0.630158
vt 0.478327 0.796598
vt 0.529979 0.829852
vt 0.493109 0.885137
vt 0.507967 0.852247
vt 0.813328 0.357783
vt 0.573140 0.092380
vt 0.421598 0.248366
vt 0.435212 0.245824
vt 0.896661 0.288587
vt 0.893467 0.296688
vt 0.890048 0.136938
vt 0.668690 0.976796
vt 0.495994 0.759841
vt 0.351678 0.356558
vt 0.933142 0.077631
vt 0.454932 0.372783
vt 0.521969 0.152029
vt 0.534325 0.780231
vt 0.522117 0.975063
vt 0.837861 0.327604
vt 0.470882 0.704969
vt 0.910376 0.327150
vt 0.491540 0.699904
vt 0.614316 0.897416
vt 0.607391 0.892151
vt 0.587301 0.834639
vt 0.779053 0.364224
vt 0.476345 0.131302
vt 0.469857 0.139912
vt 0.777007 0.175328
vt 0.526408 0.331112
vt 0.941435 0.199187
vt 0.938484 0.188203
vt 0.236876 0.139333
vt 0.235018 0.158243
vt 0.901605 0.274885
vt 0.909945 0.274478
vt 0.824520 0.351883
vt 0.616050 0.935676
vt 0.466156 0.768661
vt 0.820803 0.136387
vt 0.803975 0.314908
vt 0.502436 0.883560
vt 0.500850 0.196098
vt 0.933781 0.249037
vt 0.169954 0.119646
vt 0.448257 0.667943
vt 0.635322 0.441162
vt 0.549314 0.842353
vt 0.423020 0.778202
vt 0.926474 0.058142
vt 0.832125 0.474855
vt 0.923500 0.199847
vt 0.826012 0.164394
vt 0.443436 0.671515
vt 0.213577 0.184134
vt 0.410966 0.668397
vt 0.363090 0.310940
vt 0.244823 0.216215
vt 0.659599 0.483518
vt 0.424394 0.789164
vt 0.456815 0.765910
vt 0.903800 0.267168
vt 0.848085 0.350213
vt 0.571285 0.467723
vt 0.915205 0.408559
vt 0.907599 0.398864
vt 0.210281 0.157468
vt 0.463061 0.703676
vt 0.469629 0.690508
vt 0.461373 0.785581
vt 0.776832 0.473257
vt 0.787426 0.467471
vt 0.502644 0.688623
vt 0.588026 0.157180
vt 0.585368 0.150177
vt 0.494381 0.906534
vt 0.814821 0.236249
vt 0.823159 0.095560
vt 0.761928 0.418475
vt 0.315099 0.089317
vt 0.646077 0.139831
vt 0.330749 0.356586
vt 0.325264 0.091340
vt 0.945400 0.203754
vt 0.427679 0.436069
vt 0.514349 0.840334
vt 0.382230 0.342827
vt 0.209565 0.195450
vt 0.736090 0.158272
vt 0.202643 0.190856
vt 0.204167 0.183331
vt 0.498469 0.740771
vt 0.452821 0.250393
vt 0.524030 0.732512
vt 0.547688 0.702269
vt 0.473552 0.721931
vt 0.625222 0.133350
vt 0.615238 0.122454
vt 0.791477 0.244633
vt 0.802100 0.237969
vt 0.448275 0.346711
vt 0.455200 0.341904
vt 0.486139 0.943694
vt 0.591043 0.191309
vt 0.819621 0.348556
vt 0.746680 0.339373
vt 0.787059 0.225756
vt 0.798712 0.224998
vt 0.781075 0.408312
vt 0.500754 0.280401
vt 0.805968 0.248031
vt 0.442569 0.313456
vt 0.730427 0.248523
vt 0.839608 0.302123
vt 0.518765 0.744566
vt 0.545879 0.970078
vt 0.551939 0.976246
vt 0.626732 0.241335
vt 0.473916 0.297778
vt 0.465251 0.917401
vt 0.397201 0.647619
vt 0.470880 0.713614
vt 0.451071 0.061458
vt 0.457430 0.068445
vt 0.620808 0.067368
vt 0.626010 0.268036
vt 0.621119 0.075304
vt 0.879905 0.321629
vt 0.531808 0.857657
vt 0.807210 0.395475
vt 0.919694 0.155054
vt 0.761107 0.379353
vt 0.753202 0.372464
vt 0.769066 0.376292
vt 0.315776 0.057685
vt 0.645594 0.179970
vt 0.728472 0.407075
vt 0.622313 0.165414
vt 0.631458 0.149205
vt 0.570512 0.331201
vt 0.669277 0.890631
vt 0.597801 0.448556
vt 0.327988 0.198101
vt 0.335540 0.413835
vt 0.565645 0.297782
vt 0.894202 0.416592
vt 0.639207 0.185117
vt 0.749922 0.450403
vt 0.518859 0.839857
vt 0.511624 0.828239
vt 0.637659 0.365685
vt 0.436543 0.746178
vt 0.786766 0.396170
vt 0.461290 0.690238
vt 0.778495 0.454505
vt 0.814216 0.417842
vt 0.595700 0.457955
vt 0.331167 0.405482
vt 0.623044 0.594356
vt 0.335540 0.446071
vt 0.597625 0.391520
vt 0.661529 0.442255
vt 0.335504 0.337253
vt 0.201134 0.126127
vt 0.550122 0.219569
vt 0.938115 0.249888
vt 0.527772 0.475764
vt 0.747078 0.255078
vt 0.358558 0.717128
vt 0.602480 0.746762
vt 0.441181 0.850300
vt 0.564980 0.801823
vt 0.448271 0.704263
vt 0.468781 0.341165
vt 0.252812 0.227577
vt 0.322328 0.219829
vt 0.541890 0.253212
vt 0.873813 0.312118
vt 0.499151 0.715515
vt 0.550288 0.866000
vt 0.834821 0.265853
vt 0.213750 0.219476
vt 0.925740 0.369747
vt 0.670780 0.099065
vt 0.661529 0.367287
vt 0.670780 0.230261
vt 0.450665 0.162570
vt 0.503529 0.630430
vt 0.796195 0.353777
vt 0.457500 0.266785
vt 0.901115 0.210574
vt 0.738700 0.445639
vt 0.829080 0.199209
vt 0.449380 0.293416
vt 0.289517 0.070410
vt 0.432910 0.368281
vt 0.824533 0.122662
vt 0.495632 0.327761
vt 0.550422 0.736638
vt 0.481386 0.112786
vt 0.199573 0.176110
vt 0.629850 0.132722
vt 0.559363 0.752363
vt 0.545079 0.752333
vt 0.908207 0.154871
vt 0.429651 0.380558
vt 0.553426 0.862674
vt 0.581553 0.702553
vt 0.878874 0.177612
vt 0.794749 0.470586
vt 0.470130 0.269278
vt 0.235257 0.122962
vt 0.256944 0.135952
vt 0.555832 0.769882
vt 0.879236 0.130679
vt 0.522650 0.869756
vt 0.560743 0.259189
vt 0.628507 0.125249
vt 0.613974 0.391093
vt 0.574844 0.296599
vt 0.668910 0.937794
vt 0.908429 0.263015
vt 0.258926 0.174989
vt 0.563516 0.486231
vt 0.633947 0.681869
vt 0.619248 0.111609
vt 0.846075 0.332081
vt 0.487987 0.705029
vt 0.535213 0.806114
vt 0.258203 0.200979
vt 0.528043 0.842696
vt 0.530746 0.139587
vt 0.512941 0.805483
vt 0.441835 0.715391
vt 0.485676 0.203760
vt 0.487802 0.389556
vt 0.788134 0.305403
vt 0.559687 0.635372
vt 0.514760 0.809160
vt 0.518351 0.820292
vt 0.434636 0.162924
vt 0.219743 0.229720
vt 0.472655 0.341962
vt 0.554709 0.951305
vt 0.468914 0.780919
vt 0.600980 0.958841
vt 0.924524 0.421651
vt 0.471009 0.772365
vt 0.473598 0.777428
vt 0.560910 0.887062
vt 0.664510 0.384969
vt 0.849954 0.490704
vt 0.570167 0.746776
vt 0.570489 0.827777
vt 0.498286 0.745858
vt 0.484902 0.667894
vt 0.813867 0.283049
vt 0.764026 0.132809
vt 0.763552 0.153044
vt 0.759400 0.252836
vt 0.524361 0.276396
vt 0.649218 0.322335
vt 0.601224 0.770533
vt 0.609348 0.237501
vt 0.545979 0.140898
vt 0.393512 0.791716
vt 0.519257 0.709158
vt 0.895366 0.076815
vt 0.887729 0.084863
vt 0.750990 0.345439
vt 0.645810 0.376047
vt 0.616497 0.410874
vt 0.599539 0.198128
vt 0.654822 0.439806
vt 0.420280 0.820892
vt 0.644560 0.437456
vt 0.487175 0.773688
vt 0.188298 0.153311
vt 0.482068 0.120190
vt 0.628560 0.956811
vt 0.829847 0.154562
vt 0.821990 0.226995
vt 0.834407 0.330177
vt 0.575725 0.793732
vt 0.777165 0.341246
vt 0.625805 0.806683
vt 0.564519 0.906654
vt 0.193214 0.163024
vt 0.428666 0.766510
vt 0.814652 0.398597
vt 0.764111 0.224063
vt 0.573421 0.491684
vt 0.922459 0.446233
vt 0.725247 0.444213
vt 0.914764 0.192085
vt 0.478264 0.717872
vt 0.474997 0.805690
vt 0.507669 0.740700
vt 0.611832 0.370947
vt 0.782359 0.445600
vt 0.245787 0.226053
vt 0.560645 0.760860
vt 0.495829 0.798184
vt 0.500538 0.794947
vt 0.561694 0.831375
vt 0.374710 0.766899
vt 0.506336 0.820035
vt 0.850953 0.279495
vt 0.483761 0.634123
vt 0.797786 0.360697
vt 0.633808 0.779941
vt 0.399777 0.662105
vt 0.587608 0.976437
vt 0.823624 0.386657
vt 0.735340 0.183052
vt 0.775765 0.438756
vt 0.490440 0.335819
vt 0.512732 0.722629
vt 0.777398 0.394598
vt 0.851471 0.392021
vt 0.680598 0.284763
vt 0.896121 0.153603
vt 0.554369 0.143037
vt 0.556581 0.084333
vt 0.655900 0.682748
vt 0.713082 0.334907
vt 0.688365 0.214323
vt 0.787557 0.417784
vt 0.226472 0.130312
vt 0.400285 0.291573
vt 0.753379 0.394526
vt 0.463826 0.050985
vt 0.587968 0.923749
vt 0.442408 0.764128
vt 0.792645 0.197956
vt 0.494202 0.318842
vt 0.859743 0.109293
vt 0.690108 0.205391
vt 0.520979 0.724178
vt 0.837789 0.275954
vt 0.847379 0.325494
vt 0.783573 0.390504
vt 0.444484 0.258294
vt 0.657597 0.319303
vt 0.464230 0.790797
vt 0.493714 0.120717
vt 0.558004 0.758849
vt 0.925578 0.067142
vt 0.530230 0.883521
vt 0.709380 0.264484
vt 0.490425 0.757746
vt 0.548088 0.504543
vt 0.667415 0.366408
vt 0.221577 0.984651
vt 0.559365 0.527090
vt 0.278131 0.987302
vt 0.616176 0.524404
vt 0.276720 0.990849
vt 0.614758 0.520842
vt 0.112807 0.566545
vt 0.456721 0.946677
vt 0.084658 0.590356
vt 0.427059 0.925401
vt 0.572653 0.061959
vt 0.549476 0.084936
vt 0.170144 0.975983
vt 0.507658 0.535853
vt 0.166124 0.533484
vt 0.509360 0.975952
vt 0.152746 0.507378
vt 0.486934 0.232170
vt 0.583149 0.254726
vt 0.673714 0.991186
vt 0.335540 0.516510
vt 0.248484 0.483617
vt 0.000362 0.424681
vt 0.931556 0.034560
vt 0.938060 0.998455
vt 0.336264 0.316984
vt 0.002641 0.744624
vt 0.338469 0.770204
vt 0.753537 0.905799
vt 0.753085 0.127353
vt 0.027029 0.872259
vt 0.363497 0.640629
vt 0.028651 0.874825
vt 0.365135 0.638033
vt 0.173946 0.977120
vt 0.511481 0.534703
vt 0.869248 0.991453
vt 0.864792 0.042090
vt 0.001446 0.425824
vt 0.337325 0.315830
vt 0.187099 0.979919
vt 0.524704 0.531874
vt 0.838604 0.980129
vt 0.835142 0.053717
vt 0.574471 0.066250
vt 0.552009 0.080858
vt 0.541033 0.239756
vt 0.206674 0.499063
vt 0.691326 0.672985
vt 0.689248 0.355574
vt 0.693130 0.658904
vt 0.690612 0.369457
vt 0.574819 0.084516
vt 0.552919 0.061155
vt 0.889065 0.996639
vt 0.884000 0.036693
vt 0.690296 0.681622
vt 0.688487 0.347061
vt 0.719313 0.593574
vt 0.713962 0.434550
vt 0.781744 0.537990
vt 0.772767 0.492316
vt 0.086957 0.588171
vt 0.429512 0.927431
vt 0.728078 0.581386
vt 0.722051 0.446918
vt 0.739564 0.569293
vt 0.732799 0.459350
vt 0.002087 0.798431
vt 0.338139 0.715410
vt 0.005505 0.817114
vt 0.341657 0.696452
vt 0.003331 0.805786
vt 0.339423 0.707944
vt 0.759470 0.911414
vt 0.758854 0.121845
vt 0.070658 0.924312
vt 0.407516 0.588016
vt 0.676065 0.735693
vt 0.675707 0.293735
vt 0.674879 0.744726
vt 0.674702 0.284850
vt 0.068460 0.922244
vt 0.405301 0.590106
vt 0.117931 0.503598
vt 0.452192 0.236466
vt 0.722601 0.588623
vt 0.716985 0.439558
vt 0.750375 0.559021
vt 0.742959 0.469985
vt 0.621172 0.998497
vt 0.281502 0.509171
vt 0.067259 0.611090
vt 0.408056 0.905538
vt 0.011739 0.711090
vt 0.347685 0.804587
vt 0.847937 0.984076
vt 0.844167 0.049689
vt 0.204369 0.515827
vt 0.546404 0.992473
vt 0.904191 0.999037
vt 0.898679 0.034122
vt 0.674616 0.761875
vt 0.674722 0.268023
vt 0.114809 0.502926
vt 0.449066 0.237108
vt 0.574902 0.090868
vt 0.084345 0.492846
vt 0.418903 0.248381
vt 0.553044 0.054869
vt 0.677870 0.724036
vt 0.677267 0.305202
vt 0.066927 0.920810
vt 0.403756 0.591555
vt 0.044031 0.896195
vt 0.380670 0.616427
vt 0.126105 0.960041
vt 0.463349 0.551942
vt 0.810593 0.525223
vt 0.800481 0.506534
vt 0.513689 0.233970
vt 0.179455 0.505204
vt 0.051487 0.904586
vt 0.388191 0.607945
vt 0.045887 0.898308
vt 0.382543 0.614290
vt 0.815644 0.523608
vt 0.805368 0.508426
vt 0.717634 0.876222
vt 0.717961 0.156271
vt 0.905580 0.999171
vt 0.900024 0.033975
vt 0.675926 0.777552
vt 0.676238 0.252660
vt 0.762190 0.915348
vt 0.761479 0.117985
vt 0.691822 0.834198
vt 0.692450 0.197281
vt 0.147481 0.544045
vt 0.491217 0.966247
vt 0.127421 0.960653
vt 0.464673 0.551323
vt 0.689614 0.688178
vt 0.687998 0.340610
vt 0.688723 0.826821
vt 0.689350 0.204482
vt 0.013519 0.705940
vt 0.349529 0.809865
vt 0.698701 0.848492
vt 0.699296 0.183333
vt 0.556859 0.244635
vt 0.222397 0.493996
vt 0.679524 0.717134
vt 0.678757 0.312004
vt 0.667753 0.356353
vt 0.665741 0.418251
vt 0.668119 0.364814
vt 0.668069 0.357697
vt 0.035652 0.659753
vt 0.373217 0.857198
vt 0.106873 0.500556
vt 0.441201 0.239671
vt 0.800854 0.956508
vt 0.798747 0.077401
vt 0.012517 0.708534
vt 0.348486 0.807210
vt 0.561713 0.246366
vt 0.227216 0.492210
vt 0.674624 0.749997
vt 0.674542 0.279674
vt 0.005675 0.731724
vt 0.341516 0.783409
vt 0.923076 0.999638
vt 0.917072 0.033359
vt 0.919070 0.033373
vt 0.925143 0.999620
vt 0.255410 0.508103
vt 0.595843 0.999638
vt 0.242189 0.509210
vt 0.583021 0.998630
vt 0.880994 0.994851
vt 0.876171 0.038571
vt 0.084765 0.935564
vt 0.421732 0.576653
vt 0.006144 0.729244
vt 0.341987 0.785945
vt 0.005141 0.734619
vt 0.340981 0.780446
vt 0.097904 0.498160
vt 0.432442 0.242685
vt 0.089729 0.495156
vt 0.424135 0.245246
vt 0.147327 0.507124
vt 0.481519 0.232503
vt 0.522573 0.235416
vt 0.188306 0.503639
vt 0.569903 0.057147
vt 0.546096 0.089253
vt 0.749882 0.903561
vt 0.749522 0.129556
vt 0.100538 0.576081
vt 0.443997 0.938368
vt 0.000803 0.761418
vt 0.336682 0.753061
vt 0.000515 0.773274
vt 0.336441 0.740984
vt 0.009934 0.833564
vt 0.346179 0.679791
vt 0.164056 0.534545
vt 0.507354 0.974964
vt 0.749506 0.559809
vt 0.742141 0.469164
vt 0.637516 0.996660
vt 0.298320 0.511001
vt 0.670104 0.991373
vt 0.331831 0.516330
vt 0.572142 0.061066
vt 0.548837 0.085714
vt 0.183817 0.524410
vt 0.526505 0.984427
vt 0.191889 0.520617
vt 0.534328 0.987980
vt 0.769808 0.926192
vt 0.768825 0.107346
vt 0.920583 0.033500
vt 0.926710 0.999485
vt 0.655407 0.993788
vt 0.316720 0.513895
vt 0.018328 0.694094
vt 0.354545 0.822041
vt 0.158596 0.537647
vt 0.502038 0.972099
vt 0.688739 0.690402
vt 0.687196 0.338413
vt 0.746089 0.901388
vt 0.745818 0.131685
vt 0.057849 0.911379
vt 0.394606 0.601082
vt 0.057553 0.911075
vt 0.394307 0.601388
vt 0.878598 0.994237
vt 0.873848 0.039209
vt 0.742915 0.565794
vt 0.735936 0.462949
vt 0.044735 0.644589
vt 0.383256 0.872458
vt 0.696045 0.643002
vt 0.692989 0.385152
vt 0.525387 0.235978
vt 0.191109 0.503040
vt 0.661241 0.992844
vt 0.322718 0.514846
vt 0.674751 0.765775
vt 0.674915 0.264199
vt 0.795599 0.952278
vt 0.793685 0.081598
vt 0.006752 0.726925
vt 0.342606 0.788319
vt 0.698248 0.635674
vt 0.694908 0.392411
vt 0.815481 0.967114
vt 0.812834 0.066833
vt 0.682914 0.705369
vt 0.681839 0.323610
vt 0.574827 0.076971
vt 0.552861 0.068646
vt 0.018733 0.443717
vt 0.354247 0.297749
vt 0.000362 0.768215
vt 0.336264 0.746134
vt 0.051159 0.634600
vt 0.390354 0.882389
vt 0.751543 0.558100
vt 0.744065 0.470947
vt 0.574830 0.082560
vt 0.552777 0.063082
vt 0.820319 0.970081
vt 0.817502 0.063850
vt 0.011047 0.837245
vt 0.347311 0.676062
vt 0.777676 0.935459
vt 0.776408 0.098226
vt 0.675283 0.771918
vt 0.675527 0.258180
vt 0.129292 0.961433
vt 0.466555 0.550535
vt 0.793252 0.950344
vt 0.791423 0.083515
vt 0.084200 0.493767
vt 0.418885 0.247450
vt 0.102916 0.574062
vt 0.446483 0.940170
vt 0.828955 0.975152
vt 0.825829 0.058748
vt 0.232906 0.985330
vt 0.570749 0.526402
vt 0.768453 0.545658
vt 0.760088 0.484048
vt 0.568036 0.053609
vt 0.044800 0.468955
vt 0.379798 0.272206
vt 0.543773 0.092468
vt 0.038110 0.462680
vt 0.373237 0.278562
vt 0.276337 0.987250
vt 0.614375 0.524457
vt 0.671058 0.991312
vt 0.332811 0.516390
vt 0.725265 0.884351
vt 0.725451 0.148334
vt 0.730651 0.889486
vt 0.730726 0.143319
vt 0.082303 0.592776
vt 0.424531 0.923137
vt 0.772795 0.930060
vt 0.771703 0.103543
vt 0.748680 0.902987
vt 0.748348 0.130118
vt 0.124932 0.557783
vt 0.468972 0.954179
vt 0.001452 0.793241
vt 0.337478 0.720681
vt 0.572905 0.062381
vt 0.549753 0.084513
vt 0.688008 0.824917
vt 0.688632 0.206342
vt 0.882130 0.995185
vt 0.877273 0.038228
vt 0.694521 0.648435
vt 0.691668 0.379775
vt 0.260595 0.986699
vt 0.598564 0.525017
vt 0.239038 0.985702
vt 0.576910 0.526025
vt 0.270052 0.987070
vt 0.608062 0.524640
vt 0.574902 0.075004
vt 0.553005 0.070594
vt 0.574864 0.073674
vt 0.667970 0.417895
vt 0.669578 0.356693
vt 0.670049 0.364801
vt 0.669904 0.357418
vt 0.553044 0.071912
vt 0.240093 0.509441
vt 0.580989 0.998416
vt 0.126805 0.505024
vt 0.461036 0.234907
vt 0.685564 0.818075
vt 0.686170 0.213023
vt 0.276182 0.992885
vt 0.614217 0.518797
vt 0.495582 0.232196
vt 0.161389 0.507228
vt 0.707086 0.861941
vt 0.707578 0.170206
vt 0.703299 0.855964
vt 0.703840 0.176041
vt 0.580605 0.253683
vt 0.245961 0.484687
vt 0.572761 0.250522
vt 0.238181 0.487931
vt 0.841634 0.981584
vt 0.838072 0.052242
vt 0.632340 0.997294
vt 0.292995 0.510368
vt 0.200703 0.517038
vt 0.542858 0.991338
vt 0.573375 0.063352
vt 0.550377 0.083595
vt 0.130060 0.554522
vt 0.474086 0.957002
vt 0.093749 0.941861
vt 0.430780 0.570293
vt 0.779965 0.937893
vt 0.778615 0.095825
vt 0.766855 0.922284
vt 0.765978 0.111184
vt 0.071045 0.605982
vt 0.412211 0.910511
vt 0.192514 0.980765
vt 0.530148 0.531016
vt 0.188488 0.980171
vt 0.526100 0.531618
vt 0.770459 0.544497
vt 0.762002 0.485299
vt 0.014314 0.846429
vt 0.350628 0.666762
vt 0.113540 0.953758
vt 0.450704 0.558287
vt 0.784298 0.942176
vt 0.782793 0.091595
vt 0.027268 0.675249
vt 0.364079 0.841369
vt 0.240972 0.509328
vt 0.581841 0.998521
vt 0.065995 0.612866
vt 0.406671 0.903802
vt 0.679171 0.796522
vt 0.679667 0.234092
vt 0.681003 0.802969
vt 0.681536 0.227789
vt 0.900971 0.998583
vt 0.895556 0.034612
vt 0.674439 0.754622
vt 0.674439 0.275135
vt 0.140264 0.506700
vt 0.474463 0.233030
vt 0.619196 0.998614
vt 0.279469 0.509059
vt 0.696743 0.844843
vt 0.697355 0.186894
vt 0.737602 0.895207
vt 0.737524 0.137731
vt 0.030542 0.877698
vt 0.367044 0.635126
vt 0.139119 0.965446
vt 0.476447 0.546480
vt 0.676588 0.782296
vt 0.676951 0.248013
vt 0.708532 0.611011
vt 0.704091 0.416964
vt 0.570433 0.249604
vt 0.235870 0.488875
vt 0.057543 0.624821
vt 0.397391 0.892058
vt 0.217570 0.984256
vt 0.555339 0.527490
vt 0.694063 0.651774
vt 0.691320 0.376483
vt 0.615879 0.998824
vt 0.276053 0.508856
vt 0.659534 0.993129
vt 0.320964 0.514559
vt 0.683669 0.812127
vt 0.684250 0.218835
vt 0.859969 0.988487
vt 0.855807 0.045156
vt 0.023888 0.867127
vt 0.360323 0.645824
vt 0.508366 0.233222
vt 0.174148 0.506024
vt 0.274370 0.999638
vt 0.832948 0.518137
vt 0.822081 0.514843
vt 0.612395 0.512017
vt 0.701373 0.626589
vt 0.697657 0.401423
vt 0.140329 0.548285
vt 0.484199 0.962449
vt 0.144182 0.546006
vt 0.487978 0.964486
vt 0.712228 0.869071
vt 0.712644 0.163248
vt 0.721286 0.590422
vt 0.715771 0.437731
vt 0.757343 0.908165
vt 0.756793 0.125026
vt 0.574107 0.065194
vt 0.551535 0.081917
vt 0.703971 0.620410
vt 0.699979 0.407573
vt 0.876341 0.993603
vt 0.871661 0.039862
vt 0.111958 0.952875
vt 0.449112 0.559178
vt 0.689756 0.687084
vt 0.688108 0.341688
vt 0.135753 0.506269
vt 0.469960 0.233527
vt 0.251183 0.986320
vt 0.589111 0.525400
vt 0.029376 0.875958
vt 0.365867 0.636887
vt 0.546109 0.241227
vt 0.211719 0.497531
vt 0.004383 0.428931
vt 0.340199 0.312692
vt 0.574867 0.089453
vt 0.552896 0.056270
vt 0.027209 0.452190
vt 0.362551 0.289181
vt 0.031612 0.456457
vt 0.366867 0.284861
vt 0.574896 0.087789
vt 0.552904 0.057919
vt 0.174536 0.529105
vt 0.517514 0.980030
vt 0.678595 0.793971
vt 0.679068 0.236588
vt 0.091909 0.940690
vt 0.428926 0.571476
vt 0.922209 0.033639
vt 0.928391 0.999351
vt 0.804416 0.959346
vt 0.802177 0.074585
vt 0.015399 0.849380
vt 0.351727 0.663772
vt 0.020376 0.689306
vt 0.356701 0.826957
vt 0.854129 0.986452
vt 0.850156 0.047252
vt 0.709307 0.609526
vt 0.704790 0.418455
vt 0.789595 0.947163
vt 0.787896 0.086664
vt 0.574871 0.067565
vt 0.665467 0.356061
vt 0.665768 0.357827
vt 0.663063 0.418164
vt 0.665810 0.365162
vt 0.552606 0.079561
vt 0.037374 0.656734
vt 0.375102 0.860248
vt 0.039167 0.653713
vt 0.377079 0.863290
vt 0.208746 0.514640
vt 0.550638 0.993584
vt 0.216669 0.512716
vt 0.558303 0.995384
vt 0.237898 0.509712
vt 0.578861 0.998167
vt 0.140183 0.318396
vt 0.145394 0.094279
vt 0.151473 0.779951
vt 0.297818 0.943166
vt 0.862778 0.546824
vt 0.666745 0.410042
vt 0.304315 0.887561
vt 0.304620 0.899454
vt 0.881348 0.573947
vt 0.905692 0.698180
vt 0.891742 0.702305
vt 0.897771 0.709254
vt 0.896307 0.695786
vt 0.129586 0.140243
vt 0.107202 0.146402
vt 0.113172 0.137562
vt 0.710848 0.860614
vt 0.257253 0.942703
vt 0.253315 0.925745
vt 0.246394 0.954860
vt 0.050106 0.373547
vt 0.949033 0.669865
vt 0.184408 0.268985
vt 0.033938 0.004322
vt 0.178003 0.276037
vt 0.026175 0.017660
vt 0.901948 0.799403
vt 0.898060 0.802128
vt 0.903801 0.800787
vt 0.922592 0.625627
vt 0.920698 0.627067
vt 0.385027 0.068071
vt 0.406816 0.067689
vt 0.304507 0.852583
vt 0.096205 0.423159
vt 0.100095 0.408042
vt 0.521602 0.041663
vt 0.146305 0.650571
vt 0.134684 0.662316
vt 0.884441 0.679597
vt 0.174328 0.766446
vt 0.109177 0.730849
vt 0.259202 0.278517
vt 0.303686 0.740871
vt 0.071250 0.343732
vt 0.945906 0.871669
vt 0.942679 0.861056
vt 0.169724 0.733154
vt 0.847955 0.873819
vt 0.850823 0.866610
vt 0.388786 0.140010
vt 0.394907 0.141238
vt 0.027438 0.370480
vt 0.941702 0.926392
vt 0.888321 0.972409
vt 0.874989 0.768872
vt 0.866372 0.780389
vt 0.179906 0.851930
vt 0.144413 0.891818
vt 0.132641 0.873365
vt 0.146587 0.859969
vt 0.873729 0.866402
vt 0.880249 0.869558
vt 0.396998 0.105954
vt 0.391983 0.115349
vt 0.396547 0.114881
vt 0.771255 0.738068
vt 0.781195 0.737319
vt 0.778909 0.728493
vt 0.082150 0.092012
vt 0.077758 0.089675
vt 0.077936 0.095217
vt 0.694081 0.729719
vt 0.142388 0.746127
vt 0.128796 0.405659
vt 0.140284 0.410834
vt 0.147028 0.443541
vt 0.211659 0.835086
vt 0.208048 0.826368
vt 0.806389 0.892710
vt 0.296895 0.347262
vt 0.298948 0.334579
vt 0.696133 0.683232
vt 0.704488 0.664924
vt 0.298894 0.316632
vt 0.281937 0.305288
vt 0.210155 0.668197
vt 0.114743 0.381903
vt 0.131369 0.385210
vt 0.087926 0.330035
vt 0.076308 0.335871
vt 0.945559 0.861825
vt 0.772599 0.554305
vt 0.760453 0.571781
vt 0.777504 0.562520
vt 0.139763 0.906442
vt 0.274206 0.643330
vt 0.825696 0.885836
vt 0.272344 0.382029
vt 0.268139 0.385567
vt 0.059995 0.109898
vt 0.214928 0.677331
vt 0.842090 0.654138
vt 0.843031 0.646440
vt 0.088585 0.420132
vt 0.530946 0.059953
vt 0.140479 0.469138
vt 0.169778 0.899464
vt 0.187850 0.922122
vt 0.157727 0.852290
vt 0.155146 0.835410
vt 0.058507 0.084600
vt 0.060013 0.090051
vt 0.224089 0.388824
vt 0.190248 0.734668
vt 0.186553 0.729422
vt 0.862563 0.859831
vt 0.862737 0.851898
vt 0.052567 0.093435
vt 0.044796 0.097216
vt 0.057002 0.097325
vt 0.140035 0.433390
vt 0.129251 0.430683
vt 0.291296 0.408641
vt 0.873218 0.694305
vt 0.867199 0.695207
vt 0.070842 0.088971
vt 0.070959 0.091779
vt 0.715563 0.809395
vt 0.179755 0.680333
vt 0.191400 0.768331
vt 0.200917 0.775614
vt 0.883414 0.824131
vt 0.880932 0.829719
vt 0.896150 0.834656
vt 0.296092 0.930615
vt 0.822888 0.656754
vt 0.936370 0.891701
vt 0.064038 0.351857
vt 0.944685 0.883010
vt 0.934757 0.885232
vt 0.129954 0.655044
vt 0.151429 0.732168
vt 0.184371 0.376609
vt 0.225750 0.734478
vt 0.215428 0.721056
vt 0.214627 0.736822
vt 0.912590 0.632927
vt 0.921772 0.630599
vt 0.375306 0.051105
vt 0.372101 0.046390
vt 0.180778 0.552310
vt 0.204756 0.630835
vt 0.207026 0.621482
vt 0.228287 0.696264
vt 0.218255 0.689687
vt 0.074184 0.062131
vt 0.057923 0.043599
vt 0.163108 0.667535
vt 0.367508 0.140893
vt 0.889443 0.802816
vt 0.898447 0.810781
vt 0.104101 0.737143
vt 0.106958 0.740774
vt 0.109792 0.737686
vt 0.148695 0.770227
vt 0.149087 0.765633
vt 0.107010 0.412015
vt 0.169494 0.396323
vt 0.065259 0.089758
vt 0.499909 0.059008
vt 0.251515 0.785295
vt 0.103026 0.138539
vt 0.094819 0.152557
vt 0.873380 0.836580
vt 0.871082 0.845862
vt 0.883041 0.841730
vt 0.838226 0.550491
vt 0.213226 0.634604
vt 0.144579 0.725122
vt 0.072121 0.105562
vt 0.071206 0.101216
vt 0.069204 0.103536
vt 0.838677 0.640912
vt 0.086354 0.766023
vt 0.087560 0.757505
vt 0.208457 0.325777
vt 0.220514 0.320822
vt 0.198203 0.787232
vt 0.206451 0.594320
vt 0.352198 0.203753
vt 0.211803 0.599306
vt 0.184495 0.655073
vt 0.065179 0.709611
vt 0.137122 0.805401
vt 0.847684 0.517301
vt 0.285008 0.983293
vt 0.066074 0.787599
vt 0.049060 0.085205
vt 0.881389 0.596768
vt 0.879686 0.612774
vt 0.906527 0.601078
vt 0.793714 0.940106
vt 0.801252 0.930879
vt 0.887650 0.876263
vt 0.928638 0.819929
vt 0.932769 0.827746
vt 0.246148 0.698779
vt 0.260391 0.697274
vt 0.853249 0.725635
vt 0.548627 0.082759
vt 0.664285 0.354406
vt 0.661529 0.416211
vt 0.550714 0.080434
vt 0.218058 0.386380
vt 0.223909 0.430050
vt 0.135431 0.724437
vt 0.700606 0.648504
vt 0.166127 0.695884
vt 0.157112 0.698786
vt 0.199420 0.869592
vt 0.806389 0.870624
vt 0.821435 0.860039
vt 0.083495 0.825241
vt 0.182469 0.690111
vt 0.113022 0.763829
vt 0.116790 0.755699
vt 0.763683 0.829790
vt 0.751778 0.838972
vt 0.768276 0.838652
vt 0.036957 0.810892
vt 0.037248 0.821556
vt 0.189321 0.491506
vt 0.699612 0.819814
vt 0.224972 0.676459
vt 0.834562 0.616214
vt 0.080291 0.711373
vt 0.250228 0.456085
vt 0.824227 0.757395
vt 0.831666 0.755270
vt 0.769696 0.639648
vt 0.772467 0.640031
vt 0.135947 0.563989
vt 0.351172 0.085355
vt 0.140719 0.568201
vt 0.082006 0.066544
vt 0.752788 0.631920
vt 0.749208 0.643641
vt 0.111662 0.736443
vt 0.114336 0.731575
vt 0.889008 0.887409
vt 0.177989 0.625138
vt 0.371875 0.131534
vt 0.373395 0.113355
vt 0.891826 0.578409
vt 0.309875 0.884019
vt 0.810110 0.914205
vt 0.799506 0.906498
vt 0.881709 0.925312
vt 0.868673 0.931847
vt 0.874341 0.728984
vt 0.008250 0.780931
vt 0.025143 0.788217
vt 0.845186 0.598310
vt 0.842261 0.609432
vt 0.742269 0.721068
vt 0.749789 0.738385
vt 0.754923 0.723798
vt 0.111946 0.339285
vt 0.102166 0.349792
vt 0.118285 0.357025
vt 0.098599 0.787575
vt 0.054921 0.804993
vt 0.127740 0.696573
vt 0.253691 0.354892
vt 0.270584 0.353324
vt 0.850104 0.883171
vt 0.277549 0.993240
vt 0.838311 0.517570
vt 0.930621 0.895935
vt 0.155746 0.737178
vt 0.175880 0.656712
vt 0.177958 0.668218
vt 0.186664 0.664312
vt 0.794184 0.741963
vt 0.197509 0.805741
vt 0.204873 0.799137
vt 0.140702 0.701709
vt 0.138898 0.705113
vt 0.147217 0.703990
vt 0.854116 0.943063
vt 0.868521 0.940508
vt 0.860361 0.931666
vt 0.067912 0.151067
vt 0.049617 0.158330
vt 0.239321 0.239956
vt 0.917704 0.609270
vt 0.917203 0.608316
vt 0.926082 0.614509
vt 0.230633 0.239225
vt 0.235352 0.245928
vt 0.125930 0.787176
vt 0.169453 0.854824
vt 0.163405 0.836834
vt 0.257024 0.891399
vt 0.241909 0.910464
vt 0.148754 0.448161
vt 0.184299 0.754622
vt 0.126163 0.797513
vt 0.095793 0.754662
vt 0.097859 0.757289
vt 0.098087 0.750926
vt 0.782787 0.936715
vt 0.282886 0.898904
vt 0.840064 0.832681
vt 0.086737 0.311744
vt 0.946030 0.832374
vt 0.091890 0.318920
vt 0.925719 0.757704
vt 0.034048 0.177767
vt 0.904501 0.716027
vt 0.284313 0.290443
vt 0.303980 0.301766
vt 0.095512 0.397913
vt 0.506779 0.042014
vt 0.117233 0.582553
vt 0.146356 0.434176
vt 0.880639 0.907220
vt 0.866864 0.913010
vt 0.045086 0.743686
vt 0.056226 0.737014
vt 0.335540 0.832740
vt 0.245076 0.263861
vt 0.327645 0.810975
vt 0.248484 0.279207
vt 0.697115 0.690132
vt 0.191849 0.693046
vt 0.185828 0.834662
vt 0.875795 0.671844
vt 0.888872 0.648286
vt 0.885193 0.653767
vt 0.898895 0.661675
vt 0.142798 0.771745
vt 0.814619 0.554082
vt 0.906703 0.937258
vt 0.191236 0.289895
vt 0.157236 0.934561
vt 0.146842 0.924345
vt 0.777599 0.669097
vt 0.783788 0.681504
vt 0.788261 0.676717
vt 0.177571 0.354497
vt 0.186229 0.343794
vt 0.093090 0.731989
vt 0.094843 0.725799
vt 0.259551 0.487809
vt 0.072288 0.813396
vt 0.282810 0.448756
vt 0.286895 0.448248
vt 0.504863 0.053586
vt 0.168734 0.739716
vt 0.899496 0.896960
vt 0.072442 0.117928
vt 0.787041 0.918540
vt 0.791347 0.922799
vt 0.149070 0.679422
vt 0.156781 0.681972
vt 0.547911 0.059147
vt 0.539672 0.058514
vt 0.535444 0.063832
vt 0.243607 0.293145
vt 0.328249 0.788747
vt 0.855523 0.663086
vt 0.096306 0.078712
vt 0.088653 0.078450
vt 0.200364 0.312150
vt 0.890254 0.756903
vt 0.893621 0.749229
vt 0.921936 0.622324
vt 0.195093 0.630918
vt 0.224049 0.925892
vt 0.778291 0.650104
vt 0.783918 0.644219
vt 0.798832 0.754051
vt 0.807996 0.744645
vt 0.193769 0.370851
vt 0.142252 0.831061
vt 0.151948 0.829647
vt 0.197890 0.755381
vt 0.125225 0.111518
vt 0.116197 0.088280
vt 0.249031 0.607743
vt 0.263311 0.599479
vt 0.060626 0.827880
vt 0.834553 0.859927
vt 0.834952 0.872962
vt 0.129353 0.831740
vt 0.136273 0.835494
vt 0.112554 0.677001
vt 0.257143 0.389826
vt 0.028758 0.771101
vt 0.029542 0.794020
vt 0.047607 0.778626
vt 0.800972 0.698799
vt 0.907857 0.592552
vt 0.211042 0.612918
vt 0.176656 0.723412
vt 0.801029 0.601704
vt 0.355830 0.080308
vt 0.145630 0.563428
vt 0.149502 0.556991
vt 0.858425 0.870161
vt 0.865517 0.973171
vt 0.861180 0.965508
vt 0.046335 0.698449
vt 0.128244 0.455127
vt 0.121387 0.435401
vt 0.839826 0.906203
vt 0.844741 0.898109
vt 0.049626 0.837486
vt 0.766080 0.708065
vt 0.765226 0.692681
vt 0.160009 0.682334
vt 0.162672 0.688799
vt 0.035204 0.737407
vt 0.238674 0.752886
vt 0.233951 0.749646
vt 0.803034 0.733672
vt 0.942667 0.815397
vt 0.745641 0.765177
vt 0.752935 0.752384
vt 0.834715 0.602462
vt 0.860902 0.885523
vt 0.933732 0.875805
vt 0.189467 0.704824
vt 0.150999 0.751570
vt 0.155254 0.746858
vt 0.149138 0.747836
vt 0.097070 0.618103
vt 0.084333 0.632935
vt 0.095111 0.632264
vt 0.908448 0.796204
vt 0.905754 0.789944
vt 0.301876 0.348739
vt 0.314148 0.669206
vt 0.314235 0.636946
vt 0.224882 0.268203
vt 0.221419 0.289279
vt 0.230261 0.285330
vt 0.923431 0.800721
vt 0.188143 0.429032
vt 0.193316 0.423438
vt 0.183744 0.417037
vt 0.206228 0.346157
vt 0.208606 0.356262
vt 0.158230 0.824972
vt 0.034848 0.130930
vt 0.853705 0.709764
vt 0.912203 0.945056
vt 0.678137 0.775464
vt 0.696168 0.766637
vt 0.745259 0.609861
vt 0.746096 0.594418
vt 0.872463 0.679984
vt 0.066080 0.102385
vt 0.244132 0.619967
vt 0.271134 0.408544
vt 0.099454 0.677658
vt 0.255404 0.406683
vt 0.191020 0.782696
vt 0.184526 0.775884
vt 0.744928 0.650574
vt 0.272194 0.426292
vt 0.278650 0.430785
vt 0.285142 0.428948
vt 0.123169 0.684283
vt 0.255604 0.372770
vt 0.132031 0.684083
vt 0.049067 0.428748
vt 0.043581 0.411675
vt 0.044892 0.703803
vt 0.917768 0.855448
vt 0.104943 0.468612
vt 0.090893 0.457074
vt 0.924387 0.907921
vt 0.915339 0.906548
vt 0.256134 0.516274
vt 0.256240 0.524943
vt 0.801097 0.622730
vt 0.137275 0.357284
vt 0.784814 0.648992
vt 0.851414 0.854961
vt 0.213559 0.848015
vt 0.915254 0.963155
vt 0.001458 0.063028
vt 0.930940 0.700145
vt 0.008205 0.041216
vt 0.937599 0.691038
vt 0.183686 0.714787
vt 0.853292 0.779069
vt 0.847988 0.766584
vt 0.550498 0.070493
vt 0.669578 0.349922
vt 0.667970 0.410767
vt 0.546211 0.074035
vt 0.093486 0.775412
vt 0.092147 0.765567
vt 0.240699 0.509995
vt 0.933136 0.686578
vt 0.929697 0.692602
vt 0.211601 0.315892
vt 0.076911 0.765855
vt 0.285169 0.477034
vt 0.298347 0.472629
vt 0.746919 0.829446
vt 0.739261 0.836517
vt 0.113758 0.631856
vt 0.106704 0.647130
vt 0.840939 0.808853
vt 0.222835 0.896130
vt 0.074380 0.771182
vt 0.160771 0.496111
vt 0.172134 0.479184
vt 0.159100 0.469729
vt 0.279176 0.942349
vt 0.267468 0.935658
vt 0.096638 0.344793
vt 0.113757 0.753360
vt 0.851067 0.796933
vt 0.830484 0.812190
vt 0.831755 0.794627
vt 0.275976 0.354166
vt 0.286315 0.363767
vt 0.241707 0.305387
vt 0.330277 0.770180
vt 0.926920 0.847750
vt 0.912131 0.817434
vt 0.915126 0.826271
vt 0.916547 0.811658
vt 0.203000 0.266320
vt 0.752559 0.598897
vt 0.395515 0.081147
vt 0.127391 0.495531
vt 0.425168 0.073333
vt 0.286374 0.127190
vt 0.330443 0.422684
vt 0.071564 0.071804
vt 0.197001 0.395500
vt 0.811792 0.644265
vt 0.821050 0.636444
vt 0.816676 0.943694
vt 0.814013 0.933137
vt 0.928326 0.865696
vt 0.866484 0.813486
vt 0.827357 0.702281
vt 0.828565 0.695080
vt 0.300584 0.599998
vt 0.310628 0.607811
vt 0.759519 0.764218
vt 0.770904 0.761563
vt 0.053595 0.390920
vt 0.488940 0.087651
vt 0.492960 0.082556
vt 0.798910 0.642072
vt 0.382641 0.206734
vt 0.000362 0.077897
vt 0.927046 0.706538
vt 0.897879 0.792074
vt 0.885408 0.790390
vt 0.239063 0.795968
vt 0.112380 0.330165
vt 0.127358 0.323387
vt 0.787997 0.879955
vt 0.786561 0.893542
vt 0.347492 0.133439
vt 0.060063 0.794009
vt 0.074861 0.799956
vt 0.148648 0.317881
vt 0.140848 0.078007
vt 0.203649 0.445885
vt 0.219356 0.254032
vt 0.207820 0.257092
vt 0.219638 0.263439
vt 0.076587 0.373548
vt 0.089630 0.368066
vt 0.741508 0.869038
vt 0.746956 0.868572
vt 0.876419 0.797419
vt 0.121029 0.771779
vt 0.126620 0.761224
vt 0.229676 0.618718
vt 0.135218 0.756753
vt 0.135439 0.764638
vt 0.165807 0.758891
vt 0.162107 0.749017
vt 0.771227 0.607879
vt 0.780954 0.598575
vt 0.087890 0.779816
vt 0.082105 0.777851
vt 0.299532 0.140152
vt 0.314986 0.336661
vt 0.663786 0.410042
vt 0.203451 0.743190
vt 0.859029 0.665578
vt 0.846796 0.676010
vt 0.123640 0.725958
vt 0.740619 0.818830
vt 0.069476 0.828024
vt 0.141682 0.495366
vt 0.826395 0.606139
vt 0.823258 0.592281
vt 0.848663 0.929483
vt 0.241336 0.580804
vt 0.383811 0.029376
vt 0.377728 0.231445
vt 0.871630 0.828648
vt 0.100299 0.600861
vt 0.909821 0.614193
vt 0.912212 0.620911
vt 0.085304 0.119490
vt 0.922856 0.743158
vt 0.016907 0.149510
vt 0.126478 0.716065
vt 0.249579 0.324304
vt 0.068846 0.428866
vt 0.128623 0.366753
vt 0.128966 0.380490
vt 0.909965 0.956271
vt 0.832919 0.668984
vt 0.867796 0.745452
vt 0.877273 0.744773
vt 0.863012 0.717047
vt 0.742246 0.795824
vt 0.732191 0.807435
vt 0.779586 0.759986
vt 0.789337 0.758032
vt 0.784717 0.773207
vt 0.089653 0.433066
vt 0.094244 0.447569
vt 0.099078 0.441479
vt 0.735655 0.588322
vt 0.735536 0.604743
vt 0.278840 0.470303
vt 0.277374 0.460416
vt 0.262287 0.452904
vt 0.865123 0.700642
vt 0.722207 0.590774
vt 0.725277 0.602903
vt 0.205757 0.578758
vt 0.364576 0.218412
vt 0.850467 0.692653
vt 0.122850 0.603991
vt 0.775397 0.910691
vt 0.884222 0.715498
vt 0.916751 0.672275
vt 0.930960 0.674144
vt 0.166184 0.746506
vt 0.340422 0.154079
vt 0.061547 0.674791
vt 0.074288 0.683447
vt 0.195289 0.617588
vt 0.337974 0.176354
vt 0.785453 0.855616
vt 0.061803 0.733777
vt 0.378179 0.030976
vt 0.196192 0.560304
vt 0.726117 0.694962
vt 0.733946 0.681170
vt 0.146088 0.749204
vt 0.110622 0.745502
vt 0.142164 0.711638
vt 0.903823 0.663904
vt 0.063640 0.657488
vt 0.054145 0.671140
vt 0.066799 0.668336
vt 0.164482 0.444628
vt 0.219038 0.304864
vt 0.270030 0.333354
vt 0.710359 0.733279
vt 0.128399 0.755183
vt 0.276163 0.412093
vt 0.152456 0.742443
vt 0.112883 0.774253
vt 0.116285 0.781968
vt 0.893140 0.768820
vt 0.884271 0.761950
vt 0.770645 0.919099
vt 0.014044 0.400164
vt 0.665983 0.418975
vt 0.938188 0.968780
vt 0.022851 0.411095
vt 0.025781 0.396130
vt 0.820263 0.660367
vt 0.836721 0.960999
vt 0.306133 0.485705
vt 0.309534 0.288852
vt 0.311122 0.482143
vt 0.315081 0.292024
vt 0.233442 0.546176
vt 0.722927 0.699298
vt 0.200932 0.399137
vt 0.506794 0.084024
vt 0.923200 0.751066
vt 0.026867 0.163316
vt 0.104700 0.310329
vt 0.140033 0.165468
vt 0.171863 0.822071
vt 0.182871 0.820764
vt 0.173638 0.810902
vt 0.876501 0.952874
vt 0.227600 0.651144
vt 0.752427 0.868902
vt 0.755380 0.881661
vt 0.819658 0.771649
vt 0.069271 0.090876
vt 0.067403 0.091348
vt 0.321103 0.558872
vt 0.311705 0.576219
vt 0.079969 0.098743
vt 0.834581 0.750660
vt 0.932534 0.775614
vt 0.059737 0.213018
vt 0.175787 0.715012
vt 0.218950 0.517560
vt 0.222542 0.529644
vt 0.774267 0.665257
vt 0.857222 0.774774
vt 0.702592 0.780077
vt 0.706783 0.790286
vt 0.716164 0.776853
vt 0.724769 0.664385
vt 0.743316 0.672434
vt 0.872331 0.615113
vt 0.878732 0.625051
vt 0.098962 0.331721
vt 0.107880 0.322064
vt 0.899664 0.857463
vt 0.893722 0.936418
vt 0.257451 0.573371
vt 0.773005 0.754630
vt 0.182606 0.839583
vt 0.175745 0.835078
vt 0.296974 0.590789
vt 0.086262 0.691017
vt 0.255328 0.430030
vt 0.265101 0.420896
vt 0.920581 0.616062
vt 0.923200 0.621098
vt 0.106252 0.455098
vt 0.297206 0.377086
vt 0.111309 0.123288
vt 0.085464 0.022121
vt 0.181091 0.301587
vt 0.074903 0.083793
vt 0.073379 0.097382
vt 0.071454 0.097761
vt 0.088749 0.719894
vt 0.257801 0.472126
vt 0.915734 0.738913
vt 0.904677 0.737927
vt 0.313916 0.098919
vt 0.404916 0.157784
vt 0.826579 0.842786
vt 0.244469 0.600994
vt 0.721594 0.803708
vt 0.403320 0.175817
vt 0.114172 0.880444
vt 0.107455 0.872043
vt 0.933648 0.799613
vt 0.943053 0.803262
vt 0.116614 0.222300
vt 0.938729 0.797047
vt 0.107139 0.234412
vt 0.162620 0.367579
vt 0.078999 0.674004
vt 0.908435 0.723329
vt 0.285759 0.401946
vt 0.231668 0.642818
vt 0.104403 0.769414
vt 0.175832 0.419606
vt 0.317260 0.684495
vt 0.317693 0.705405
vt 0.127052 0.720335
vt 0.297085 0.513570
vt 0.293805 0.531830
vt 0.311940 0.404353
vt 0.672338 0.511292
vt 0.294392 0.185466
vt 0.170572 0.793899
vt 0.056077 0.653883
vt 0.066705 0.642265
vt 0.075269 0.097527
vt 0.073896 0.096075
vt 0.819709 0.830077
vt 0.820451 0.820615
vt 0.816100 0.824312
vt 0.250032 0.571697
vt 0.096582 0.042119
vt 0.378232 0.088710
vt 0.202148 0.528125
vt 0.037520 0.040032
vt 0.051118 0.058916
vt 0.848320 0.892462
vt 0.719353 0.838516
vt 0.700083 0.838302
vt 0.084207 0.080784
vt 0.121647 0.668865
vt 0.928467 0.940012
vt 0.924741 0.922749
vt 0.781879 0.702515
vt 0.791772 0.705360
vt 0.937889 0.914938
vt 0.352001 0.174237
vt 0.092962 0.377967
vt 0.720454 0.754656
vt 0.833105 0.596507
vt 0.296056 0.903598
vt 0.285201 0.773757
vt 0.278614 0.797193
vt 0.187652 0.746534
vt 0.366041 0.060904
vt 0.164348 0.552775
vt 0.129308 0.629233
vt 0.109342 0.360984
vt 0.157115 0.708654
vt 0.089828 0.845025
vt 0.206831 0.694589
vt 0.213289 0.693965
vt 0.910116 0.883714
vt 0.230289 0.868119
vt 0.199773 0.466713
vt 0.842636 0.748400
vt 0.142363 0.647928
vt 0.146695 0.780174
vt 0.867494 0.720030
vt 0.091131 0.480239
vt 0.540617 0.053132
vt 0.088609 0.471097
vt 0.534002 0.057827
vt 0.065922 0.089230
vt 0.835991 0.914014
vt 0.095755 0.777909
vt 0.804207 0.833758
vt 0.762527 0.675470
vt 0.730316 0.612386
vt 0.739917 0.616027
vt 0.135405 0.784621
vt 0.136673 0.773340
vt 0.737095 0.603557
vt 0.125444 0.462626
vt 0.767286 0.713777
vt 0.857451 0.537287
vt 0.295599 0.956407
vt 0.666745 0.401692
vt 0.090789 0.141520
vt 0.082517 0.133393
vt 0.882466 0.585623
vt 0.208905 0.786692
vt 0.856623 0.693970
vt 0.791895 0.714204
vt 0.797557 0.708285
vt 0.221131 0.564674
vt 0.223876 0.551207
vt 0.777089 0.692139
vt 0.225631 0.846359
vt 0.090935 0.093994
vt 0.836356 0.676875
vt 0.259013 0.587999
vt 0.809367 0.677554
vt 0.731727 0.731131
vt 0.769602 0.776671
vt 0.254673 0.659456
vt 0.780504 0.655048
vt 0.791500 0.683107
vt 0.791765 0.687749
vt 0.916978 0.653907
vt 0.900389 0.648684
vt 0.855776 0.748148
vt 0.866562 0.749967
vt 0.069709 0.097830
vt 0.070530 0.095855
vt 0.891884 0.672669
vt 0.100763 0.401520
vt 0.318977 0.477454
vt 0.321178 0.299241
vt 0.915439 0.799880
vt 0.068332 0.089308
vt 0.275068 0.725215
vt 0.253745 0.718840
vt 0.155749 0.337212
vt 0.158804 0.330442
vt 0.826326 0.715301
vt 0.940261 0.659826
vt 0.192807 0.260901
vt 0.938928 0.657034
vt 0.194891 0.259143
vt 0.384357 0.105645
vt 0.080344 0.452290
vt 0.334171 0.531773
vt 0.244050 0.472480
vt 0.857702 0.903584
vt 0.266500 0.853123
vt 0.274177 0.835120
vt 0.083598 0.073994
vt 0.039066 0.381276
vt 0.068908 0.752680
vt 0.547540 0.082423
vt 0.786856 0.906427
vt 0.891253 0.782569
vt 0.384554 0.197301
vt 0.397666 0.187702
vt 0.775997 0.781730
vt 0.766982 0.792460
vt 0.219948 0.682154
vt 0.134567 0.599459
vt 0.841886 0.584089
vt 0.798620 0.863676
vt 0.223744 0.793518
vt 0.303149 0.336117
vt 0.059951 0.070197
vt 0.052016 0.067571
vt 0.055575 0.073833
vt 0.258381 0.625201
vt 0.031079 0.099225
vt 0.043004 0.110863
vt 0.295423 0.437246
vt 0.297864 0.445713
vt 0.325264 0.131511
vt 0.402345 0.116249
vt 0.335540 0.356586
vt 0.795673 0.656668
vt 0.514785 0.084313
vt 0.861993 0.787560
vt 0.210391 0.249855
vt 0.191953 0.675100
vt 0.157864 0.618305
vt 0.160975 0.658537
vt 0.145355 0.393274
vt 0.269692 0.303708
vt 0.242751 0.667569
vt 0.889872 0.901410
vt 0.320447 0.515763
vt 0.313261 0.528072
vt 0.111526 0.856872
vt 0.122944 0.867483
vt 0.024677 0.073565
vt 0.182077 0.628250
vt 0.067412 0.611794
vt 0.272392 0.549409
vt 0.706928 0.737413
vt 0.697379 0.654246
vt 0.115859 0.744663
vt 0.123999 0.740163
vt 0.808524 0.758316
vt 0.187182 0.365216
vt 0.857448 0.671591
vt 0.900406 0.957624
vt 0.276120 0.624494
vt 0.103855 0.220550
vt 0.830546 0.825390
vt 0.141686 0.715851
vt 0.151674 0.712669
vt 0.177371 0.431455
vt 0.932017 0.835354
vt 0.113582 0.740666
vt 0.907794 0.751345
vt 0.056405 0.001125
vt 0.179753 0.285352
vt 0.072388 0.011057
vt 0.180501 0.293528
vt 0.719968 0.785577
vt 0.286529 0.569335
vt 0.731853 0.639863
vt 0.819477 0.790597
vt 0.819262 0.784340
vt 0.799223 0.730413
vt 0.069803 0.099517
vt 0.829596 0.740545
vt 0.827119 0.727778
vt 0.129319 0.691871
vt 0.163522 0.674032
vt 0.172167 0.677271
vt 0.923118 0.792709
vt 0.146658 0.723713
vt 0.824942 0.572892
vt 0.329549 0.635420
vt 0.233043 0.396566
vt 0.116291 0.822864
vt 0.081163 0.104561
vt 0.073540 0.093474
vt 0.366294 0.089013
vt 0.361399 0.097630
vt 0.376454 0.094820
vt 0.016526 0.769981
vt 0.080229 0.324669
vt 0.949033 0.849641
vt 0.861684 0.583494
vt 0.867801 0.597301
vt 0.200527 0.651921
vt 0.833427 0.923054
vt 0.065400 0.633936
vt 0.784454 0.541211
vt 0.129966 0.809342
vt 0.128278 0.735213
vt 0.123366 0.735719
vt 0.818353 0.585490
vt 0.808749 0.597688
vt 0.792998 0.550181
vt 0.805202 0.788925
vt 0.840283 0.942925
vt 0.546679 0.056144
vt 0.691103 0.790687
vt 0.847589 0.634466
vt 0.777753 0.620349
vt 0.938199 0.807075
vt 0.092183 0.294168
vt 0.946376 0.810877
vt 0.123780 0.208272
vt 0.870778 0.874689
vt 0.112695 0.423002
vt 0.122490 0.410259
vt 0.167104 0.783287
vt 0.744704 0.627250
vt 0.044474 0.770340
vt 0.787109 0.665364
vt 0.009270 0.412389
vt 0.937782 0.983027
vt 0.665983 0.429811
vt 0.897419 0.587867
vt 0.906538 0.583376
vt 0.319113 0.866248
vt 0.182561 0.697606
vt 0.838939 0.875975
vt 0.775459 0.848672
vt 0.799577 0.845020
vt 0.787048 0.838132
vt 0.187128 0.742044
vt 0.094513 0.070367
vt 0.362478 0.149193
vt 0.151508 0.717361
vt 0.912974 0.896132
vt 0.187955 0.471344
vt 0.794891 0.799925
vt 0.770829 0.723657
vt 0.214568 0.572855
vt 0.240723 0.774879
vt 0.229986 0.774861
vt 0.072169 0.083812
vt 0.917800 0.695233
vt 0.770662 0.745119
vt 0.826801 0.581557
vt 0.809188 0.694835
vt 0.302785 0.328715
vt 0.178600 0.463551
vt 0.892471 0.857389
vt 0.896774 0.849493
vt 0.846219 0.724246
vt 0.331474 0.374242
vt 0.400134 0.133834
vt 0.122928 0.425115
vt 0.860530 0.948792
vt 0.122143 0.762649
vt 0.122716 0.749662
vt 0.890454 0.981571
vt 0.688637 0.756240
vt 0.132498 0.666878
vt 0.141975 0.582050
vt 0.349223 0.098814
vt 0.508324 0.074962
vt 0.182909 0.822500
vt 0.189331 0.639902
vt 0.160745 0.816960
vt 0.398784 0.100849
vt 0.110685 0.202464
vt 0.332096 0.600067
vt 0.237433 0.421220
vt 0.013270 0.749026
vt 0.807411 0.571117
vt 0.798737 0.576582
vt 0.819322 0.576430
vt 0.234536 0.567443
vt 0.120736 0.045801
vt 0.169650 0.314376
vt 0.068320 0.115804
vt 0.751000 0.794064
vt 0.759167 0.786662
vt 0.821372 0.914845
vt 0.815000 0.907603
vt 0.718827 0.678550
vt 0.103645 0.761408
vt 0.795308 0.630581
vt 0.301171 0.908614
vt 0.875223 0.570897
vt 0.217937 0.401979
vt 0.828153 0.614508
vt 0.824935 0.622628
vt 0.325859 0.473576
vt 0.335540 0.445346
vt 0.327988 0.148482
vt 0.325859 0.305706
vt 0.844245 0.718017
vt 0.308629 0.377222
vt 0.326720 0.347019
vt 0.392485 0.052589
vt 0.106646 0.378534
vt 0.793942 0.580990
vt 0.807262 0.584715
vt 0.100719 0.637541
vt 0.229492 0.544040
vt 0.211797 0.543471
vt 0.138175 0.785730
vt 0.773034 0.835986
vt 0.157056 0.805908
vt 0.056822 0.412277
vt 0.513013 0.091122
vt 0.191467 0.744674
vt 0.393746 0.161780
vt 0.205041 0.570272
vt 0.367695 0.227929
vt 0.074678 0.100141
vt 0.729549 0.755547
vt 0.032008 0.411987
vt 0.235903 0.697775
vt 0.058396 0.467898
vt 0.541491 0.081349
vt 0.075776 0.106024
vt 0.806469 0.802420
vt 0.295254 0.675637
vt 0.243594 0.591001
vt 0.724596 0.771592
vt 0.777617 0.897732
vt 0.830560 0.916475
vt 0.827964 0.925340
vt 0.170022 0.408747
vt 0.817730 0.728226
vt 0.772488 0.682702
vt 0.386690 0.098407
vt 0.058969 0.093386
vt 0.067536 0.082045
vt 0.104374 0.753543
vt 0.907405 0.866061
vt 0.773569 0.777078
vt 0.261368 0.802848
vt 0.155056 0.317279
vt 0.725117 0.619804
vt 0.209200 0.749064
vt 0.051477 0.669426
vt 0.176916 0.647032
vt 0.772298 0.650645
vt 0.254610 0.766433
vt 0.808414 0.704667
vt 0.289249 0.386926
vt 0.867952 0.728164
vt 0.175746 0.773970
vt 0.129264 0.779778
vt 0.124965 0.778658
vt 0.061288 0.627409
vt 0.164070 0.713474
vt 0.090106 0.804127
vt 0.790698 0.817638
vt 0.809196 0.817129
vt 0.009609 0.092218
vt 0.809656 0.727909
vt 0.107826 0.806289
vt 0.788583 0.778984
vt 0.797266 0.662141
vt 0.774735 0.712816
vt 0.784816 0.712062
vt 0.242481 0.712624
vt 0.925484 0.682150
vt 0.789099 0.793804
vt 0.921319 0.948715
vt 0.819638 0.666621
vt 0.265178 0.605284
vt 0.830744 0.779273
vt 0.136881 0.737672
vt 0.055015 0.858546
vt 0.077457 0.108682
vt 0.120712 0.723232
vt 0.257244 0.308855
vt 0.225551 0.808932
vt 0.857601 0.982024
vt 0.501611 0.077381
vt 0.236377 0.724053
vt 0.099088 0.180175
vt 0.279095 0.751070
vt 0.109099 0.780064
vt 0.412081 0.092861
vt 0.304167 0.138988
vt 0.269591 0.820266
vt 0.935918 0.792869
vt 0.095584 0.237217
vt 0.165494 0.639890
vt 0.221851 0.885542
vt 0.542792 0.077320
vt 0.709807 0.692735
vt 0.153278 0.390414
vt 0.797413 0.597067
vt 0.790646 0.602559
vt 0.824186 0.882856
vt 0.808864 0.666890
vt 0.812161 0.670414
vt 0.027524 0.750755
vt 0.754536 0.857583
vt 0.709180 0.697929
vt 0.324546 0.102806
vt 0.401181 0.146419
vt 0.496895 0.077322
vt 0.137163 0.703916
vt 0.890713 0.877646
vt 0.889229 0.869279
vt 0.208212 0.728499
vt 0.233773 0.701297
vt 0.824565 0.871762
vt 0.184553 0.801698
vt 0.186529 0.633198
vt 0.252775 0.751652
vt 0.807064 0.658468
vt 0.211471 0.463726
vt 0.366016 0.189684
vt 0.894141 0.863331
vt 0.325578 0.542199
vt 0.925591 0.589575
vt 0.334426 0.845735
vt 0.247997 0.255645
vt 0.884862 0.838067
vt 0.056724 0.126299
vt 0.047700 0.076121
vt 0.884384 0.847004
vt 0.066303 0.094913
vt 0.385213 0.183290
vt 0.136618 0.731546
vt 0.326752 0.731869
vt 0.288473 0.809409
vt 0.180257 0.779721
vt 0.080521 0.706173
vt 0.251403 0.449783
vt 0.271008 0.713035
vt 0.116290 0.726002
vt 0.259757 0.296069
vt 0.068510 0.731177
vt 0.155051 0.315213
vt 0.131064 0.068921
vt 0.745007 0.714157
vt 0.110516 0.804098
vt 0.095457 0.742570
vt 0.760609 0.644520
vt 0.165350 0.322772
vt 0.898980 0.642459
vt 0.897361 0.843781
vt 0.781257 0.827760
vt 0.870454 0.921676
vt 0.922549 0.963040
vt 0.892677 0.886094
vt 0.887447 0.890589
vt 0.722813 0.846124
vt 0.274564 0.683139
vt 0.145126 0.741970
vt 0.260090 0.441773
vt 0.772706 0.697412
vt 0.110964 0.101425
vt 0.271034 0.874899
vt 0.231438 0.379578
vt 0.330012 0.659915
vt 0.143897 0.760504
vt 0.063083 0.080028
vt 0.744447 0.877137
vt 0.149691 0.413738
vt 0.203400 0.661975
vt 0.121212 0.334060
vt 0.140609 0.322975
vt 0.136345 0.317054
vt 0.148695 0.101364
vt 0.157694 0.780414
vt 0.156608 0.773112
vt 0.294231 0.939050
vt 0.293096 0.948184
vt 0.310250 0.890039
vt 0.887324 0.579794
vt 0.115936 0.314362
vt 0.148695 0.141253
vt 0.132474 0.158568
vt 0.121757 0.156103
vt 0.119031 0.144416
vt 0.120056 0.135406
vt 0.729378 0.861082
vt 0.704594 0.846323
vt 0.879606 0.638494
vt 0.863756 0.630453
vt 0.864145 0.642793
vt 0.883405 0.648461
vt 0.204140 0.673409
vt 0.196143 0.669824
vt 0.196765 0.677902
vt 0.187305 0.902215
vt 0.202652 0.924222
vt 0.204463 0.896415
vt 0.050183 0.382286
vt 0.062301 0.372381
vt 0.016423 0.000362
vt 0.947953 0.674215
vt 0.180545 0.269168
vt 0.918539 0.623767
vt 0.384484 0.054786
vt 0.300334 0.865716
vt 0.284368 0.856695
vt 0.094577 0.417002
vt 0.529449 0.052062
vt 0.146523 0.662105
vt 0.874803 0.685736
vt 0.888937 0.685391
vt 0.175404 0.756647
vt 0.168913 0.764877
vt 0.247061 0.980892
vt 0.266928 0.501570
vt 0.271814 0.270465
vt 0.268286 0.284436
vt 0.319395 0.746571
vt 0.303084 0.719914
vt 0.942014 0.866840
vt 0.163946 0.724962
vt 0.164719 0.733637
vt 0.840774 0.868025
vt 0.393593 0.134228
vt 0.014623 0.373154
vt 0.939102 0.940464
vt 0.022775 0.378586
vt 0.888307 0.959944
vt 0.903268 0.972746
vt 0.878928 0.787982
vt 0.163977 0.792859
vt 0.165611 0.788619
vt 0.158293 0.784009
vt 0.826438 0.717165
vt 0.834467 0.721578
vt 0.835801 0.716344
vt 0.768691 0.545896
vt 0.190033 0.875314
vt 0.175146 0.868896
vt 0.042005 0.367492
vt 0.943534 0.910731
vt 0.115948 0.894868
vt 0.121805 0.855699
vt 0.134471 0.864433
vt 0.882210 0.862907
vt 0.684055 0.724351
vt 0.689011 0.708184
vt 0.136800 0.746095
vt 0.140472 0.754272
vt 0.140354 0.402824
vt 0.159180 0.428118
vt 0.160643 0.435185
vt 0.203088 0.836148
vt 0.803443 0.887662
vt 0.815843 0.879916
vt 0.281227 0.341124
vt 0.704631 0.679722
vt 0.174188 0.457342
vt 0.173614 0.446807
vt 0.165929 0.448814
vt 0.302246 0.308132
vt 0.123617 0.393948
vt 0.082560 0.339830
vt 0.120434 0.913821
vt 0.264729 0.631077
vt 0.260731 0.649404
vt 0.836432 0.891113
vt 0.838035 0.883674
vt 0.278283 0.387577
vt 0.061362 0.118299
vt 0.064634 0.113233
vt 0.213949 0.686701
vt 0.202706 0.682967
vt 0.829118 0.650919
vt 0.519506 0.054665
vt 0.150559 0.467139
vt 0.143438 0.486289
vt 0.160191 0.847071
vt 0.063342 0.088355
vt 0.329753 0.647822
vt 0.231898 0.388043
vt 0.222311 0.381403
vt 0.191547 0.720759
vt 0.874285 0.856482
vt 0.898130 0.676933
vt 0.895490 0.691069
vt 0.167149 0.918795
vt 0.152802 0.910396
vt 0.130858 0.440053
vt 0.285262 0.418307
vt 0.292204 0.426973
vt 0.864738 0.681023
vt 0.227810 0.575027
vt 0.214275 0.583916
vt 0.227671 0.590310
vt 0.072688 0.091258
vt 0.711595 0.821647
vt 0.718861 0.821620
vt 0.184935 0.682540
vt 0.185008 0.673613
vt 0.199180 0.763652
vt 0.882940 0.695439
vt 0.290047 0.932030
vt 0.297047 0.919948
vt 0.813096 0.653117
vt 0.818518 0.648879
vt 0.698689 0.710772
vt 0.130147 0.645002
vt 0.124516 0.661338
vt 0.148485 0.730411
vt 0.154871 0.725595
vt 0.176763 0.371295
vt 0.177085 0.384553
vt 0.368945 0.054752
vt 0.171378 0.552202
vt 0.197870 0.623399
vt 0.222941 0.706619
vt 0.063058 0.065075
vt 0.154487 0.667375
vt 0.151226 0.672681
vt 0.360286 0.131789
vt 0.351428 0.138866
vt 0.067540 0.094268
vt 0.067500 0.096971
vt 0.068670 0.095056
vt 0.391093 0.144532
vt 0.147983 0.670039
vt 0.153427 0.768152
vt 0.148352 0.683261
vt 0.141144 0.681892
vt 0.140712 0.690638
vt 0.170011 0.403131
vt 0.180074 0.399545
vt 0.065458 0.091928
vt 0.066301 0.089827
vt 0.497556 0.065075
vt 0.492229 0.060297
vt 0.048988 0.469693
vt 0.543900 0.088934
vt 0.042067 0.451195
vt 0.250637 0.801313
vt 0.265773 0.788434
vt 0.098043 0.746525
vt 0.940567 0.846536
vt 0.084356 0.322002
vt 0.947978 0.844465
vt 0.941087 0.843403
vt 0.833198 0.534510
vt 0.843171 0.537010
vt 0.221428 0.632824
vt 0.146557 0.732027
vt 0.140371 0.729702
vt 0.142655 0.734209
vt 0.744106 0.566556
vt 0.750730 0.559411
vt 0.079303 0.761989
vt 0.214789 0.344265
vt 0.059720 0.362712
vt 0.074860 0.354909
vt 0.794137 0.887778
vt 0.373235 0.177189
vt 0.392881 0.179772
vt 0.383679 0.163298
vt 0.757020 0.586400
vt 0.765522 0.599796
vt 0.762587 0.579601
vt 0.196036 0.779916
vt 0.204174 0.602204
vt 0.348181 0.195321
vt 0.184459 0.646217
vt 0.188284 0.650293
vt 0.064047 0.689318
vt 0.070852 0.696480
vt 0.145695 0.816514
vt 0.145842 0.801343
vt 0.280882 0.972300
vt 0.070072 0.795387
vt 0.076114 0.788775
vt 0.799985 0.944986
vt 0.884605 0.865610
vt 0.932188 0.812906
vt 0.241950 0.688631
vt 0.848007 0.733382
vt 0.859699 0.735665
vt 0.664974 0.350421
vt 0.662324 0.411418
vt 0.546893 0.078865
vt 0.207423 0.366419
vt 0.228507 0.418406
vt 0.211392 0.420282
vt 0.134325 0.716197
vt 0.126968 0.722412
vt 0.728405 0.658423
vt 0.208202 0.562188
vt 0.209327 0.571616
vt 0.211029 0.561240
vt 0.161928 0.692412
vt 0.195841 0.852514
vt 0.814878 0.849188
vt 0.094407 0.820871
vt 0.082918 0.811913
vt 0.175726 0.686536
vt 0.111000 0.761926
vt 0.033995 0.818210
vt 0.899637 0.927163
vt 0.905404 0.911743
vt 0.891996 0.910543
vt 0.179410 0.493658
vt 0.696558 0.800840
vt 0.707672 0.804411
vt 0.217499 0.659332
vt 0.219141 0.677386
vt 0.834933 0.625500
vt 0.849348 0.620260
vt 0.074200 0.710757
vt 0.082037 0.731176
vt 0.821316 0.738444
vt 0.780337 0.627143
vt 0.840769 0.628512
vt 0.831484 0.638235
vt 0.141592 0.574452
vt 0.351696 0.091570
vt 0.084595 0.071590
vt 0.078752 0.072070
vt 0.154767 0.368970
vt 0.149742 0.379203
vt 0.167030 0.378017
vt 0.722172 0.872255
vt 0.735361 0.881682
vt 0.740625 0.637788
vt 0.878292 0.880353
vt 0.172452 0.620211
vt 0.336481 0.148884
vt 0.176985 0.629518
vt 0.363378 0.111918
vt 0.799147 0.920222
vt 0.875887 0.933138
vt 0.488630 0.066085
vt 0.869477 0.734785
vt 0.881896 0.735359
vt 0.008205 0.793559
vt 0.850635 0.607919
vt 0.849332 0.714686
vt 0.857722 0.723150
vt 0.860216 0.710735
vt 0.764543 0.812090
vt 0.754735 0.813326
vt 0.108424 0.790182
vt 0.111795 0.785539
vt 0.048196 0.794555
vt 0.261432 0.342120
vt 0.860764 0.877451
vt 0.068448 0.097342
vt 0.924451 0.898732
vt 0.923552 0.885921
vt 0.159289 0.729222
vt 0.795150 0.732769
vt 0.202053 0.795054
vt 0.189408 0.454712
vt 0.185640 0.444177
vt 0.064013 0.139923
vt 0.119223 0.793037
vt 0.120416 0.785341
vt 0.748756 0.896616
vt 0.270120 0.916868
vt 0.939480 0.905635
vt 0.054891 0.361218
vt 0.943953 0.896339
vt 0.939907 0.893584
vt 0.153814 0.445200
vt 0.176893 0.762996
vt 0.067700 0.110459
vt 0.071566 0.111186
vt 0.066517 0.107842
vt 0.073616 0.137544
vt 0.079554 0.123860
vt 0.071928 0.125768
vt 0.286202 0.882793
vt 0.848450 0.847267
vt 0.850730 0.838940
vt 0.294291 0.661166
vt 0.273989 0.665891
vt 0.085672 0.317537
vt 0.946631 0.838950
vt 0.190580 0.819291
vt 0.201841 0.814989
vt 0.926706 0.773742
vt 0.918539 0.763138
vt 0.512910 0.049642
vt 0.403532 0.084983
vt 0.416897 0.085113
vt 0.296405 0.135402
vt 0.421991 0.076681
vt 0.287989 0.131133
vt 0.875356 0.917323
vt 0.050705 0.733480
vt 0.325618 0.837075
vt 0.690456 0.688243
vt 0.192516 0.696586
vt 0.200474 0.691104
vt 0.868712 0.665727
vt 0.867364 0.671648
vt 0.140770 0.766328
vt 0.804411 0.537284
vt 0.810731 0.537711
vt 0.922305 0.938506
vt 0.915901 0.928090
vt 0.189110 0.298219
vt 0.204294 0.299238
vt 0.853626 0.596531
vt 0.053494 0.758380
vt 0.052125 0.771881
vt 0.064190 0.765651
vt 0.209936 0.616708
vt 0.197256 0.613601
vt 0.341261 0.180712
vt 0.176322 0.338613
vt 0.103414 0.732754
vt 0.257518 0.507378
vt 0.261119 0.267931
vt 0.153950 0.649203
vt 0.165405 0.646929
vt 0.152727 0.642593
vt 0.224374 0.460361
vt 0.220999 0.445243
vt 0.211915 0.447526
vt 0.286613 0.435830
vt 0.018448 0.819331
vt 0.899057 0.898808
vt 0.905467 0.897295
vt 0.077757 0.116475
vt 0.075882 0.111559
vt 0.778725 0.925096
vt 0.309776 0.792619
vt 0.311941 0.766878
vt 0.861480 0.658252
vt 0.855502 0.645939
vt 0.760522 0.870308
vt 0.770853 0.862340
vt 0.759691 0.856045
vt 0.233715 0.675195
vt 0.233766 0.663630
vt 0.087761 0.080394
vt 0.182287 0.538701
vt 0.889461 0.750950
vt 0.813022 0.714409
vt 0.811355 0.720876
vt 0.296765 0.912909
vt 0.299605 0.920675
vt 0.872079 0.562238
vt 0.298408 0.906035
vt 0.190691 0.631690
vt 0.194925 0.645954
vt 0.221767 0.952327
vt 0.777691 0.640996
vt 0.888133 0.712783
vt 0.202320 0.384768
vt 0.187395 0.392390
vt 0.053162 0.116294
vt 0.150159 0.827123
vt 0.201837 0.749421
vt 0.193941 0.749604
vt 0.137227 0.095791
vt 0.223937 0.574122
vt 0.231419 0.570998
vt 0.252652 0.592702
vt 0.040999 0.736703
vt 0.138682 0.827264
vt 0.109392 0.666318
vt 0.106879 0.677149
vt 0.256201 0.397308
vt 0.095052 0.197123
vt 0.083477 0.170210
vt 0.063946 0.173374
vt 0.300917 0.462457
vt 0.297841 0.456669
vt 0.298970 0.462603
vt 0.789968 0.693193
vt 0.801795 0.692008
vt 0.253532 0.631414
vt 0.068886 0.875985
vt 0.067635 0.892832
vt 0.077960 0.880281
vt 0.916333 0.598634
vt 0.245712 0.244993
vt 0.873075 0.704305
vt 0.685014 0.807390
vt 0.218976 0.618907
vt 0.230241 0.607773
vt 0.120625 0.059534
vt 0.109301 0.037541
vt 0.176132 0.314023
vt 0.097924 0.053946
vt 0.181389 0.733228
vt 0.816848 0.607656
vt 0.810224 0.614609
vt 0.081622 0.112632
vt 0.360845 0.070086
vt 0.154237 0.556010
vt 0.218366 0.569243
vt 0.849834 0.966703
vt 0.041993 0.681293
vt 0.031561 0.701332
vt 0.728352 0.820897
vt 0.722319 0.814720
vt 0.215900 0.362606
vt 0.750700 0.702421
vt 0.168566 0.677750
vt 0.043819 0.715679
vt 0.041417 0.735185
vt 0.244386 0.735797
vt 0.789535 0.764510
vt 0.793208 0.770614
vt 0.795509 0.758897
vt 0.742765 0.739955
vt 0.050287 0.105192
vt 0.211711 0.437666
vt 0.858232 0.891887
vt 0.871225 0.895329
vt 0.930267 0.874823
vt 0.203400 0.697863
vt 0.270250 0.400453
vt 0.278086 0.398365
vt 0.920857 0.784763
vt 0.330749 0.337253
vt 0.329092 0.489922
vt 0.312578 0.366504
vt 0.672338 0.471276
vt 0.286374 0.146263
vt 0.335540 0.477087
vt 0.313041 0.351498
vt 0.204704 0.283224
vt 0.930885 0.801630
vt 0.932302 0.800334
vt 0.414032 0.071613
vt 0.417141 0.056373
vt 0.416793 0.210941
vt 0.840685 0.737792
vt 0.852394 0.742002
vt 0.029642 0.116346
vt 0.855828 0.705695
vt 0.677484 0.766343
vt 0.737892 0.599064
vt 0.062072 0.104295
vt 0.064676 0.097991
vt 0.237161 0.632047
vt 0.255442 0.418561
vt 0.092303 0.684038
vt 0.737841 0.642357
vt 0.127277 0.688908
vt 0.253876 0.365155
vt 0.233648 0.336106
vt 0.334129 0.724160
vt 0.031715 0.422408
vt 0.911463 0.842880
vt 0.924164 0.843073
vt 0.081819 0.465858
vt 0.531761 0.064911
vt 0.916674 0.916663
vt 0.268497 0.533360
vt 0.811903 0.618451
vt 0.121856 0.349161
vt 0.131527 0.361132
vt 0.796240 0.648226
vt 0.195295 0.355234
vt 0.071897 0.092506
vt 0.070476 0.093990
vt 0.072221 0.094175
vt 0.911540 0.975702
vt 0.923540 0.975420
vt 0.013549 0.067425
vt 0.818468 0.742780
vt 0.912035 0.777673
vt 0.106893 0.590179
vt 0.201877 0.634436
vt 0.867731 0.884703
vt 0.877287 0.891937
vt 0.186541 0.720182
vt 0.191564 0.718724
vt 0.834108 0.772653
vt 0.074332 0.872459
vt 0.091578 0.886402
vt 0.100390 0.847146
vt 0.865395 0.567641
vt 0.849659 0.566715
vt 0.856048 0.581687
vt 0.292836 0.464997
vt 0.939545 0.678956
vt 0.934026 0.678171
vt 0.050363 0.686554
vt 0.069374 0.093007
vt 0.843541 0.821264
vt 0.854433 0.808470
vt 0.246325 0.880438
vt 0.235593 0.882341
vt 0.071814 0.774110
vt 0.274402 0.320760
vt 0.284204 0.316065
vt 0.083537 0.349074
vt 0.834815 0.790055
vt 0.845952 0.784524
vt 0.827333 0.801052
vt 0.295715 0.357434
vt 0.232138 0.314642
vt 0.236049 0.324568
vt 0.333817 0.740985
vt 0.935683 0.841315
vt 0.933791 0.803527
vt 0.926470 0.805477
vt 0.192084 0.275004
vt 0.205405 0.268559
vt 0.818532 0.846630
vt 0.827910 0.851502
vt 0.283830 0.635181
vt 0.130491 0.392986
vt 0.140489 0.381116
vt 0.223371 0.907333
vt 0.060410 0.385110
vt 0.483865 0.079539
vt 0.421623 0.060837
vt 0.421391 0.206399
vt 0.274324 0.954465
vt 0.861816 0.771444
vt 0.871972 0.759140
vt 0.857863 0.759025
vt 0.144675 0.800336
vt 0.874375 0.969085
vt 0.492081 0.077673
vt 0.067197 0.381035
vt 0.480860 0.071437
vt 0.923938 0.858553
vt 0.917039 0.861366
vt 0.152382 0.706451
vt 0.154823 0.694905
vt 0.873665 0.809790
vt 0.820149 0.697401
vt 0.293135 0.618139
vt 0.766549 0.771701
vt 0.054207 0.459087
vt 0.049708 0.398651
vt 0.496849 0.092468
vt 0.090802 0.759919
vt 0.047244 0.030577
vt 0.062918 0.024453
vt 0.070763 0.049390
vt 0.803469 0.652505
vt 0.146188 0.800367
vt 0.150303 0.789257
vt 0.140311 0.792840
vt 0.388730 0.219199
vt 0.404329 0.196554
vt 0.784113 0.873060
vt 0.797005 0.874778
vt 0.786632 0.866557
vt 0.222037 0.355649
vt 0.775828 0.885698
vt 0.226284 0.370667
vt 0.724059 0.639850
vt 0.165148 0.614905
vt 0.339513 0.139714
vt 0.065925 0.822208
vt 0.070869 0.807858
vt 0.910109 0.854792
vt 0.072464 0.362960
vt 0.742166 0.856426
vt 0.053690 0.446385
vt 0.541424 0.070353
vt 0.864471 0.801842
vt 0.177171 0.752535
vt 0.174278 0.752192
vt 0.132150 0.767981
vt 0.770863 0.588572
vt 0.060381 0.776361
vt 0.139182 0.367912
vt 0.854174 0.954683
vt 0.306152 0.160477
vt 0.318048 0.140277
vt 0.319458 0.317499
vt 0.663786 0.391526
vt 0.088355 0.609860
vt 0.079089 0.622896
vt 0.117303 0.729751
vt 0.120108 0.735333
vt 0.133870 0.696569
vt 0.128985 0.703944
vt 0.253860 0.343153
vt 0.069383 0.421410
vt 0.526080 0.081113
vt 0.523557 0.065857
vt 0.521637 0.075824
vt 0.197691 0.742054
vt 0.171056 0.432725
vt 0.842950 0.672358
vt 0.123896 0.731068
vt 0.733434 0.833651
vt 0.914536 0.748768
vt 0.866086 0.626072
vt 0.855203 0.629432
vt 0.228272 0.261077
vt 0.233327 0.575057
vt 0.165018 0.396527
vt 0.382244 0.025143
vt 0.200779 0.565936
vt 0.373123 0.230922
vt 0.372690 0.220284
vt 0.368488 0.062076
vt 0.376365 0.073081
vt 0.111631 0.607684
vt 0.904996 0.627903
vt 0.063101 0.125012
vt 0.084676 0.112870
vt 0.043535 0.147446
vt 0.132485 0.746619
vt 0.133074 0.743927
vt 0.131570 0.711695
vt 0.128610 0.710571
vt 0.249209 0.333340
vt 0.283757 0.323630
vt 0.289885 0.325540
vt 0.076712 0.080497
vt 0.077498 0.084384
vt 0.079794 0.081238
vt 0.293266 0.759955
vt 0.057039 0.434453
vt 0.072330 0.646232
vt 0.084716 0.656887
vt 0.134920 0.372016
vt 0.904914 0.946959
vt 0.841822 0.665057
vt 0.836972 0.661575
vt 0.879284 0.753889
vt 0.855219 0.819531
vt 0.778819 0.747508
vt 0.783552 0.769508
vt 0.830018 0.723285
vt 0.831784 0.733731
vt 0.775977 0.817915
vt 0.777892 0.802214
vt 0.270057 0.448962
vt 0.866981 0.709849
vt 0.922704 0.639355
vt 0.902162 0.834251
vt 0.911348 0.836774
vt 0.303393 0.415243
vt 0.310436 0.427717
vt 0.315481 0.188322
vt 0.213280 0.578862
vt 0.207315 0.582475
vt 0.362046 0.214331
vt 0.168580 0.716101
vt 0.166041 0.720079
vt 0.170215 0.716075
vt 0.850874 0.700695
vt 0.853898 0.698731
vt 0.120370 0.614876
vt 0.429234 0.069168
vt 0.327714 0.418141
vt 0.663560 0.353228
vt 0.429234 0.197834
vt 0.410006 0.192032
vt 0.712945 0.612079
vt 0.890517 0.724883
vt 0.932247 0.666468
vt 0.175050 0.742069
vt 0.342170 0.166524
vt 0.358573 0.157983
vt 0.259599 0.677651
vt 0.278219 0.672772
vt 0.190425 0.621626
vt 0.179632 0.621557
vt 0.336264 0.156950
vt 0.783391 0.862818
vt 0.055608 0.733539
vt 0.065521 0.722005
vt 0.769041 0.628024
vt 0.208739 0.556221
vt 0.192231 0.756240
vt 0.190616 0.751522
vt 0.808531 0.926534
vt 0.744497 0.698113
vt 0.309458 0.310803
vt 0.107713 0.745984
vt 0.135429 0.709693
vt 0.895460 0.666890
vt 0.078425 0.101347
vt 0.077270 0.095903
vt 0.076553 0.098999
vt 0.159516 0.450881
vt 0.822299 0.672049
vt 0.826781 0.662103
vt 0.123343 0.832964
vt 0.133556 0.845747
vt 0.852492 0.545017
vt 0.853762 0.532423
vt 0.290281 0.962499
vt 0.158278 0.745053
vt 0.379058 0.131559
vt 0.380605 0.142201
vt 0.896688 0.723074
vt 0.804302 0.778885
vt 0.800102 0.767271
vt 0.235171 0.476852
vt 0.897339 0.763313
vt 0.206038 0.712216
vt 0.209251 0.701251
vt 0.309788 0.298457
vt 0.248454 0.553850
vt 0.253240 0.541892
vt 0.541084 0.075366
vt 0.718165 0.715334
vt 0.733273 0.708625
vt 0.208956 0.404217
vt 0.497805 0.083475
vt 0.181245 0.738812
vt 0.177888 0.736405
vt 0.095638 0.300581
vt 0.130831 0.193254
vt 0.093212 0.316826
vt 0.087472 0.669803
vt 0.093483 0.660899
vt 0.862262 0.838380
vt 0.244629 0.643655
vt 0.247722 0.655408
vt 0.090150 0.723387
vt 0.257332 0.478251
vt 0.088364 0.729376
vt 0.188197 0.841170
vt 0.814536 0.764504
vt 0.886778 0.809801
vt 0.310595 0.556393
vt 0.079829 0.422715
vt 0.531036 0.070616
vt 0.185473 0.762875
vt 0.075996 0.093578
vt 0.075350 0.095729
vt 0.237143 0.528677
vt 0.762267 0.667437
vt 0.146061 0.867504
vt 0.160857 0.870976
vt 0.153833 0.860390
vt 0.880301 0.700541
vt 0.831079 0.839854
vt 0.864434 0.714496
vt 0.872566 0.712485
vt 0.902275 0.849110
vt 0.072372 0.079731
vt 0.268406 0.561942
vt 0.259022 0.569458
vt 0.317203 0.589570
vt 0.266679 0.961523
vt 0.272654 0.367488
vt 0.099559 0.116383
vt 0.097962 0.120719
vt 0.185237 0.305857
vt 0.071119 0.088238
vt 0.074158 0.088955
vt 0.058191 0.100151
vt 0.062592 0.098229
vt 0.073176 0.099145
vt 0.694139 0.744673
vt 0.705646 0.752790
vt 0.712947 0.745609
vt 0.391947 0.147443
vt 0.391938 0.154137
vt 0.406149 0.184219
vt 0.291386 0.105832
vt 0.330443 0.400746
vt 0.663560 0.335621
vt 0.416712 0.182014
vt 0.299236 0.099368
vt 0.410749 0.172491
vt 0.142781 0.365594
vt 0.108152 0.902886
vt 0.330639 0.561211
vt 0.241189 0.449475
vt 0.326642 0.570294
vt 0.163090 0.346867
vt 0.859497 0.685162
vt 0.162807 0.550520
vt 0.002175 0.111812
vt 0.922266 0.724038
vt 0.081418 0.145998
vt 0.264906 0.484799
vt 0.279289 0.409471
vt 0.127240 0.844477
vt 0.105867 0.773074
vt 0.178776 0.413156
vt 0.186449 0.623752
vt 0.303463 0.693253
vt 0.282226 0.536029
vt 0.280746 0.510325
vt 0.067815 0.463087
vt 0.534802 0.076112
vt 0.311389 0.416462
vt 0.305177 0.187298
vt 0.166978 0.804929
vt 0.176360 0.801094
vt 0.201978 0.429180
vt 0.882662 0.723026
vt 0.244708 0.562970
vt 0.090061 0.061809
vt 0.206649 0.716988
vt 0.200818 0.723458
vt 0.129426 0.677255
vt 0.886571 0.743035
vt 0.889068 0.733939
vt 0.390757 0.090955
vt 0.746792 0.842462
vt 0.754295 0.855462
vt 0.090199 0.121985
vt 0.086052 0.115487
vt 0.334469 0.676168
vt 0.232247 0.368339
vt 0.232374 0.358361
vt 0.334438 0.691289
vt 0.140889 0.822566
vt 0.140655 0.817551
vt 0.134543 0.815127
vt 0.088142 0.086578
vt 0.115721 0.678044
vt 0.258092 0.385475
vt 0.703847 0.765165
vt 0.934564 0.928888
vt 0.082102 0.380754
vt 0.483309 0.054725
vt 0.773170 0.573102
vt 0.723146 0.748475
vt 0.230237 0.451202
vt 0.329534 0.545865
vt 0.242636 0.461193
vt 0.195420 0.320593
vt 0.798653 0.683661
vt 0.217384 0.707880
vt 0.871725 0.653418
vt 0.135532 0.621417
vt 0.147149 0.635631
vt 0.164250 0.706802
vt 0.897718 0.885094
vt 0.245755 0.870130
vt 0.145795 0.606022
vt 0.843680 0.686951
vt 0.835046 0.687049
vt 0.839677 0.698571
vt 0.286455 0.493701
vt 0.290913 0.278856
vt 0.850424 0.915355
vt 0.749437 0.673619
vt 0.734912 0.616837
vt 0.219960 0.405638
vt 0.066421 0.099029
vt 0.882903 0.665235
vt 0.138995 0.779998
vt 0.822177 0.833219
vt 0.758619 0.713915
vt 0.158211 0.684622
vt 0.098603 0.809545
vt 0.928482 0.954717
vt 0.217499 0.787651
vt 0.226707 0.780950
vt 0.152691 0.735467
vt 0.230719 0.555922
vt 0.816957 0.698601
vt 0.822117 0.709162
vt 0.059425 0.751064
vt 0.248272 0.820834
vt 0.228697 0.816147
vt 0.088061 0.101178
vt 0.091704 0.101870
vt 0.133642 0.335499
vt 0.026229 0.724030
vt 0.825743 0.684795
vt 0.089528 0.128406
vt 0.935548 0.856940
vt 0.280874 0.590651
vt 0.274135 0.598887
vt 0.814330 0.688319
vt 0.785349 0.654900
vt 0.094306 0.390286
vt 0.496239 0.041663
vt 0.269374 0.581846
vt 0.144224 0.674142
vt 0.067717 0.086934
vt 0.256972 0.726780
vt 0.515496 0.066100
vt 0.928231 0.656299
vt 0.937133 0.661287
vt 0.378885 0.103724
vt 0.035194 0.369248
vt 0.942865 0.918070
vt 0.078473 0.440678
vt 0.830328 0.631637
vt 0.156077 0.762420
vt 0.147134 0.758635
vt 0.299204 0.932865
vt 0.867967 0.553338
vt 0.862994 0.554684
vt 0.909873 0.682235
vt 0.192780 0.334045
vt 0.251800 0.825636
vt 0.087700 0.110879
vt 0.081371 0.078654
vt 0.863403 0.614328
vt 0.331424 0.586309
vt 0.238432 0.431040
vt 0.823607 0.560694
vt 0.747304 0.611418
vt 0.082288 0.688165
vt 0.035265 0.391592
vt 0.077028 0.749892
vt 0.902473 0.784477
vt 0.889821 0.771937
vt 0.140716 0.420899
vt 0.132449 0.418558
vt 0.779914 0.796580
vt 0.075151 0.740401
vt 0.810576 0.632112
vt 0.817599 0.626729
vt 0.746577 0.664008
vt 0.146189 0.706866
vt 0.939143 0.667623
vt 0.712660 0.616458
vt 0.707506 0.631325
vt 0.723641 0.631243
vt 0.790453 0.747800
vt 0.143566 0.592498
vt 0.346062 0.108407
vt 0.145801 0.596999
vt 0.234896 0.851424
vt 0.930016 0.647049
vt 0.202536 0.250383
vt 0.233087 0.783145
vt 0.206162 0.887729
vt 0.186355 0.890321
vt 0.099200 0.761561
vt 0.661529 0.405534
vt 0.315230 0.331492
vt 0.258787 0.611415
vt 0.206292 0.517764
vt 0.148773 0.745288
vt 0.180681 0.321588
vt 0.088536 0.792194
vt 0.928044 0.635910
vt 0.209155 0.243154
vt 0.172201 0.882212
vt 0.138832 0.715876
vt 0.190582 0.682397
vt 0.152950 0.627619
vt 0.168283 0.660300
vt 0.816212 0.674363
vt 0.087126 0.492139
vt 0.551148 0.053305
vt 0.100781 0.494485
vt 0.897758 0.744403
vt 0.894709 0.736242
vt 0.892581 0.893831
vt 0.330424 0.531311
vt 0.157104 0.753084
vt 0.938921 0.952860
vt 0.015230 0.384668
vt 0.118556 0.366652
vt 0.024350 0.080383
vt 0.195408 0.732167
vt 0.179394 0.534189
vt 0.839853 0.704802
vt 0.132891 0.808147
vt 0.911815 0.705753
vt 0.153459 0.812968
vt 0.275088 0.612929
vt 0.268068 0.618362
vt 0.248234 0.676930
vt 0.782259 0.666943
vt 0.062546 0.090755
vt 0.062921 0.094431
vt 0.777745 0.856848
vt 0.191128 0.407957
vt 0.941128 0.829107
vt 0.938869 0.840440
vt 0.109149 0.077100
vt 0.095709 0.089312
vt 0.902370 0.758195
vt 0.910669 0.758854
vt 0.827148 0.680500
vt 0.276583 0.573763
vt 0.126827 0.744981
vt 0.822481 0.895972
vt 0.805933 0.716808
vt 0.162262 0.629110
vt 0.052871 0.132331
vt 0.932471 0.785481
vt 0.120322 0.175826
vt 0.110777 0.845009
vt 0.274330 0.436395
vt 0.209833 0.669602
vt 0.085055 0.737507
vt 0.661529 0.422458
vt 0.933078 0.973648
vt 0.840541 0.559138
vt 0.923167 0.829773
vt 0.827381 0.867555
vt 0.105986 0.841501
vt 0.084216 0.104257
vt 0.073898 0.844731
vt 0.027405 0.430329
vt 0.073771 0.095711
vt 0.086973 0.727138
vt 0.117690 0.748151
vt 0.904299 0.765897
vt 0.850353 0.682656
vt 0.237183 0.274207
vt 0.913504 0.628637
vt 0.907364 0.636899
vt 0.100952 0.107216
vt 0.125155 0.809512
vt 0.131789 0.822501
vt 0.120572 0.727995
vt 0.784795 0.557474
vt 0.795159 0.563883
vt 0.164606 0.824096
vt 0.150912 0.598478
vt 0.345731 0.118426
vt 0.154325 0.604951
vt 0.342424 0.125474
vt 0.815852 0.795516
vt 0.825545 0.937512
vt 0.767087 0.611899
vt 0.315099 0.107795
vt 0.325264 0.105772
vt 0.335540 0.382325
vt 0.401377 0.143267
vt 0.086864 0.304162
vt 0.944686 0.824044
vt 0.174818 0.672099
vt 0.046138 0.398012
vt 0.079354 0.105079
vt 0.736149 0.874220
vt 0.080241 0.108271
vt 0.083654 0.108629
vt 0.159876 0.772157
vt 0.118349 0.489647
vt 0.185539 0.780120
vt 0.209428 0.810159
vt 0.135335 0.791289
vt 0.380116 0.146923
vt 0.368987 0.156404
vt 0.792506 0.786976
vt 0.803118 0.793734
vt 0.112374 0.393070
vt 0.119424 0.397794
vt 0.353652 0.084691
vt 0.822213 0.683672
vt 0.749046 0.690990
vt 0.787946 0.805924
vt 0.799660 0.806732
vt 0.785872 0.622927
vt 0.165926 0.458955
vt 0.807056 0.783680
vt 0.107153 0.426576
vt 0.730944 0.782454
vt 0.841197 0.730114
vt 0.180142 0.768110
vt 0.204075 0.539015
vt 0.210266 0.532570
vt 0.396302 0.039405
vt 0.392573 0.224504
vt 0.138828 0.441876
vt 0.123628 0.596025
vt 0.060350 0.865305
vt 0.132791 0.799574
vt 0.509924 0.061458
vt 0.503565 0.068445
vt 0.368590 0.211186
vt 0.369635 0.203317
vt 0.881432 0.711241
vt 0.192005 0.654518
vt 0.811401 0.636788
vt 0.921687 0.874369
vt 0.764763 0.651189
vt 0.756584 0.657850
vt 0.772642 0.654535
vt 0.406406 0.103921
vt 0.315776 0.139427
vt 0.732881 0.622023
vt 0.381440 0.114954
vt 0.388285 0.132151
vt 0.331212 0.619608
vt 0.235072 0.407599
vt 0.311874 0.443851
vt 0.335540 0.414560
vt 0.327988 0.179268
vt 0.230549 0.440898
vt 0.896058 0.620751
vt 0.400901 0.097915
vt 0.756456 0.579164
vt 0.179329 0.672520
vt 0.172237 0.684208
vt 0.272253 0.360908
vt 0.098453 0.768011
vt 0.791072 0.635292
vt 0.123527 0.822839
vt 0.785474 0.576452
vt 0.819327 0.614913
vt 0.313981 0.453241
vt 0.331167 0.422913
vt 0.284939 0.917621
vt 0.312183 0.386861
vt 0.330749 0.355861
vt 0.661529 0.499573
vt 0.335540 0.507378
vt 0.138282 0.122761
vt 0.936562 0.785352
vt 0.077706 0.229086
vt 0.195276 0.265274
vt 0.747864 0.776008
vt 0.022183 0.796787
vt 0.264066 0.765305
vt 0.102300 0.663807
vt 0.226032 0.710205
vt 0.110523 0.809081
vt 0.133117 0.398341
vt 0.071619 0.095092
vt 0.322328 0.157540
vt 0.207358 0.485626
vt 0.875293 0.720631
vt 0.160874 0.797352
vt 0.210429 0.645776
vt 0.835992 0.766123
vt 0.072856 0.101856
vt 0.926033 0.663138
vt 0.661529 0.339895
vt 0.419402 0.186451
vt 0.068022 0.101192
vt 0.165823 0.881968
vt 0.799063 0.677875
vt 0.122798 0.473163
vt 0.901083 0.820435
vt 0.744885 0.583450
vt 0.830140 0.832562
vt 0.114278 0.446587
vt 0.289517 0.126702
vt 0.096523 0.371711
vt 0.826487 0.909857
vt 0.160292 0.411538
vt 0.211924 0.775762
vt 0.066482 0.085473
vt 0.086661 0.112179
vt 0.384576 0.148120
vt 0.220768 0.759935
vt 0.206443 0.760075
vt 0.910184 0.875076
vt 0.092976 0.359573
vt 0.213657 0.649075
vt 0.243285 0.809695
vt 0.880128 0.853378
vt 0.802705 0.561162
vt 0.135411 0.470486
vt 0.160694 0.313991
vt 0.133188 0.058502
vt 0.090992 0.062998
vt 0.217094 0.742380
vt 0.881831 0.900507
vt 0.182604 0.642612
vt 0.226093 0.479435
vt 0.382329 0.155270
vt 0.295843 0.386383
vt 0.330758 0.571349
vt 0.239725 0.441981
vt 0.908738 0.770100
vt 0.080277 0.086116
vt 0.230314 0.256031
vt 0.295754 0.830246
vt 0.371645 0.167499
vt 0.848065 0.700504
vt 0.149875 0.807907
vt 0.196074 0.706161
vt 0.075181 0.091865
vt 0.188479 0.669554
vt 0.031173 0.060887
vt 0.173730 0.706978
vt 0.104057 0.798162
vt 0.066982 0.126190
vt 0.152069 0.348764
vt 0.789924 0.726012
vt 0.221712 0.876846
vt 0.175528 0.703279
vt 0.179036 0.692094
vt 0.071405 0.100014
vt 0.137011 0.397487
vt 0.213422 0.558260
vt 0.129007 0.732317
vt 0.260948 0.550081
vt 0.920735 0.620314
vt 0.131568 0.741032
vt 0.134024 0.735760
vt 0.220755 0.624213
vt 0.859589 0.544368
vt 0.664510 0.407524
vt 0.231642 0.765464
vt 0.231334 0.684025
vt 0.159620 0.767071
vt 0.147118 0.844832
vt 0.815301 0.748746
vt 0.764704 0.900165
vt 0.764147 0.879536
vt 0.760286 0.778426
vt 0.189579 0.462684
vt 0.260843 0.317540
vt 0.262698 0.741434
vt 0.378304 0.041442
vt 0.020785 0.037285
vt 0.056685 0.723609
vt 0.180987 0.803493
vt 0.899937 0.955058
vt 0.891843 0.946995
vt 0.753555 0.684990
vt 0.264070 0.371238
vt 0.293259 0.406149
vt 0.363427 0.079227
vt 0.254819 0.434939
vt 0.083318 0.693878
vt 0.265094 0.432643
vt 0.147975 0.739262
vt 0.099289 0.127169
vt 0.064102 0.086536
vt 0.289294 0.551995
vt 0.831378 0.877431
vt 0.822997 0.804792
vt 0.836481 0.702186
vt 0.236906 0.718260
vt 0.779722 0.689887
vt 0.287301 0.704910
vt 0.224046 0.604106
vt 0.093540 0.119431
vt 0.090511 0.748492
vt 0.818898 0.633994
vt 0.764806 0.807510
vt 0.240182 0.251083
vt 0.731194 0.584275
vt 0.915042 0.837856
vt 0.140066 0.795256
vt 0.135764 0.706565
vt 0.169078 0.772107
vt 0.298050 0.366253
vt 0.788906 0.585603
vt 0.072140 0.096014
vt 0.221993 0.751400
vt 0.156574 0.714376
vt 0.161323 0.717627
vt 0.222435 0.680493
vt 0.038120 0.747963
vt 0.167026 0.692448
vt 0.852174 0.752745
vt 0.146162 0.878381
vt 0.800848 0.671026
vt 0.295455 0.731847
vt 0.062864 0.850981
vt 0.247063 0.532064
vt 0.827298 0.646131
vt 0.735443 0.848964
vt 0.781938 0.592153
vt 0.154999 0.403479
vt 0.174347 0.790111
vt 0.781648 0.636503
vt 0.854726 0.641904
vt 0.680883 0.744917
vt 0.898108 0.876828
vt 0.012443 0.021890
vt 0.942802 0.683102
vt 0.534509 0.060871
vt 0.317719 0.829350
vt 0.714969 0.694639
vt 0.687816 0.816772
vt 0.792770 0.613729
vt 0.127850 0.082133
vt 0.065054 0.449186
vt 0.757540 0.635657
vt 0.497169 0.050985
vt 0.247884 0.586233
vt 0.103729 0.750455
vt 0.793531 0.833937
vt 0.158937 0.420509
vt 0.862590 0.922757
vt 0.689504 0.825901
vt 0.182570 0.788480
vt 0.839053 0.756106
vt 0.849251 0.707042
vt 0.787670 0.640832
vt 0.109883 0.481857
vt 0.123598 0.721473
vt 0.252478 0.314482
vt 0.061388 0.082440
vt 0.219358 0.753438
vt 0.931608 0.964091
vt 0.189776 0.628687
vt 0.709813 0.766006
vt 0.151545 0.755282
vt 0.927146 0.627669
vt 0.215590 0.237942
vt 0.665441 0.415895
s 1
f 1293/1293/1 1295/1295/2 2/2/3
f 1296/1296/4 3/3/5 1297/1297/6
f 6/6/7 1299/1299/8 1298/1298/9
f 1301/1301/10 9/9/11 7/7/12
f 10/10/13 12/12/14 11/11/15
f 10/10/13 11/11/15 13/13/16
f 1302/1302/17 1304/1304/18 14/14/19
f 14/14/19 1304/1304/18 1305/1305/20
f 1305/1305/20 15/15/21 1306/1306/22
f 1307/1307/23 14/14/19 1306/1306/22
f 1306/1306/22 16/16/24 1307/1307/23
f 1306/1306/22 14/14/19 1305/1305/20
f 1308/1308/25 17/17/26 1309/1309/27
f 18/18/28 20/20/29 19/19/30
f 1320/1320/31 21/21/32 1321/1321/33
f 22/22/34 25/25/35 1322/1322/36
f 26/26/37 1323/1323/36 24/24/38
f 27/27/39 29/29/40 28/28/41
f 32/32/42 34/34/43 1325/1325/44
f 36/36/45 1326/1326/46 37/37/47
f 1327/1327/48 1328/1328/49 38/38/50
f 1330/1330/51 41/41/52 39/39/53
f 42/42/54 1331/1331/55 43/43/56
f 1332/1332/57 44/44/58 1333/1333/59
f 1334/1334/60 45/45/61 1335/1335/62
f 1338/1338/63 1339/1339/64 46/46/65
f 1340/1340/66 48/48/67 1341/1341/68
f 1342/1342/69 51/51/70 49/49/71
f 1343/1343/72 53/53/73 1344/1344/74
f 54/54/75 1345/1345/76 55/55/77
f 56/56/78 1346/1346/79 57/57/80
f 1348/1348/81 59/59/82 1349/1349/83
f 1350/1350/84 1351/1351/85 60/60/86
f 1352/1352/87 62/62/88 61/61/89
f 64/64/90 2932/2932/91 1359/1359/92
f 1360/1360/93 1361/1361/94 65/65/95
f 1363/1363/96 21/21/32 1320/1320/31
f 1364/1364/97 67/67/98 66/66/99
f 1365/1365/100 68/68/101 1366/1366/102
f 69/69/103 1367/1367/104 70/70/105
f 71/71/106 73/73/107 72/72/108
f 74/74/109 76/76/110 75/75/111
f 77/77/112 79/79/113 78/78/114
f 1368/1368/115 1369/1369/116 80/80/117
f 1370/1370/118 81/81/119 1371/1371/120
f 1372/1372/121 83/83/122 82/82/123
f 1373/1373/124 1374/1374/125 84/84/126
f 1375/1375/127 86/86/128 85/85/129
f 1376/1376/130 1377/1377/131 87/87/132
f 1378/1378/133 89/89/134 88/88/135
f 90/90/136 91/91/137 1379/1379/138
f 92/92/139 93/93/140 1383/1383/141
f 1314/1314/142 1315/1315/143 94/94/144
f 95/95/145 96/96/146 1384/1384/147
f 97/97/148 1385/1385/149 98/98/150
f 99/99/151 101/101/152 100/100/153
f 1386/1386/154 1364/1364/97 102/102/155
f 103/103/156 1388/1388/157 1387/1387/158
f 104/104/159 1390/1390/160 1389/1389/161
f 1391/1391/162 106/106/163 105/105/164
f 1392/1392/165 107/107/166 1393/1393/167
f 1394/1394/168 1395/1395/169 108/108/170
f 1396/1396/171 110/110/172 109/109/173
f 111/111/174 1397/1397/175 1329/1329/176
f 1398/1398/177 1399/1399/178 113/113/179
f 114/114/180 1317/1317/181 115/115/182
f 116/116/183 117/117/184 1400/1400/185
f 118/118/186 1401/1401/187 119/119/188
f 1402/1402/189 120/120/190 1404/1404/191
f 121/121/192 122/122/193 1405/1405/194
f 123/123/195 124/124/196 1406/1406/197
f 1409/1409/198 1410/1410/199 114/114/180
f 125/125/200 127/127/201 126/126/202
f 1411/1411/203 129/129/204 128/128/205
f 1412/1412/206 130/130/207 1413/1413/208
f 131/131/209 132/132/210 1414/1414/211
f 1418/1418/212 136/136/213 134/134/214
f 1419/1419/215 137/137/216 1420/1420/217
f 138/138/218 1422/1422/219 1421/1421/220
f 139/139/221 1423/1423/222 140/140/223
f 13/13/16 11/11/15 1424/1424/224
f 141/141/225 143/143/226 142/142/227
f 1425/1425/228 1426/1426/229 144/144/230
f 1427/1427/231 1428/1428/232 145/145/233
f 1369/1369/116 1429/1429/234 80/80/117
f 146/146/235 149/149/236 147/147/237
f 1430/1430/238 150/150/239 1431/1431/240
f 1432/1432/241 1433/1433/242 151/151/243
f 1434/1434/244 152/152/245 1435/1435/246
f 153/153/247 155/155/248 154/154/249
f 34/34/43 158/158/250 156/156/251
f 1437/1437/252 162/162/253 160/160/254
f 163/163/255 1438/1438/256 164/164/257
f 1439/1439/258 166/166/259 165/165/260
f 167/167/261 1440/1440/262 169/169/263
f 170/170/264 1442/1442/265 1441/1441/266
f 171/171/267 1444/1444/268 1443/1443/269
f 56/56/78 57/57/80 1448/1448/270
f 28/28/41 173/173/271 172/172/272
f 174/174/273 176/176/274 175/175/275
f 43/43/56 1331/1331/55 1449/1449/276
f 177/177/277 178/178/278 1450/1450/279
f 41/41/52 179/179/280 39/39/53
f 180/180/281 1455/1455/282 1454/1454/283
f 181/181/284 1457/1457/285 1456/1456/286
f 1458/1458/287 1459/1459/288 182/182/289
f 1463/1463/290 183/183/291 1464/1464/292
f 174/174/273 175/175/275 1465/1465/293
f 15/15/21 185/185/294 184/184/295
f 186/186/296 188/188/297 187/187/298
f 1470/1470/299 1471/1471/300 189/189/301
f 163/163/255 1472/1472/302 190/190/303
f 1473/1473/304 1474/1474/305 191/191/306
f 192/192/307 196/196/308 194/194/309
f 1396/1396/171 197/197/310 110/110/172
f 1478/1478/311 199/199/312 198/198/313
f 200/200/314 201/201/315 1479/1479/316
f 1480/1480/317 148/148/237 1481/1481/318
f 1482/1482/319 1376/1376/130 87/87/132
f 202/202/320 1489/1489/321 140/140/223
f 204/204/322 205/205/323 1491/1491/324
f 1492/1492/325 1493/1493/326 206/206/327
f 1494/1494/328 1495/1495/329 207/207/330
f 208/208/331 1497/1497/332 1496/1496/333
f 1499/1499/334 211/211/335 1500/1500/336
f 212/212/337 125/125/200 126/126/202
f 213/213/338 215/215/339 214/214/340
f 216/216/341 217/217/342 1501/1501/343
f 70/70/105 1502/1502/344 218/218/345
f 219/219/346 1503/1503/347 220/220/348
f 221/221/349 1504/1504/350 222/222/351
f 1505/1505/352 223/223/353 1506/1506/354
f 224/224/355 1507/1507/356 225/225/357
f 1404/1404/191 228/228/358 1510/1510/359
f 229/229/360 1512/1512/361 1511/1511/362
f 1513/1513/363 230/230/364 1514/1514/365
f 91/91/137 231/231/366 1515/1515/367
f 232/232/368 233/233/369 1519/1519/370
f 1360/1360/93 1520/1520/371 234/234/372
f 235/235/373 1521/1521/374 236/236/375
f 237/237/376 1523/1523/377 1522/1522/378
f 1524/1524/379 1421/1421/220 238/238/380
f 1525/1525/381 240/240/382 239/239/383
f 241/241/384 243/243/385 242/242/386
f 244/244/387 245/245/388 1526/1526/389
f 1531/1531/390 1532/1532/391 247/247/392
f 1533/1533/393 248/248/394 1534/1534/395
f 1535/1535/396 249/249/397 1536/1536/398
f 1537/1537/399 251/251/400 1538/1538/401
f 252/252/402 1539/1539/403 253/253/404
f 254/254/405 1540/1540/406 255/255/407
f 1541/1541/408 197/197/310 1542/1542/409
f 256/256/410 257/257/411 1544/1544/412
f 1545/1545/413 1546/1546/414 258/258/415
f 259/259/416 260/260/417 1552/1552/418
f 261/261/419 47/47/65 262/262/420
f 1553/1553/421 218/218/345 263/263/422
f 1554/1554/423 264/264/424 1555/1555/425
f 265/265/426 1556/1556/427 266/266/428
f 1301/1301/10 7/7/12 267/267/429
f 1557/1557/430 270/270/431 269/269/432
f 1558/1558/433 272/272/434 271/271/435
f 1560/1560/436 273/273/437 1561/1561/438
f 274/274/439 275/275/440 1562/1562/441
f 276/276/442 1563/1563/443 277/277/444
f 278/278/445 280/280/446 279/279/447
f 241/241/384 1568/1568/448 1567/1567/449
f 281/281/450 283/283/451 282/282/452
f 284/284/453 1570/1570/454 1569/1569/455
f 244/244/387 1571/1571/456 285/285/457
f 286/286/458 1572/1572/459 288/288/460
f 289/289/461 54/54/75 1573/1573/462
f 2986/2986/463 2640/2640/464 291/291/465
f 1575/1575/466 1576/1576/467 292/292/468
f 1344/1344/74 293/293/469 1577/1577/470
f 294/294/471 296/296/472 295/295/473
f 75/75/111 1578/1578/474 297/297/475
f 298/298/476 1579/1579/477 299/299/478
f 300/300/479 302/302/480 301/301/481
f 303/303/482 305/305/483 304/304/484
f 306/306/485 307/307/486 1582/1582/487
f 308/308/488 312/312/489 310/310/490
f 1583/1583/491 1584/1584/492 313/313/493
f 2870/2870/494 1585/1585/495 2952/2952/496
f 1400/1400/185 315/315/497 314/314/498
f 1586/1586/499 317/317/500 316/316/501
f 318/318/502 84/84/126 1591/1591/503
f 1360/1360/93 65/65/95 1520/1520/371
f 319/319/504 1592/1592/505 1334/1334/60
f 320/320/506 1583/1583/491 313/313/493
f 321/321/507 323/323/508 322/322/509
f 3010/3010/510 2916/2916/511 324/324/512
f 316/316/501 1602/1602/513 325/325/514
f 1603/1603/515 326/326/516 1604/1604/517
f 1605/1605/518 1606/1606/519 103/103/156
f 328/328/520 329/329/521 1608/1608/522
f 1609/1609/523 298/298/476 1610/1610/524
f 1611/1611/525 1612/1612/526 331/331/527
f 12/12/14 10/10/13 332/332/528
f 333/333/529 334/334/530 93/93/140
f 336/336/531 40/40/52 1613/1613/532
f 2954/2954/533 337/337/534 2642/2642/535
f 1373/1373/124 84/84/126 338/338/536
f 1619/1619/537 340/340/538 339/339/539
f 1620/1620/540 342/342/541 341/341/542
f 1621/1621/543 346/346/544 344/344/545
f 1622/1622/546 347/347/547 1369/1369/116
f 1623/1623/548 348/348/549 1624/1624/550
f 86/86/128 349/349/551 1610/1610/524
f 1625/1625/552 350/350/553 1626/1626/554
f 351/351/555 353/353/556 352/352/557
f 354/354/558 1627/1627/559 177/177/277
f 1628/1628/560 1629/1629/561 355/355/562
f 356/356/563 1631/1631/564 1630/1630/565
f 357/357/566 1633/1633/567 1632/1632/568
f 1634/1634/569 1563/1563/443 276/276/442
f 360/360/570 362/362/571 361/361/572
f 164/164/257 1640/1640/573 1638/1638/574
f 50/50/71 52/52/70 98/98/150
f 1641/1641/575 364/364/576 363/363/577
f 365/365/578 367/367/579 1642/1642/580
f 368/368/581 1523/1523/377 237/237/376
f 369/369/582 1651/1651/583 370/370/584
f 1613/1613/532 371/371/585 336/336/531
f 372/372/586 1344/1344/74 53/53/73
f 1653/1653/587 373/373/588 1654/1654/589
f 375/375/590 1656/1656/591 1655/1655/592
f 376/376/593 377/377/594 1657/1657/595
f 378/378/596 1442/1442/265 379/379/597
f 380/380/598 382/382/599 381/381/600
f 1658/1658/601 1659/1659/602 383/383/603
f 385/385/604 1661/1661/605 1660/1660/606
f 1665/1665/607 248/248/394 1666/1666/608
f 386/386/609 1667/1667/610 387/387/611
f 1668/1668/612 161/161/613 1436/1436/614
f 1633/1633/567 388/388/615 1632/1632/568
f 1669/1669/616 390/390/617 389/389/618
f 391/391/619 32/32/42 1325/1325/44
f 392/392/620 1677/1677/621 1676/1676/622
f 1678/1678/623 393/393/624 20/20/29
f 1679/1679/625 395/395/626 394/394/627
f 297/297/475 397/397/628 396/396/629
f 1680/1680/630 12/12/14 332/332/528
f 1681/1681/631 1682/1682/632 398/398/633
f 1683/1683/634 107/107/166 1392/1392/165
f 399/399/635 1684/1684/636 400/400/637
f 401/401/638 1686/1686/639 1685/1685/640
f 402/402/641 403/403/642 1687/1687/643
f 404/404/644 1690/1690/645 405/405/646
f 245/245/388 285/285/457 406/406/647
f 407/407/648 1345/1345/76 408/408/649
f 341/341/542 1691/1691/650 1620/1620/540
f 409/409/651 1692/1692/652 410/410/653
f 1693/1693/654 412/412/655 1695/1695/656
f 413/413/657 415/415/658 414/414/659
f 1704/1704/660 1705/1705/661 416/416/662
f 417/417/663 1710/1710/664 215/215/339
f 132/132/210 131/131/209 1711/1711/665
f 1715/1715/666 418/418/667 1716/1716/668
f 53/53/73 419/419/669 1721/1721/670
f 1722/1722/671 1723/1723/672 420/420/673
f 423/423/674 425/425/675 1727/1727/676
f 1573/1573/462 54/54/75 426/426/677
f 1729/1729/678 428/428/679 427/427/680
f 1730/1730/681 429/429/682 1731/1731/683
f 430/430/684 431/431/685 1411/1411/203
f 1389/1389/161 433/433/686 432/432/687
f 1735/1735/688 436/436/689 435/435/690
f 413/413/657 414/414/659 275/275/440
f 437/437/691 1736/1736/692 438/438/693
f 1737/1737/694 1738/1738/695 439/439/696
f 440/440/697 441/441/698 1739/1739/699
f 297/297/475 1578/1578/474 442/442/700
f 443/443/701 220/220/348 1503/1503/347
f 1743/1743/702 445/445/703 444/444/704
f 1683/1683/634 1744/1744/705 107/107/166
f 446/446/706 277/277/444 249/249/397
f 1649/1649/707 1745/1745/708 229/229/360
f 1329/1329/176 1397/1397/175 40/40/52
f 1746/1746/709 447/447/710 1747/1747/711
f 1748/1748/712 448/448/713 149/149/236
f 1749/1749/714 449/449/715 1623/1623/548
f 450/450/716 452/452/717 451/451/718
f 1750/1750/719 106/106/163 1751/1751/720
f 453/453/721 455/455/722 454/454/723
f 456/456/724 457/457/725 1752/1752/726
f 458/458/727 1759/1759/728 1755/1755/729
f 1624/1624/550 348/348/549 1395/1395/169
f 459/459/730 1605/1605/518 460/460/731
f 461/461/732 462/462/733 1760/1760/734
f 461/461/732 463/463/735 462/462/733
f 1761/1761/736 464/464/737 1762/1762/738
f 37/37/47 1764/1764/739 1763/1763/740
f 465/465/741 467/467/742 466/466/743
f 468/468/744 1479/1479/316 469/469/745
f 117/117/184 470/470/746 315/315/497
f 471/471/747 1767/1767/748 1683/1683/634
f 1768/1768/749 1566/1566/750 472/472/751
f 356/356/563 1630/1630/565 473/473/752
f 1599/1599/753 375/375/590 1655/1655/592
f 1769/1769/754 475/475/755 474/474/756
f 1770/1770/757 477/477/758 476/476/759
f 44/44/58 1332/1332/57 478/478/760
f 1771/1771/761 1772/1772/762 479/479/763
f 1706/1706/764 1773/1773/765 480/480/766
f 1774/1774/767 482/482/768 481/481/769
f 484/484/770 485/485/771 1489/1489/321
f 1313/1313/772 1310/1310/773 351/351/555
f 1776/1776/774 260/260/417 486/486/775
f 487/487/776 489/489/777 488/488/778
f 491/491/779 492/492/780 1777/1777/781
f 1780/1780/782 1479/1479/316 201/201/315
f 2968/2968/783 1336/1336/784 3106/3106/785
f 493/493/786 1781/1781/787 494/494/788
f 1731/1731/683 495/495/789 1737/1737/694
f 1782/1782/790 1783/1783/791 496/496/792
f 1785/1785/793 498/498/794 497/497/795
f 1786/1786/796 500/500/797 499/499/798
f 356/356/563 1527/1527/799 1631/1631/564
f 501/501/800 1787/1787/801 502/502/802
f 1573/1573/462 447/447/710 289/289/461
f 1723/1723/672 1788/1788/803 503/503/804
f 1789/1789/805 504/504/806 1790/1790/807
f 395/395/626 1791/1791/808 505/505/809
f 1792/1792/810 1510/1510/359 398/398/633
f 469/469/745 1510/1510/359 1792/1792/810
f 407/407/648 1603/1603/515 506/506/811
f 234/234/372 1520/1520/371 507/507/812
f 1797/1797/813 508/508/814 1798/1798/815
f 509/509/816 511/511/817 1799/1799/818
f 1800/1800/819 1539/1539/403 252/252/402
f 1803/1803/820 392/392/620 1438/1438/256
f 1806/1806/821 512/512/822 1807/1807/823
f 1808/1808/824 514/514/825 513/513/826
f 198/198/313 520/520/827 519/519/828
f 3030/3030/829 521/521/830 2980/2980/831
f 511/511/817 525/525/832 522/522/833
f 1633/1633/567 526/526/834 388/388/615
f 519/519/828 527/527/835 198/198/313
f 1815/1815/836 529/529/837 528/528/838
f 530/530/839 242/242/386 531/531/840
f 2968/2968/783 2930/2930/841 1336/1336/784
f 1817/1817/842 523/523/833 1818/1818/843
f 1430/1430/238 533/533/844 532/532/845
f 1730/1730/681 1819/1819/846 429/429/682
f 534/534/847 1822/1822/848 1821/1821/849
f 1823/1823/850 535/535/851 1824/1824/852
f 1637/1637/853 536/536/854 1825/1825/855
f 537/537/856 539/539/857 538/538/858
f 540/540/859 541/541/860 1425/1425/228
f 93/93/140 1827/1827/861 1826/1826/862
f 1828/1828/863 1385/1385/149 542/542/864
f 543/543/865 240/240/382 1525/1525/381
f 1829/1829/866 1830/1830/867 544/544/868
f 1831/1831/869 546/546/870 545/545/871
f 1832/1832/872 548/548/873 547/547/874
f 1833/1833/875 550/550/876 1835/1835/877
f 1783/1783/791 1836/1836/878 551/551/879
f 552/552/880 554/554/881 553/553/882
f 555/555/883 1840/1840/884 1839/1839/885
f 1486/1486/886 556/556/887 477/477/758
f 36/36/45 37/37/47 557/557/888
f 460/460/731 1605/1605/518 1843/1843/889
f 2982/2982/890 2720/2720/891 558/558/892
f 96/96/146 1845/1845/893 1844/1844/894
f 393/393/624 1318/1318/895 1846/1846/896
f 1763/1763/740 1849/1849/897 561/561/898
f 1850/1850/899 541/541/860 540/540/859
f 1440/1440/262 167/167/261 562/562/900
f 1681/1681/631 564/564/901 1682/1682/632
f 149/149/236 292/292/468 1576/1576/467
f 208/208/331 1854/1854/902 1497/1497/332
f 565/565/903 566/566/904 1428/1428/232
f 1501/1501/343 568/568/905 567/567/906
f 564/564/901 1681/1681/631 228/228/358
f 569/569/907 1860/1860/908 1859/1859/909
f 302/302/480 1862/1862/910 1861/1861/911
f 570/570/912 1863/1863/913 141/141/225
f 97/97/148 542/542/864 1385/1385/149
f 1864/1864/914 572/572/915 571/571/916
f 573/573/917 574/574/918 1865/1865/919
f 575/575/920 576/576/921 1866/1866/922
f 229/229/360 1745/1745/708 1512/1512/361
f 577/577/923 579/579/924 1868/1868/925
f 1870/1870/926 321/321/507 322/322/509
f 24/24/38 1871/1871/927 26/26/37
f 1872/1872/928 1874/1874/929 169/169/263
f 580/580/930 1876/1876/931 1791/1791/808
f 546/546/870 1829/1829/866 544/544/868
f 1880/1880/932 582/582/933 1882/1882/934
f 509/509/816 1799/1799/818 583/583/935
f 3036/3036/936 1712/1712/937 3070/3070/938
f 28/28/41 586/586/939 585/585/940
f 1479/1479/316 1886/1886/941 469/469/745
f 587/587/942 183/183/291 1463/1463/290
f 1303/1303/943 589/589/944 588/588/945
f 1297/1297/6 177/177/277 1450/1450/279
f 590/590/946 591/591/947 1887/1887/948
f 231/231/366 1889/1889/949 1515/1515/367
f 592/592/950 1444/1444/268 1890/1890/951
f 1892/1892/952 593/593/953 1893/1893/954
f 496/496/792 1860/1860/908 1894/1894/955
f 594/594/956 1523/1523/377 1893/1893/954
f 2/2/3 596/596/957 1293/1293/1
f 1650/1650/958 597/597/959 1745/1745/708
f 598/598/960 600/600/961 599/599/962
f 601/601/963 1895/1895/964 602/602/965
f 1896/1896/966 604/604/967 603/603/968
f 1897/1897/969 1781/1781/787 493/493/786
f 515/515/970 1898/1898/971 380/380/598
f 1863/1863/913 1899/1899/972 605/605/973
f 606/606/974 607/607/975 1902/1902/976
f 1773/1773/765 608/608/977 480/480/766
f 609/609/978 610/610/979 607/607/975
f 611/611/980 612/612/981 1901/1901/982
f 1903/1903/983 614/614/984 613/613/985
f 593/593/953 1904/1904/986 211/211/335
f 1500/1500/336 616/616/987 615/615/988
f 1729/1729/678 1906/1906/989 428/428/679
f 1907/1907/990 618/618/991 1909/1909/992
f 1911/1911/993 453/453/721 1912/1912/994
f 1913/1913/995 1914/1914/996 262/262/420
f 1915/1915/997 1916/1916/998 287/287/999
f 1685/1685/640 1922/1922/1000 620/620/1001
f 1306/1306/22 15/15/21 16/16/24
f 621/621/1002 622/622/1003 1924/1924/1004
f 623/623/1005 1514/1514/365 1925/1925/1006
f 624/624/1007 530/530/839 1926/1926/1008
f 1892/1892/952 368/368/581 625/625/1009
f 1612/1612/526 1927/1927/1010 331/331/527
f 626/626/1011 1399/1399/178 537/537/856
f 598/598/960 1930/1930/1012 600/600/961
f 627/627/1013 1722/1722/671 628/628/1014
f 629/629/1015 305/305/483 303/303/482
f 1931/1931/1016 630/630/1017 1417/1417/1018
f 1932/1932/1019 1549/1549/1020 180/180/281
f 1521/1521/374 1842/1842/1021 236/236/375
f 1933/1933/1022 1935/1935/1023 631/631/1024
f 1936/1936/1025 160/160/254 1937/1937/1026
f 186/186/296 632/632/1027 142/142/227
f 633/633/1028 1938/1938/1029 453/453/721
f 634/634/1030 635/635/1031 1939/1939/1032
f 636/636/1033 1724/1724/1034 1941/1941/1035
f 637/637/1036 471/471/747 1942/1942/1037
f 339/339/539 1529/1529/1038 1619/1619/537
f 1945/1945/1039 639/639/1040 1946/1946/1041
f 1659/1659/602 1953/1953/1042 48/48/67
f 493/493/786 641/641/1043 1954/1954/1044
f 454/454/723 1956/1956/1045 1955/1955/1046
f 1526/1526/389 414/414/659 244/244/387
f 642/642/1047 1957/1957/1048 643/643/1049
f 2966/2966/1050 1336/1336/784 2970/2970/1051
f 3106/3106/785 1336/1336/784 2966/2966/1050
f 1958/1958/1052 473/473/752 644/644/1053
f 645/645/1054 1960/1960/1055 1959/1959/1056
f 1371/1371/120 609/609/978 1943/1943/1057
f 646/646/1058 647/647/1059 1961/1961/1060
f 1822/1822/848 570/570/912 1962/1962/1061
f 1596/1596/1062 196/196/308 192/192/307
f 1565/1565/1063 1566/1566/750 648/648/1064
f 649/649/1065 624/624/1007 650/650/1066
f 1963/1963/1067 652/652/1068 651/651/1069
f 1964/1964/1070 1740/1740/1071 653/653/1072
f 654/654/1073 656/656/1074 655/655/1075
f 258/258/415 1546/1546/414 168/168/261
f 407/407/648 506/506/811 1345/1345/76
f 657/657/1076 1770/1770/757 658/658/1077
f 659/659/1078 660/660/1079 1815/1815/836
f 359/359/1080 1410/1410/199 1409/1409/198
f 661/661/1081 1969/1969/1082 660/660/1079
f 1566/1566/750 662/662/1083 1970/1970/1084
f 1367/1367/104 1502/1502/344 70/70/105
f 158/158/250 1971/1971/1085 156/156/251
f 1972/1972/1086 553/553/882 1973/1973/1087
f 663/663/1088 657/657/1076 664/664/1089
f 1977/1977/1090 1979/1979/1091 665/665/1092
f 1984/1984/1093 667/667/1094 1985/1985/1095
f 668/668/1096 1986/1986/1097 1938/1938/1029
f 669/669/1098 376/376/593 1657/1657/595
f 670/670/1099 1680/1680/630 1993/1993/1100
f 1994/1994/1101 672/672/1102 671/671/1103
f 545/545/871 534/534/847 1821/1821/849
f 1995/1995/1104 673/673/1105 372/372/586
f 674/674/1106 1998/1998/1107 1996/1996/1108
f 676/676/1109 677/677/1110 1494/1494/328
f 2001/2001/1111 2002/2002/1112 679/679/1113
f 2003/2003/1114 680/680/1115 1885/1885/1116
f 106/106/163 1391/1391/162 1751/1751/720
f 2004/2004/1117 2005/2005/1118 681/681/1119
f 2006/2006/1120 1540/1540/406 254/254/405
f 2007/2007/1121 1516/1516/1122 682/682/1123
f 1524/1524/379 138/138/218 1421/1421/220
f 319/319/504 2009/2009/1124 2008/2008/1125
f 1557/1557/430 269/269/432 2010/2010/1126
f 684/684/1127 685/685/1128 2011/2011/1129
f 2012/2012/1130 92/92/139 1383/1383/141
f 385/385/604 621/621/1002 1924/1924/1004
f 450/450/716 686/686/1131 452/452/717
f 2013/2013/1132 175/175/275 687/687/1133
f 301/301/481 688/688/1134 2014/2014/1135
f 689/689/1136 2015/2015/1137 353/353/556
f 2990/2990/1138 2992/2992/1139 17/17/26
f 690/690/1140 692/692/1141 691/691/1142
f 2019/2019/1143 693/693/1144 1382/1382/1145
f 2020/2020/1146 2021/2021/1147 645/645/1054
f 694/694/1148 526/526/834 1633/1633/567
f 1948/1948/1149 1378/1378/133 695/695/1150
f 1429/1429/234 696/696/1151 80/80/117
f 2022/2022/1152 410/410/653 2023/2023/1153
f 2933/2933/1154 1460/1460/1155 2831/2831/1156
f 607/607/975 697/697/1157 609/609/978
f 1596/1596/1062 479/479/763 196/196/308
f 50/50/71 1385/1385/149 1481/1481/318
f 487/487/776 698/698/1158 489/489/777
f 451/451/718 699/699/1159 2027/2027/1160
f 2028/2028/1161 2029/2029/1162 265/265/426
f 2030/2030/1163 1680/1680/630 332/332/528
f 2995/2995/1164 2033/2033/1165 2993/2993/1166
f 1626/1626/554 350/350/553 478/478/760
f 700/700/1167 606/606/974 701/701/1168
f 702/702/1169 703/703/1170 2034/2034/1171
f 380/380/598 1898/1898/971 382/382/599
f 706/706/1172 708/708/1173 707/707/1174
f 1333/1333/59 131/131/209 1332/1332/57
f 1803/1803/820 163/163/255 190/190/303
f 709/709/1175 145/145/233 2021/2021/1147
f 2912/2912/1176 710/710/1177 2928/2928/1178
f 712/712/1179 714/714/1180 2037/2037/1181
f 715/715/1182 2039/2039/1183 2038/2038/1184
f 2040/2040/1185 1898/1898/971 515/515/970
f 2041/2041/1186 716/716/1187 2042/2042/1188
f 2043/2043/1189 717/717/1190 228/228/358
f 1868/1868/925 2044/2044/1191 718/718/1192
f 1737/1737/694 207/207/330 2005/2005/1118
f 330/330/1193 719/719/1194 307/307/486
f 326/326/516 1962/1962/1061 1604/1604/517
f 2048/2048/1195 722/722/1196 2049/2049/1197
f 3118/3118/1198 1462/1462/1199 2938/2938/1200
f 2050/2050/1201 2051/2051/1202 483/483/768
f 723/723/1203 725/725/1204 724/724/1205
f 304/304/484 1558/1558/433 726/726/1206
f 1604/1604/517 2052/2052/1207 124/124/196
f 2053/2053/1208 2054/2054/1209 727/727/1210
f 728/728/1211 1662/1662/1212 729/729/1213
f 2055/2055/1214 367/367/579 2056/2056/1215
f 2031/2031/1216 2059/2059/1217 730/730/1218
f 731/731/1219 1820/1820/1220 732/732/1221
f 1863/1863/913 2060/2060/1222 141/141/225
f 733/733/1223 734/734/1224 2061/2061/1225
f 735/735/1226 2016/2016/1227 2017/2017/1228
f 641/641/1043 1919/1919/1229 2063/2063/1230
f 139/139/221 2064/2064/1231 2008/2008/1125
f 1539/1539/403 736/736/1232 253/253/404
f 737/737/1233 330/330/1193 1700/1700/1234
f 1983/1983/1235 739/739/1236 419/419/669
f 740/740/1237 2067/2067/1238 741/741/1239
f 647/647/1059 1560/1560/436 1561/1561/438
f 2068/2068/1240 742/742/1241 360/360/570
f 743/743/1242 1851/1851/1243 62/62/88
f 207/207/330 1537/1537/399 2005/2005/1118
f 131/131/209 2072/2072/1244 1711/1711/665
f 2073/2073/1245 326/326/516 1603/1603/515
f 744/744/1246 746/746/1247 745/745/1248
f 1515/1515/367 748/748/1249 747/747/1250
f 1333/1333/59 1424/1424/224 131/131/209
f 277/277/444 1536/1536/398 249/249/397
f 749/749/1251 750/750/1252 1928/1928/1253
f 2049/2049/1197 752/752/1254 751/751/1255
f 2076/2076/1256 1894/1894/955 753/753/1257
f 754/754/1258 1527/1527/799 356/356/563
f 2079/2079/1259 755/755/1260 2080/2080/1261
f 445/445/703 756/756/1262 576/576/921
f 757/757/1263 758/758/1264 349/349/551
f 2081/2081/1265 573/573/917 759/759/1266
f 1774/1774/767 762/762/1267 760/760/1268
f 763/763/1269 310/310/490 765/765/1270
f 489/489/777 1413/1413/208 1651/1651/583
f 277/277/444 446/446/706 276/276/442
f 498/498/794 766/766/1271 497/497/795
f 2083/2083/1272 548/548/873 767/767/1273
f 768/768/1274 2085/2085/1275 2084/2084/1276
f 769/769/1277 2086/2086/1278 1718/1718/1279
f 771/771/1280 2089/2089/1281 2088/2088/1282
f 591/591/947 590/590/946 1482/1482/319
f 772/772/1283 2092/2092/1284 774/774/1285
f 661/661/1081 775/775/1286 250/250/400
f 1927/1927/1010 777/777/1287 776/776/1288
f 2096/2096/1289 778/778/1290 2097/2097/1291
f 780/780/1292 2073/2073/1245 1842/1842/1021
f 76/76/110 1578/1578/474 75/75/111
f 404/404/644 781/781/1293 1690/1690/645
f 654/654/1073 641/641/1043 2063/2063/1230
f 137/137/216 782/782/1294 1733/1733/1295
f 783/783/1296 2099/2099/1297 2098/2098/1298
f 783/783/1296 2103/2103/1299 2099/2099/1297
f 2106/2106/1300 785/785/1301 784/784/1302
f 2108/2108/1303 2109/2109/1304 733/733/1223
f 120/120/190 228/228/358 1404/1404/191
f 3052/3052/1305 358/358/1306 2648/2648/1307
f 786/786/1308 792/792/1309 789/789/1310
f 145/145/233 1960/1960/1055 2021/2021/1147
f 2110/2110/1311 363/363/577 793/793/1312
f 692/692/1141 794/794/1313 677/677/1110
f 2111/2111/1314 1414/1414/211 132/132/210
f 1636/1636/1315 1904/1904/986 415/415/658
f 2070/2070/1316 314/314/498 1361/1361/94
f 2114/2114/1317 776/776/1288 795/795/1318
f 306/306/485 1582/1582/487 2115/2115/1319
f 367/367/579 2117/2117/1320 1337/1337/63
f 2118/2118/1321 796/796/1322 130/130/207
f 1773/1773/765 797/797/1323 1472/1472/302
f 1525/1525/381 2120/2120/1324 798/798/1325
f 50/50/71 98/98/150 1385/1385/149
f 799/799/1326 2121/2121/1327 467/467/742
f 800/800/1328 801/801/1329 2123/2123/1330
f 328/328/520 2049/2049/1197 329/329/521
f 1945/1945/1039 1513/1513/363 802/802/1331
f 803/803/1332 804/804/1333 2124/2124/1334
f 1974/1974/1335 805/805/1336 2128/2128/1337
f 324/324/512 377/377/594 216/216/341
f 652/652/1068 1740/1740/1071 1964/1964/1070
f 1912/1912/994 453/453/721 454/454/723
f 2130/2130/1338 808/808/1339 2131/2131/1340
f 809/809/1341 810/810/1342 1955/1955/1046
f 2069/2069/1343 68/68/101 2071/2071/1344
f 811/811/1345 772/772/1283 812/812/1346
f 1745/1745/708 597/597/959 2132/2132/1347
f 1957/1957/1048 1845/1845/893 643/643/1049
f 273/273/437 2133/2133/1348 1561/1561/438
f 813/813/1349 815/815/1350 814/814/1351
f 2134/2134/1352 2080/2080/1261 816/816/1353
f 199/199/312 1870/1870/926 198/198/313
f 817/817/1354 1720/1720/1355 2135/2135/1356
f 1503/1503/347 554/554/881 1838/1838/1357
f 2138/2138/1358 1452/1452/1359 492/492/780
f 557/557/888 2141/2141/1360 818/818/1361
f 351/351/555 352/352/557 1313/1313/772
f 3002/3002/1362 819/819/1363 2856/2856/1364
f 1871/1871/927 821/821/1365 820/820/1366
f 2144/2144/1367 636/636/1033 2145/2145/1368
f 1591/1591/503 1374/1374/125 693/693/1144
f 1389/1389/161 1390/1390/160 822/822/1369
f 65/65/95 2058/2058/1370 1520/1520/371
f 376/376/593 270/270/431 1557/1557/430
f 1309/1309/27 824/824/1371 823/823/1372
f 1667/1667/610 2153/2153/1373 825/825/1374
f 826/826/1375 2138/2138/1358 2155/2155/1376
f 393/393/624 317/317/500 19/19/30
f 2957/2957/1377 224/224/355 3003/3003/1378
f 827/827/1379 828/828/1380 2157/2157/1381
f 829/829/1382 1704/1704/660 830/830/1383
f 828/828/1380 499/499/798 831/831/1384
f 1996/1996/1108 1998/1998/1107 832/832/1385
f 2159/2159/1386 601/601/963 833/833/1387
f 100/100/153 2160/2160/1388 1488/1488/1389
f 2095/2095/1390 2161/2161/1391 834/834/1392
f 835/835/1393 627/627/1013 628/628/1014
f 1672/1672/1394 836/836/1395 1675/1675/1396
f 215/215/339 308/308/488 634/634/1030
f 1658/1658/601 838/838/1397 837/837/1398
f 29/29/40 554/554/881 173/173/271
f 388/388/615 200/200/314 2165/2165/1399
f 763/763/1269 634/634/1030 308/308/488
f 2009/2009/1124 319/319/504 839/839/1400
f 841/841/1401 1437/1437/252 1936/1936/1025
f 1489/1489/321 485/485/771 139/139/221
f 1951/1951/1402 78/78/114 2089/2089/1281
f 2169/2169/1403 2170/2170/1404 842/842/1405
f 481/481/769 1694/1694/656 1750/1750/719
f 282/282/452 283/283/451 843/843/1406
f 1482/1482/319 87/87/132 270/270/431
f 1519/1519/370 438/438/693 232/232/368
f 844/844/1407 1861/1861/911 2171/2171/1408
f 1809/1809/1409 845/845/1410 1811/1811/1411
f 1394/1394/168 846/846/1412 1395/1395/169
f 847/847/1413 846/846/1412 1394/1394/168
f 1774/1774/767 481/481/769 762/762/1267
f 848/848/1414 373/373/588 2172/2172/1415
f 1824/1824/852 849/849/1416 2173/2173/1417
f 151/151/243 1433/1433/242 1577/1577/470
f 1547/1547/1418 793/793/1312 1549/1549/1020
f 597/597/959 850/850/1419 1580/1580/1420
f 736/736/1232 1765/1765/1421 851/851/1422
f 288/288/460 1378/1378/133 547/547/874
f 668/668/1096 2174/2174/1423 2169/2169/1403
f 383/383/603 1659/1659/602 549/549/876
f 2170/2170/1404 852/852/1424 842/842/1405
f 853/853/1425 3/3/5 1878/1878/1426
f 648/648/1064 854/854/1427 1565/1565/1063
f 855/855/1428 381/381/600 857/857/1429
f 2094/2094/1430 2095/2095/1390 834/834/1392
f 529/529/837 2178/2178/1431 528/528/838
f 859/859/1432 181/181/284 1401/1401/187
f 629/629/1015 860/860/1433 2180/2180/1434
f 615/615/988 519/519/828 861/861/1435
f 862/862/1436 1841/1841/1437 1521/1521/374
f 1414/1414/211 1332/1332/57 131/131/209
f 2181/2181/1438 2068/2068/1240 863/863/1439
f 864/864/1440 865/865/1441 2182/2182/1442
f 479/479/763 1772/1772/762 2184/2184/1443
f 1959/1959/1056 385/385/604 1924/1924/1004
f 2818/2818/1444 2106/2106/1300 3126/3126/1445
f 370/370/584 1702/1702/1446 1815/1815/836
f 1625/1625/552 2185/2185/1447 350/350/553
f 760/760/1268 762/762/1267 487/487/776
f 866/866/1448 867/867/1449 2186/2186/1450
f 3012/3012/1451 704/704/1452 2858/2858/1453
f 13/13/16 1408/1408/1454 10/10/13
f 868/868/1455 476/476/759 865/865/1441
f 1841/1841/1437 2187/2187/1456 780/780/1292
f 233/233/369 1861/1861/911 1862/1862/910
f 869/869/1457 430/430/684 113/113/179
f 2188/2188/1458 435/435/690 870/870/1459
f 352/352/557 1625/1625/552 2168/2168/1460
f 873/873/1461 2024/2024/1462 2026/2026/1463
f 2116/2116/1319 875/875/1464 874/874/1465
f 534/534/847 544/544/868 1822/1822/848
f 1300/1300/10 876/876/1466 8/8/1467
f 1630/1630/565 827/827/1379 2191/2191/1468
f 2192/2192/1469 877/877/1470 2193/2193/1471
f 2194/2194/1472 1473/1473/304 151/151/243
f 878/878/1473 2111/2111/1314 132/132/210
f 879/879/1474 830/830/1383 880/880/1475
f 881/881/1476 882/882/1477 2195/2195/1478
f 2196/2196/1479 571/571/916 2197/2197/1480
f 883/883/1481 1704/1704/660 829/829/1382
f 1660/1660/606 621/621/1002 385/385/604
f 884/884/1482 2200/2200/1483 2199/2199/1484
f 885/885/1485 2202/2202/1486 2201/2201/1487
f 1293/1293/1 2203/2203/1488 589/589/944
f 61/61/89 1961/1961/1060 703/703/1170
f 1477/1477/1489 100/100/153 1476/1476/1490
f 886/886/1491 2176/2176/1492 2205/2205/1493
f 2206/2206/1494 1599/1599/753 636/636/1033
f 1532/1532/391 745/745/1248 782/782/1294
f 2207/2207/1495 551/551/879 1466/1466/1496
f 2208/2208/1497 2209/2209/1498 887/887/1499
f 888/888/1500 2210/2210/1501 2166/2166/1502
f 2041/2041/1186 889/889/1503 696/696/1151
f 480/480/766 1716/1716/668 404/404/644
f 576/576/921 890/890/1504 1866/1866/922
f 427/427/680 428/428/679 1855/1855/1505
f 1999/1999/1506 891/891/1507 1606/1606/519
f 18/18/28 19/19/30 541/541/860
f 505/505/809 2211/2211/1508 892/892/1509
f 893/893/1510 2166/2166/1502 894/894/1511
f 895/895/1512 689/689/1136 896/896/1513
f 558/558/892 1399/1399/178 626/626/1011
f 897/897/1514 646/646/1058 898/898/1515
f 899/899/1516 900/900/1517 773/773/1285
f 2015/2015/1137 2185/2185/1447 353/353/556
f 2015/2015/1137 902/902/1518 2185/2185/1447
f 2213/2213/1519 903/903/1520 335/335/531
f 1701/1701/1521 904/904/1522 713/713/1180
f 2079/2079/1259 2214/2214/1523 755/755/1260
f 2037/2037/1181 714/714/1180 905/905/1522
f 29/29/40 456/456/724 906/906/1524
f 2215/2215/1525 1442/1442/265 378/378/596
f 2216/2216/1526 133/133/214 907/907/1527
f 3020/3020/1528 1359/1359/92 2932/2932/91
f 908/908/1529 2217/2217/1530 909/909/1531
f 1293/1293/1 911/911/1532 910/910/1533
f 1356/1356/1534 912/912/1535 1358/1358/1536
f 317/317/500 535/535/851 1823/1823/850
f 914/914/1537 2219/2219/1538 916/916/1539
f 914/914/1537 2220/2220/1540 2219/2219/1538
f 2221/2221/1541 917/917/1542 266/266/428
f 58/58/82 831/831/1384 2222/2222/1543
f 2224/2224/1544 655/655/1075 918/918/1545
f 2225/2225/1546 1542/1542/409 566/566/904
f 178/178/278 2227/2227/1547 2226/2226/1548
f 1732/1732/1549 624/624/1007 1926/1926/1008
f 55/55/77 506/506/811 123/123/195
f 200/200/314 468/468/744 2232/2232/1550
f 433/433/686 921/921/1551 2180/2180/1434
f 922/922/1552 2233/2233/1553 923/923/1554
f 924/924/1555 387/387/611 2235/2235/1556
f 1545/1545/413 387/387/611 924/924/1555
f 2056/2056/1215 367/367/579 365/365/578
f 189/189/301 2239/2239/1557 355/355/562
f 462/462/733 1633/1633/567 1760/1760/734
f 476/476/759 556/556/887 2240/2240/1558
f 2241/2241/1559 1775/1775/767 761/761/1560
f 2242/2242/1561 2223/2223/1562 925/925/1563
f 922/922/1552 923/923/1554 1328/1328/49
f 2152/2152/1564 208/208/331 2151/2151/1565
f 1412/1412/206 1413/1413/208 489/489/777
f 926/926/1566 2243/2243/1567 1478/1478/311
f 2851/2851/1568 927/927/1569 2645/2645/1570
f 376/376/593 669/669/1098 928/928/1571
f 237/237/376 1522/1522/378 845/845/1410
f 929/929/1572 2245/2245/1573 2244/2244/1574
f 318/318/502 2019/2019/1143 1398/1398/177
f 128/128/205 2247/2247/1575 2246/2246/1576
f 930/930/1577 931/931/1578 1881/1881/934
f 932/932/1579 2248/2248/1580 933/933/1581
f 926/926/1566 681/681/1119 2249/2249/1582
f 1478/1478/311 198/198/313 527/527/835
f 1515/1515/367 2252/2252/1583 748/748/1249
f 301/301/481 2253/2253/1584 688/688/1134
f 2254/2254/1585 1818/1818/843 672/672/1102
f 149/149/236 448/448/713 49/49/71
f 144/144/230 6/6/7 1298/1298/9
f 934/934/1586 108/108/170 1534/1534/395
f 652/652/1068 2258/2258/1587 396/396/629
f 2260/2260/1588 2262/2262/1589 935/935/1590
f 849/849/1416 884/884/1482 2263/2263/1591
f 1912/1912/994 454/454/723 810/810/1342
f 1353/1353/1592 1354/1354/1593 808/808/1339
f 75/75/111 2258/2258/1587 1963/1963/1067
f 1853/1853/1594 1851/1851/1243 743/743/1242
f 1634/1634/569 276/276/442 936/936/1595
f 525/525/832 511/511/817 509/509/816
f 1885/1885/1116 937/937/1596 1884/1884/1597
f 938/938/1598 2266/2266/1599 587/587/942
f 878/878/1473 132/132/210 1985/1985/1095
f 1870/1870/926 322/322/509 2269/2269/1600
f 2271/2271/1601 619/619/991 939/939/1602
f 940/940/1603 942/942/1604 941/941/1605
f 2272/2272/1606 943/943/1607 404/404/644
f 944/944/1608 126/126/202 945/945/1609
f 452/452/717 686/686/1131 2274/2274/1610
f 1814/1814/1611 1634/1634/569 936/936/1595
f 547/547/874 88/88/135 1832/1832/872
f 946/946/1612 947/947/1613 370/370/584
f 73/73/107 949/949/1614 1346/1346/79
f 1791/1791/808 951/951/1615 505/505/809
f 557/557/888 1614/1614/1616 2141/2141/1360
f 615/615/988 284/284/453 2276/2276/1617
f 2254/2254/1585 672/672/1102 1994/1994/1101
f 1959/1959/1056 109/109/173 385/385/604
f 129/129/204 2247/2247/1575 128/128/205
f 860/860/1433 432/432/687 2180/2180/1434
f 2279/2279/1618 1971/1971/1085 158/158/250
f 679/679/1113 1438/1438/256 2001/2001/1111
f 952/952/1619 1921/1921/1620 1918/1918/1621
f 513/513/826 743/743/1242 953/953/1622
f 2264/2264/1623 954/954/1624 599/599/962
f 935/935/1590 2174/2174/1423 668/668/1096
f 1513/1513/363 2281/2281/1625 230/230/364
f 1316/1316/1626 2282/2282/1627 955/955/1628
f 956/956/1629 2283/2283/1630 2169/2169/1403
f 2284/2284/1631 170/170/264 957/957/1632
f 958/958/1633 1844/1844/894 1845/1845/893
f 888/888/1500 2285/2285/1634 2210/2210/1501
f 672/672/1102 1818/1818/843 523/523/833
f 93/93/140 1826/1826/862 959/959/1635
f 960/960/1636 2054/2054/1209 891/891/1507
f 690/690/1140 1955/1955/1046 692/692/1141
f 2287/2287/1637 856/856/1428 2288/2288/1638
f 1731/1731/683 429/429/682 495/495/789
f 831/831/1384 499/499/798 1587/1587/1639
f 2289/2289/1640 2290/2290/1641 777/777/1287
f 735/735/1226 79/79/113 77/77/112
f 122/122/193 1721/1721/670 419/419/669
f 702/702/1169 2245/2245/1573 703/703/1170
f 1414/1414/211 478/478/760 1332/1332/57
f 961/961/1642 2291/2291/1643 373/373/588
f 663/663/1088 664/664/1089 1992/1992/1644
f 962/962/1645 2292/2292/1646 963/963/1647
f 611/611/980 2226/2226/1548 2293/2293/1648
f 2189/2189/1649 438/438/693 1519/1519/370
f 827/827/1379 1347/1347/81 2295/2295/1650
f 283/283/451 642/642/1047 2296/2296/1651
f 964/964/1652 1365/1365/100 965/965/1653
f 966/966/1654 2297/2297/1655 1799/1799/818
f 1922/1922/1000 121/121/192 2298/2298/1656
f 1694/1694/656 411/411/1657 1750/1750/719
f 2122/2122/1658 967/967/1659 264/264/424
f 969/969/1660 2039/2039/1183 502/502/802
f 970/970/1661 696/696/1151 2095/2095/1390
f 971/971/1662 231/231/366 91/91/137
f 819/819/1363 1668/1668/612 2299/2299/1663
f 972/972/1664 1914/1914/996 973/973/1665
f 944/944/1608 945/945/1609 1767/1767/748
f 1742/1742/1666 974/974/1667 2032/2032/1668
f 571/571/916 2300/2300/1669 912/912/1535
f 44/44/58 902/902/1518 1333/1333/59
f 2152/2152/1564 2301/2301/1670 208/208/331
f 2087/2087/1282 133/133/214 2216/2216/1526
f 2302/2302/1671 795/795/1318 332/332/528
f 469/469/745 1734/1734/1672 1510/1510/359
f 676/676/1109 692/692/1141 677/677/1110
f 405/405/646 2272/2272/1606 404/404/644
f 155/155/248 2136/2136/1673 154/154/249
f 1684/1684/636 2303/2303/1674 470/470/746
f 363/363/577 975/975/1675 1434/1434/244
f 33/33/1676 159/159/1677 35/35/43
f 1626/1626/554 976/976/1678 621/621/1002
f 508/508/814 977/977/1679 644/644/1053
f 2304/2304/1680 978/978/1681 2305/2305/1682
f 2306/2306/1683 1665/1665/607 960/960/1636
f 792/792/1309 980/980/1684 789/789/1310
f 2211/2211/1508 2307/2307/1685 360/360/570
f 981/981/1686 1821/1821/849 326/326/516
f 688/688/1134 983/983/1687 982/982/1688
f 1381/1381/1689 1923/1923/1690 984/984/1691
f 2310/2310/1692 680/680/1115 2003/2003/1114
f 2311/2311/1693 564/564/901 717/717/1190
f 342/342/541 926/926/1566 2198/2198/1694
f 2312/2312/1695 2313/2313/1696 985/985/1697
f 2314/2314/1698 2315/2315/1699 386/386/609
f 986/986/1700 1914/1914/996 972/972/1664
f 810/810/1342 454/454/723 1955/1955/1046
f 2316/2316/1701 987/987/1702 2317/2317/1703
f 2318/2318/1704 645/645/1054 886/886/1491
f 1771/1771/761 479/479/763 107/107/166
f 2173/2173/1417 2263/2263/1591 922/922/1552
f 597/597/959 465/465/741 2132/2132/1347
f 989/989/1705 357/357/566 991/991/1706
f 477/477/758 556/556/887 476/476/759
f 746/746/1247 993/993/1707 745/745/1248
f 994/994/1708 2319/2319/1709 2079/2079/1259
f 222/222/351 2306/2306/1683 1999/1999/1506
f 2257/2257/1710 1552/1552/418 995/995/1711
f 378/378/596 2189/2189/1649 1451/1451/1712
f 379/379/597 2189/2189/1649 378/378/596
f 1825/1825/855 536/536/854 616/616/987
f 996/996/1713 997/997/1714 546/546/870
f 450/450/716 451/451/718 2293/2293/1648
f 2321/2321/1715 104/104/159 1389/1389/161
f 2002/2002/1112 1997/1997/1108 679/679/1113
f 859/859/1432 1457/1457/285 181/181/284
f 998/998/1716 2322/2322/1717 1671/1671/1718
f 899/899/1516 773/773/1285 999/999/1719
f 1539/1539/403 1001/1001/1720 1000/1000/1721
f 1318/1318/895 393/393/624 1678/1678/623
f 956/956/1629 2323/2323/1722 2283/2283/1630
f 397/397/628 974/974/1667 396/396/629
f 1605/1605/518 103/103/156 1843/1843/889
f 1942/1942/1037 471/471/747 2324/2324/1723
f 3010/3010/510 324/324/512 3026/3026/1724
f 1452/1452/1359 1453/1453/1725 1002/1002/1726
f 91/91/137 1515/1515/367 747/747/1250
f 93/93/140 92/92/139 1827/1827/861
f 2325/2325/1727 1611/1611/525 738/738/1233
f 170/170/264 1004/1004/1728 1003/1003/1729
f 721/721/1196 2326/2326/1730 1304/1304/18
f 1762/1762/738 1005/1005/1731 2325/2325/1727
f 2082/2082/1732 18/18/28 541/541/860
f 620/620/1001 1922/1922/1000 2298/2298/1656
f 1793/1793/1733 1794/1794/1734 136/136/213
f 2328/2328/1735 369/369/582 1969/1969/1082
f 2281/2281/1625 1006/1006/1736 191/191/306
f 982/982/1688 1006/1006/1736 2281/2281/1625
f 1314/1314/142 2329/2329/1737 108/108/170
f 782/782/1294 650/650/1066 1733/1733/1295
f 3028/3028/1738 1730/1730/681 3134/3134/1739
f 1530/1530/1740 537/537/856 538/538/858
f 1007/1007/1741 2332/2332/1742 936/936/1595
f 1008/1008/1743 120/120/190 1402/1402/189
f 2333/2333/1744 985/985/1697 1783/1783/791
f 236/236/375 1842/1842/1021 2334/2334/1745
f 1010/1010/1746 2022/2022/1152 2335/2335/1747
f 1453/1453/1725 1915/1915/997 1002/1002/1726
f 1995/1995/1104 372/372/586 53/53/73
f 2336/2336/1748 1011/1011/1749 735/735/1226
f 2337/2337/1750 625/625/1009 237/237/376
f 2339/2339/1751 1796/1796/1752 1012/1012/1753
f 1013/1013/1754 1015/1015/1755 1014/1014/1756
f 2342/2342/1757 687/687/1133 972/972/1664
f 622/622/1003 976/976/1678 2344/2344/1758
f 1017/1017/1759 1466/1466/1496 1467/1467/1760
f 1012/1012/1753 1796/1796/1752 1793/1793/1733
f 717/717/1190 564/564/901 228/228/358
f 1019/1019/1761 876/876/1466 1020/1020/1762
f 345/345/1763 463/463/735 2345/2345/1764
f 1021/1021/1765 1493/1493/326 1677/1677/621
f 216/216/341 377/377/594 217/217/342
f 1022/1022/1766 860/860/1433 629/629/1015
f 703/703/1170 389/389/618 2034/2034/1171
f 968/968/1767 1912/1912/994 1023/1023/1768
f 1714/1714/1769 1628/1628/560 1024/1024/1770
f 504/504/806 1905/1905/1771 1790/1790/807
f 2349/2349/1772 1025/1025/1773 2350/2350/1774
f 1026/1026/1775 973/973/1665 1027/1027/1776
f 1028/1028/1777 628/628/1014 1029/1029/1778
f 59/59/82 2223/2223/1562 1349/1349/83
f 2351/2351/1779 623/623/1005 1925/1925/1006
f 496/496/792 551/551/879 1859/1859/909
f 1030/1030/1780 2353/2353/1781 2352/2352/1782
f 315/315/497 2354/2354/1783 758/758/1264
f 2358/2358/1784 1031/1031/1785 996/996/1713
f 1733/1733/1295 650/650/1066 1732/1732/1549
f 2359/2359/1786 1022/1022/1766 1032/1032/1787
f 453/453/721 1986/1986/1097 455/455/722
f 1033/1033/1788 381/381/600 855/855/1428
f 197/197/310 1035/1035/1789 110/110/172
f 1670/1670/1790 912/912/1535 1356/1356/1534
f 2360/2360/1791 1036/1036/1792 2006/2006/1120
f 2361/2361/1793 2364/2364/1794 950/950/1614
f 156/156/251 2347/2347/1795 2346/2346/1796
f 2365/2365/1797 2312/2312/1695 443/443/701
f 2194/2194/1472 151/151/243 1577/1577/470
f 2284/2284/1631 2367/2367/1798 170/170/264
f 1999/1999/1506 2306/2306/1683 891/891/1507
f 918/918/1545 655/655/1075 498/498/794
f 691/691/1142 676/676/1109 1819/1819/846
f 925/925/1563 1320/1320/31 2368/2368/1799
f 1350/1350/84 977/977/1679 1351/1351/85
f 1037/1037/1800 1039/1039/1801 443/443/701
f 1011/1011/1749 2369/2369/1802 2016/2016/1227
f 1620/1620/540 2004/2004/1117 342/342/541
f 1041/1041/1803 69/69/103 1553/1553/421
f 442/442/700 1800/1800/819 397/397/628
f 2370/2370/1804 603/603/968 1551/1551/1805
f 1836/1836/878 985/985/1697 2313/2313/1696
f 179/179/280 1043/1043/1806 1042/1042/1807
f 1296/1296/4 2373/2373/1808 1044/1044/1809
f 831/831/1384 1587/1587/1639 1362/1362/96
f 953/953/1622 62/62/88 1352/1352/87
f 1956/1956/1045 692/692/1141 1955/1955/1046
f 457/457/725 2244/2244/1574 1801/1801/1810
f 1552/1552/418 1045/1045/1811 259/259/416
f 415/415/658 1046/1046/1812 1636/1636/1315
f 558/558/892 2374/2374/1813 1399/1399/178
f 2307/2307/1685 1047/1047/1814 362/362/571
f 484/484/770 2375/2375/1815 485/485/771
f 2658/2658/1816 3127/3127/1817 1048/1048/1818
f 989/989/1705 25/25/35 22/22/34
f 816/816/1353 755/755/1260 630/630/1017
f 418/418/667 1638/1638/574 1640/1640/573
f 1682/1682/632 1435/1435/246 152/152/245
f 1050/1050/1819 1052/1052/1820 417/417/663
f 449/449/715 1053/1053/1821 1623/1623/548
f 533/533/844 1431/1431/240 1693/1693/654
f 1054/1054/1822 289/289/461 1390/1390/160
f 98/98/150 52/52/70 1018/1018/1823
f 86/86/128 2376/2376/1824 2200/2200/1483
f 1055/1055/1825 1057/1057/1826 1056/1056/1827
f 448/448/713 1748/1748/712 569/569/907
f 313/313/493 866/866/1448 2377/2377/1828
f 839/839/1400 2045/2045/1829 1058/1058/1830
f 2126/2126/1831 1784/1784/1832 382/382/599
f 464/464/737 906/906/1524 1005/1005/1731
f 387/387/611 1545/1545/413 1059/1059/1833
f 2378/2378/1834 2379/2379/1835 1060/1060/1836
f 1006/1006/1736 1061/1061/1837 1433/1433/242
f 500/500/797 1528/1528/1838 1062/1062/1839
f 1530/1530/1740 1063/1063/1840 246/246/1841
f 265/265/426 171/171/267 1443/1443/269
f 2380/2380/1842 2381/2381/1843 1064/1064/1844
f 740/740/1237 741/741/1239 2273/2273/1845
f 1419/1419/215 1420/1420/217 823/823/1372
f 1065/1065/1846 76/76/110 74/74/109
f 2385/2385/1847 1014/1014/1756 1543/1543/412
f 2385/2385/1847 1013/1013/1754 1014/1014/1756
f 605/605/973 1352/1352/87 586/586/939
f 1895/1895/964 601/601/963 1321/1321/33
f 1688/1688/1848 1977/1977/1090 1066/1066/1849
f 2266/2266/1599 1068/1068/1850 1067/1067/1851
f 1069/1069/1852 2087/2087/1282 2216/2216/1526
f 108/108/170 1395/1395/169 1314/1314/142
f 2302/2302/1671 1071/1071/1853 584/584/935
f 107/107/166 1596/1596/1062 1393/1393/167
f 2266/2266/1599 1067/1067/1851 183/183/291
f 348/348/549 238/238/380 2282/2282/1627
f 2387/2387/1854 436/436/689 2011/2011/1129
f 1843/1843/889 103/103/156 1387/1387/158
f 360/360/570 2307/2307/1685 362/362/571
f 41/41/52 903/903/1520 179/179/280
f 1072/1072/1855 756/756/1262 445/445/703
f 1064/1064/1844 2389/2389/1856 2388/2388/1857
f 53/53/73 1982/1982/1858 1983/1983/1235
f 1787/1787/801 969/969/1660 502/502/802
f 936/936/1595 628/628/1014 1073/1073/1859
f 1996/1996/1108 832/832/1385 678/678/1113
f 1705/1705/661 2166/2166/1502 1074/1074/1860
f 176/176/274 687/687/1133 175/175/275
f 698/698/1158 1750/1750/719 2118/2118/1321
f 657/657/1076 658/658/1077 664/664/1089
f 1019/1019/1761 1020/1020/1762 1634/1634/569
f 199/199/312 321/321/507 1870/1870/926
f 2012/2012/1130 1075/1075/1861 92/92/139
f 1540/1540/406 1036/1036/1792 2390/2390/1862
f 1034/1034/1863 475/475/755 744/744/1246
f 343/343/545 2345/2345/1764 1930/1930/1012
f 1076/1076/1864 2391/2391/1865 1380/1380/1866
f 1031/1031/1785 2392/2392/1867 997/997/1714
f 1077/1077/1868 1078/1078/1869 753/753/1257
f 39/39/53 179/179/280 2393/2393/1870
f 746/746/1247 2394/2394/1871 993/993/1707
f 1318/1318/895 115/115/182 1317/1317/181
f 2728/2728/1872 968/968/1767 3032/3032/1873
f 121/121/192 1721/1721/670 122/122/193
f 2395/2395/1874 1357/1357/1875 1079/1079/1876
f 426/426/677 69/69/103 1041/1041/1803
f 1789/1789/805 1790/1790/807 283/283/451
f 1364/1364/97 784/784/1302 67/67/98
f 642/642/1047 643/643/1049 2296/2296/1651
f 1949/1949/1877 92/92/139 1075/1075/1861
f 949/949/1614 1080/1080/1878 1346/1346/79
f 492/492/780 1002/1002/1726 1777/1777/781
f 3054/3054/1879 2768/2768/1880 474/474/756
f 688/688/1134 2253/2253/1584 983/983/1687
f 648/648/1064 2074/2074/1881 854/854/1427
f 546/546/870 544/544/868 534/534/847
f 1900/1900/1882 2045/2045/1829 839/839/1400
f 129/129/204 1082/1082/1883 2247/2247/1575
f 147/147/237 149/149/236 49/49/71
f 1439/1439/258 2036/2036/1884 847/847/1413
f 45/45/61 1592/1592/505 2396/2396/1885
f 1906/1906/989 303/303/482 1083/1083/1886
f 819/819/1363 2398/2398/1887 2397/2397/1888
f 691/691/1142 692/692/1141 676/676/1109
f 606/606/974 1084/1084/1889 607/607/975
f 1659/1659/602 1340/1340/66 549/549/876
f 289/289/461 447/447/710 1746/1746/709
f 1516/1516/1122 1934/1934/1022 682/682/1123
f 1943/1943/1057 1085/1085/1890 2320/2320/1891
f 938/938/1598 2192/2192/1469 2193/2193/1471
f 803/803/1332 963/963/1647 804/804/1333
f 1411/1411/203 2400/2400/1892 430/430/684
f 1451/1451/1712 302/302/480 1453/1453/1725
f 981/981/1686 545/545/871 1821/1821/849
f 43/43/56 1449/1449/276 1088/1088/1893
f 329/329/521 2049/2049/1197 751/751/1255
f 204/204/322 1417/1417/1018 205/205/323
f 1090/1090/1894 935/935/1590 2401/2401/1895
f 1699/1699/1896 2116/2116/1319 185/185/294
f 320/320/506 2403/2403/1897 1025/1025/1773
f 1091/1091/1898 2405/2405/1899 2404/2404/1900
f 499/499/798 500/500/797 1575/1575/466
f 75/75/111 297/297/475 2258/2258/1587
f 1553/1553/421 70/70/105 218/218/345
f 426/426/677 1041/1041/1803 1573/1573/462
f 1961/1961/1060 1669/1669/616 389/389/618
f 2290/2290/1641 2030/2030/1163 777/777/1287
f 1883/1883/1901 1884/1884/1597 590/590/946
f 622/622/1003 621/621/1002 976/976/1678
f 704/704/1452 669/669/1098 1657/1657/595
f 835/835/1393 628/628/1014 936/936/1595
f 758/758/1264 723/723/1203 1092/1092/1902
f 1493/1493/326 1492/1492/325 1093/1093/1903
f 302/302/480 2253/2253/1584 301/301/481
f 1321/1321/33 601/601/963 1858/1858/1904
f 1688/1688/1848 881/881/1476 1689/1689/1905
f 725/725/1204 1094/1094/1906 2130/2130/1338
f 2075/2075/1907 2409/2409/1908 670/670/1099
f 936/936/1595 276/276/442 835/835/1393
f 2002/2002/1112 675/675/1106 1997/1997/1108
f 206/206/327 2410/2410/1909 296/296/472
f 1493/1493/326 2410/2410/1909 206/206/327
f 580/580/930 2411/2411/1910 565/565/903
f 439/439/696 1738/1738/695 1691/1691/650
f 2306/2306/1683 222/222/351 1504/1504/350
f 1429/1429/234 716/716/1187 2041/2041/1186
f 1095/1095/1911 2417/2417/1912 71/71/106
f 406/406/647 1892/1892/952 625/625/1009
f 394/394/627 505/505/809 892/892/1509
f 858/858/1913 497/497/795 856/856/1428
f 2231/2231/1914 2015/2015/1137 689/689/1136
f 1401/1401/187 181/181/284 2308/2308/1915
f 809/809/1341 1955/1955/1046 690/690/1140
f 789/789/1310 1697/1697/1916 1096/1096/1917
f 2182/2182/1442 1045/1045/1811 2418/2418/1918
f 72/72/108 2420/2420/1919 2419/2419/1920
f 1300/1300/10 1050/1050/1819 876/876/1466
f 1097/1097/1921 1511/1511/362 2421/2421/1922
f 980/980/1684 1697/1697/1916 789/789/1310
f 2924/2924/1923 2287/2287/1637 2826/2826/1924
f 1100/1100/1925 1102/1102/1926 1101/1101/1927
f 1070/1070/1928 771/771/1280 2088/2088/1282
f 879/879/1474 2322/2322/1717 998/998/1716
f 2195/2195/1478 2134/2134/1352 1103/1103/1929
f 160/160/254 36/36/45 1937/1937/1026
f 961/961/1642 1653/1653/587 1529/1529/1038
f 1649/1649/707 229/229/360 2426/2426/1930
f 2236/2236/1931 749/749/1251 1928/1928/1253
f 2222/2222/1543 831/831/1384 1362/1362/96
f 1088/1088/1893 2215/2215/1525 2138/2138/1358
f 554/554/881 552/552/880 173/173/271
f 214/214/340 2427/2427/1932 750/750/1252
f 1654/1654/589 1062/1062/1839 1528/1528/1838
f 260/260/417 2413/2413/1933 2414/2414/1934
f 1718/1718/1279 2275/2275/1935 1104/1104/1936
f 127/127/201 2091/2091/1937 2090/2090/1938
f 507/507/812 85/85/129 884/884/1482
f 719/719/1194 1942/1942/1037 307/307/486
f 2924/2924/1923 2743/2743/1939 2287/2287/1637
f 307/307/486 1942/1942/1037 2324/2324/1723
f 2141/2141/1360 2428/2428/1940 1095/1095/1911
f 374/374/590 1106/1106/1941 1594/1594/1942
f 1493/1493/326 1021/1021/1765 2410/2410/1909
f 2725/2725/1943 2125/2125/1944 3043/3043/1945
f 109/109/173 1661/1661/605 385/385/604
f 895/895/1512 896/896/1513 2347/2347/1795
f 1107/1107/1946 1108/1108/1947 933/933/1581
f 1847/1847/1948 1856/1856/1949 579/579/924
f 179/179/280 903/903/1520 2383/2383/1950
f 2430/2430/1951 138/138/218 2431/2431/1952
f 2772/2772/1953 824/824/1371 3046/3046/1954
f 2235/2235/1556 1667/1667/610 825/825/1374
f 2213/2213/1519 2159/2159/1386 833/833/1387
f 835/835/1393 276/276/442 446/446/706
f 269/269/432 1110/1110/1955 1109/1109/1956
f 2153/2153/1373 885/885/1485 77/77/112
f 1379/1379/138 91/91/137 1111/1111/1957
f 1011/1011/1749 2016/2016/1227 735/735/1226
f 467/467/742 465/465/741 799/799/1326
f 127/127/201 2090/2090/1938 1744/1744/705
f 2432/2432/1958 547/547/874 548/548/873
f 1112/1112/1959 798/798/1325 2433/2433/1960
f 1830/1830/867 513/513/826 544/544/868
f 1637/1637/853 926/926/1566 527/527/835
f 2390/2390/1862 1113/1113/1961 2434/2434/1962
f 2346/2346/1796 1939/1939/1032 635/635/1031
f 409/409/651 2435/2435/1963 2350/2350/1774
f 101/101/152 2353/2353/1781 2436/2436/1964
f 1114/1114/1965 1019/1019/1761 1812/1812/1966
f 2183/2183/1967 1116/1116/1968 120/120/190
f 1117/1117/1969 1118/1118/1970 2437/2437/1971
f 2439/2439/1972 2425/2425/1973 1121/1121/1974
f 529/529/837 1701/1701/1521 711/711/1179
f 1123/1123/1975 223/223/353 1079/1079/1876
f 1672/1672/1394 2440/2440/1976 836/836/1395
f 2442/2442/1977 767/767/1273 1124/1124/1978
f 2399/2399/1979 1764/1764/739 1126/1126/1980
f 2213/2213/1519 833/833/1387 1127/1127/1981
f 1101/1101/1927 1129/1129/1982 1128/1128/1983
f 1646/1646/1984 294/294/471 2284/2284/1631
f 1986/1986/1097 1130/1130/1985 455/455/722
f 1025/1025/1773 2301/2301/1670 2152/2152/1564
f 1131/1131/1986 882/882/1477 741/741/1239
f 1366/1366/102 68/68/101 2069/2069/1343
f 2380/2380/1842 1031/1031/1785 2381/2381/1843
f 462/462/733 694/694/1148 1633/1633/567
f 1132/1132/1987 882/882/1477 2007/2007/1121
f 2446/2446/1988 737/737/1233 1696/1696/1916
f 915/915/1539 599/599/962 2448/2448/1989
f 649/649/1065 2449/2449/1990 1107/1107/1946
f 1464/1464/292 2451/2451/1991 837/837/1398
f 2452/2452/1992 1695/1695/656 483/483/768
f 398/398/633 1510/1510/359 1681/1681/631
f 866/866/1448 2186/2186/1450 1133/1133/1993
f 241/241/384 1134/1134/1994 243/243/385
f 715/715/1182 2038/2038/1184 2195/2195/1478
f 2662/2662/1995 2822/2822/1996 1099/1099/1997
f 267/267/429 1327/1327/48 1051/1051/1998
f 82/82/123 2455/2455/1999 1372/1372/121
f 645/645/1054 1924/1924/1004 886/886/1491
f 816/816/1353 630/630/1017 1931/1931/1016
f 2303/2303/1674 1135/1135/2000 1094/1094/1906
f 246/246/1841 1063/1063/1840 2458/2458/2001
f 615/615/988 861/861/1435 284/284/453
f 2459/2459/2002 2133/2133/1348 273/273/437
f 1135/1135/2000 2460/2460/2003 2130/2130/1338
f 2092/2092/1284 772/772/1283 811/811/1345
f 480/480/766 404/404/644 943/943/1607
f 494/494/788 1137/1137/2004 493/493/786
f 627/627/1013 1117/1117/1969 2437/2437/1971
f 839/839/1400 1058/1058/1830 1138/1138/2005
f 252/252/402 2462/2462/2006 1808/1808/824
f 2097/2097/1291 778/778/1290 1139/1139/2007
f 1933/1933/1022 1141/1141/2008 1935/1935/1023
f 642/642/1047 1790/1790/807 1957/1957/1048
f 2463/2463/2009 2092/2092/1284 1142/1142/2010
f 1686/1686/639 2009/2009/1124 1138/1138/2005
f 189/189/301 355/355/562 1629/1629/561
f 2340/2340/2011 775/775/1286 2055/2055/1214
f 1757/1757/728 618/618/991 1907/1907/990
f 879/879/1474 880/880/1475 2322/2322/1717
f 2161/2161/1391 1143/1143/2012 834/834/1392
f 2468/2468/2013 999/999/1719 196/196/308
f 816/816/1353 1103/1103/1929 2134/2134/1352
f 2417/2417/1912 949/949/1614 71/71/106
f 708/708/1173 2242/2242/1561 1144/1144/2014
f 458/458/727 88/88/135 89/89/134
f 387/387/611 1667/1667/610 2235/2235/1556
f 893/893/1510 2470/2470/2015 2166/2166/1502
f 1596/1596/1062 192/192/307 1594/1594/1942
f 201/201/315 1835/1835/877 1780/1780/782
f 898/898/1515 646/646/1058 1961/1961/1060
f 3048/3048/2016 1585/1585/495 2870/2870/494
f 2471/2471/2017 766/766/1271 869/869/1457
f 2355/2355/2018 1443/1443/269 592/592/950
f 314/314/498 315/315/497 758/758/1264
f 2032/2032/1668 974/974/1667 2059/2059/1217
f 2472/2472/2019 1972/1972/1086 143/143/226
f 1473/1473/304 191/191/306 1432/1432/241
f 1504/1504/350 221/221/349 1145/1145/2020
f 2318/2318/1704 886/886/1491 2205/2205/1493
f 723/723/1203 1094/1094/1906 725/725/1204
f 2073/2073/1245 2474/2474/2021 326/326/516
f 1460/1460/1155 1146/1146/2022 927/927/1569
f 1148/1148/2023 2463/2463/2009 1142/1142/2010
f 2018/2018/2024 811/811/1345 2017/2017/1228
f 1572/1572/459 1378/1378/133 288/288/460
f 1149/1149/2025 1064/1064/1844 2381/2381/1843
f 766/766/1271 2475/2475/2026 869/869/1457
f 1605/1605/518 1150/1150/2027 2000/2000/2028
f 256/256/410 1544/1544/412 337/337/534
f 27/27/39 457/457/725 456/456/724
f 1647/1647/2029 42/42/54 852/852/1424
f 781/781/1293 1417/1417/1018 1151/1151/2030
f 2394/2394/1871 1152/1152/2031 2449/2449/1990
f 1153/1153/2032 1887/1887/948 591/591/947
f 2477/2477/2033 2296/2296/1651 1127/1127/1981
f 102/102/155 1410/1410/199 359/359/1080
f 1579/1579/477 202/202/320 877/877/1470
f 134/134/214 2088/2088/1282 1418/1418/212
f 722/722/1196 1303/1303/943 752/752/1254
f 2060/2060/1222 2472/2472/2019 141/141/225
f 171/171/267 2029/2029/1162 2378/2378/1834
f 1652/1652/2034 1526/1526/389 245/245/388
f 1430/1430/238 1431/1431/240 533/533/844
f 1879/1879/2035 2377/2377/1828 1133/1133/1993
f 2478/2478/2036 860/860/1433 1154/1154/2037
f 2750/2750/2038 3050/3050/2039 1707/1707/2040
f 498/498/794 655/655/1075 766/766/1271
f 2223/2223/1562 1363/1363/96 925/925/1563
f 1352/1352/87 61/61/89 2245/2245/1573
f 1155/1155/2041 1154/1154/2037 1022/1022/1766
f 2752/2752/2042 3024/3024/2043 102/102/155
f 687/687/1133 176/176/274 261/261/419
f 825/825/1374 1952/1952/2044 2235/2235/1556
f 2354/2354/1783 723/723/1203 758/758/1264
f 1454/1454/283 1156/1156/2045 2479/2479/2046
f 1937/1937/1026 557/557/888 818/818/1361
f 652/652/1068 396/396/629 1742/1742/1666
f 307/307/486 2324/2324/1723 1582/1582/487
f 2214/2214/1523 2208/2208/1497 887/887/1499
f 2193/2193/1471 2480/2480/2047 1068/1068/1850
f 2118/2118/1321 130/130/207 1412/1412/206
f 1157/1157/2048 1001/1001/1720 1539/1539/403
f 921/921/1551 1747/1747/711 340/340/538
f 2404/2404/1900 182/182/289 371/371/585
f 436/436/689 1158/1158/2049 883/883/1481
f 262/262/420 1914/1914/996 986/986/1700
f 1978/1978/1091 203/203/322 2408/2408/2050
f 1159/1159/2051 71/71/106 917/917/1542
f 1640/1640/573 164/164/257 679/679/1113
f 113/113/179 430/430/684 318/318/502
f 852/852/1424 150/150/239 1430/1430/238
f 2309/2309/2052 1160/1160/2053 119/119/188
f 1352/1352/87 2245/2245/1573 929/929/1572
f 1161/1161/2054 2216/2216/1526 2481/2481/2055
f 323/323/508 1162/1162/2056 322/322/509
f 1499/1499/334 1500/1500/336 594/594/956
f 56/56/78 2483/2483/2057 2029/2029/1162
f 1665/1665/607 1666/1666/608 960/960/1636
f 677/677/1110 794/794/1313 2241/2241/1559
f 320/320/506 313/313/493 2377/2377/1828
f 1163/1163/2058 2412/2412/2059 2486/2486/2060
f 657/657/1076 2473/2473/2061 477/477/758
f 271/271/435 1527/1527/799 754/754/1258
f 1296/1296/4 1044/1044/1809 1355/1355/2062
f 1108/1108/1947 890/890/1504 1164/1164/2063
f 1828/1828/863 2487/2487/2064 602/602/965
f 1021/1021/1765 2488/2488/2065 1533/1533/393
f 538/538/858 1063/1063/1840 1530/1530/1740
f 484/484/770 1489/1489/321 202/202/320
f 2199/2199/1484 2489/2489/2066 1165/1165/2067
f 295/295/473 2284/2284/1631 294/294/471
f 1078/1078/1869 1077/1077/1868 2490/2490/2068
f 843/843/1406 2296/2296/1651 2477/2477/2033
f 1812/1812/1966 1019/1019/1761 1814/1814/1611
f 519/519/828 520/520/827 2433/2433/1960
f 2415/2415/2069 742/742/1241 2068/2068/1240
f 1400/1400/185 117/117/184 315/315/497
f 551/551/879 2207/2207/1495 1859/1859/909
f 2474/2474/2021 981/981/1686 326/326/516
f 940/940/1603 941/941/1605 821/821/1365
f 2491/2491/2070 1628/1628/560 355/355/562
f 1705/1705/661 1074/1074/1860 416/416/662
f 2471/2471/2017 869/869/1457 2492/2492/2071
f 2493/2493/2072 1105/1105/1936 1167/1167/2073
f 2255/2255/2074 1992/1992/1644 1168/1168/2075
f 1169/1169/2076 155/155/248 2495/2495/2077
f 470/470/746 1094/1094/1906 2354/2354/1783
f 507/507/812 884/884/1482 849/849/1416
f 2312/2312/1695 985/985/1697 220/220/348
f 2004/2004/1117 681/681/1119 342/342/541
f 1307/1307/23 768/768/1274 2445/2445/2078
f 1986/1986/1097 532/532/845 1130/1130/1985
f 1170/1170/2079 1819/1819/846 1730/1730/681
f 249/249/397 1535/1535/396 1118/1118/1970
f 1675/1675/1396 1115/1115/1965 1674/1674/2080
f 1666/1666/608 727/727/1210 2054/2054/1209
f 2422/2422/2081 460/460/731 574/574/918
f 314/314/498 758/758/1264 757/757/1263
f 2878/2878/2082 1476/1476/1490 2702/2702/2083
f 1434/1434/244 1549/1549/1020 793/793/1312
f 589/589/944 1295/1295/2 1293/1293/1
f 1171/1171/2084 2497/2497/2085 1492/1492/325
f 666/666/1092 1980/1980/1091 2407/2407/2086
f 875/875/1464 1599/1599/753 2206/2206/1494
f 1172/1172/2087 394/394/627 2415/2415/2069
f 470/470/746 2303/2303/1674 1094/1094/1906
f 747/747/1250 685/685/1128 1111/1111/1957
f 183/183/291 1067/1067/1851 1173/1173/2088
f 1174/1174/2089 2197/2197/1480 1670/1670/1790
f 1580/1580/1420 1581/1581/2090 597/597/959
f 1156/1156/2045 1455/1455/282 2121/2121/1327
f 1175/1175/2091 767/767/1273 2500/2500/2092
f 1176/1176/2093 273/273/437 1560/1560/436
f 1110/1110/1955 87/87/132 2321/2321/1715
f 2836/2836/2094 1802/1802/2095 2698/2698/2096
f 2426/2426/1930 229/229/360 2501/2501/2097
f 1822/1822/848 544/544/868 1899/1899/972
f 1464/1464/292 183/183/291 2451/2451/1991
f 1355/1355/2062 3/3/5 1296/1296/4
f 485/485/771 1177/1177/2098 45/45/61
f 2194/2194/1472 1577/1577/470 293/293/469
f 1647/1647/2029 852/852/1424 2170/2170/1404
f 1117/1117/1969 627/627/1013 446/446/706
f 1584/1584/492 1179/1179/2099 1178/1178/2100
f 1440/1440/262 940/940/1603 821/821/1365
f 1736/1736/692 2431/2431/1952 438/438/693
f 77/77/112 78/78/114 2504/2504/2101
f 2065/2065/2102 2339/2339/1751 1012/1012/1753
f 1639/1639/2103 678/678/1113 832/832/1385
f 2505/2505/2104 598/598/960 309/309/490
f 1328/1328/49 923/923/1554 2506/2506/2105
f 1000/1000/1721 1765/1765/1421 736/736/1232
f 354/354/558 853/853/1425 2186/2186/1450
f 2406/2406/2086 930/930/1577 581/581/933
f 2406/2406/2086 2408/2408/2050 930/930/1577
f 420/420/673 1723/1723/672 503/503/804
f 2401/2401/1895 668/668/1096 1938/1938/1029
f 2508/2508/2106 667/667/1094 1984/1984/1093
f 2293/2293/1648 612/612/981 611/611/980
f 364/364/576 2232/2232/1550 1792/1792/810
f 430/430/684 2400/2400/1892 318/318/502
f 1982/1982/1858 1181/1181/2107 1981/1981/2108
f 1025/1025/1773 2403/2403/1897 2301/2301/1670
f 1072/1072/1855 75/75/111 1963/1963/1067
f 594/594/956 2276/2276/1617 1182/1182/2109
f 1500/1500/336 2276/2276/1617 594/594/956
f 189/189/301 2332/2332/1742 2239/2239/1557
f 1418/1418/212 1793/1793/1733 136/136/213
f 1183/1183/2110 2389/2389/1856 1184/1184/2111
f 1747/1747/711 447/447/710 1804/1804/2112
f 2511/2511/2113 1012/1012/1753 1418/1418/212
f 2297/2297/1655 944/944/1608 1185/1185/2114
f 1186/1186/2115 1671/1671/1718 1157/1157/2048
f 2086/2086/1278 1632/1632/568 388/388/615
f 2513/2513/2116 966/966/1654 1799/1799/818
f 1603/1603/515 124/124/196 506/506/811
f 422/422/674 1013/1013/1754 2385/2385/1847
f 600/600/961 1840/1840/884 555/555/883
f 1595/1595/1942 193/193/307 1656/1656/591
f 536/536/854 519/519/828 616/616/987
f 739/739/1236 2514/2514/2117 512/512/822
f 1092/1092/1902 723/723/1203 724/724/1205
f 2515/2515/2118 1187/1187/2119 2190/2190/2120
f 1182/1182/2109 2515/2515/2118 2190/2190/2120
f 759/759/1266 573/573/917 2208/2208/1497
f 1113/1113/1961 2250/2250/2121 580/580/930
f 2118/2118/1321 1751/1751/720 796/796/1322
f 1172/1172/2087 2415/2415/2069 2413/2413/1933
f 1164/1164/2063 653/653/1072 1188/1188/2122
f 3067/3067/2123 962/962/1645 2861/2861/2124
f 2252/2252/1583 2181/2181/1438 748/748/1249
f 951/951/1615 1876/1876/931 1189/1189/2125
f 2294/2294/1650 708/708/1173 706/706/1172
f 371/371/585 1613/1613/532 2404/2404/1900
f 437/437/691 438/438/693 2189/2189/1649
f 270/270/431 1110/1110/1955 269/269/432
f 910/910/1533 2517/2517/2126 2203/2203/1488
f 998/998/1716 1671/1671/1718 1186/1186/2115
f 2419/2419/1920 2028/2028/1161 265/265/426
f 2072/2072/1244 11/11/15 2409/2409/1908
f 1812/1812/1966 1673/1673/2127 1114/1114/1965
f 1190/1190/2128 1191/1191/2129 2518/2518/2130
f 1525/1525/381 1162/1162/2056 543/543/865
f 837/837/1398 2451/2451/1991 1953/1953/1042
f 156/156/251 895/895/1512 2347/2347/1795
f 72/72/108 73/73/107 1346/1346/79
f 72/72/108 1346/1346/79 2420/2420/1919
f 776/776/1288 777/777/1287 795/795/1318
f 778/778/1290 2103/2103/1299 1139/1139/2007
f 234/234/372 507/507/812 2519/2519/2131
f 673/673/1105 2027/2027/1160 372/372/586
f 1371/1371/120 450/450/716 2227/2227/1547
f 1171/1171/2084 1492/1492/325 206/206/327
f 995/995/1711 1552/1552/418 1776/1776/774
f 431/431/685 1082/1082/1883 129/129/204
f 242/242/386 243/243/385 2143/2143/2132
f 380/380/598 381/381/600 1033/1033/1788
f 1901/1901/982 673/673/1105 1995/1995/1104
f 839/839/1400 1138/1138/2005 2009/2009/1124
f 232/232/368 2521/2521/2133 2520/2520/2134
f 1087/1087/2135 2156/2156/2136 475/475/755
f 477/477/758 1770/1770/757 657/657/1076
f 221/221/349 1192/1192/2137 1145/1145/2020
f 1567/1567/449 1134/1134/1994 241/241/384
f 195/195/309 2523/2523/2138 2463/2463/2009
f 113/113/179 318/318/502 1398/1398/177
f 1875/1875/929 258/258/415 168/168/261
f 394/394/627 395/395/626 505/505/809
f 393/393/624 19/19/30 20/20/29
f 524/524/832 1071/1071/1853 1193/1193/2139
f 2148/2148/2140 801/801/1329 800/800/1328
f 2284/2284/1631 295/295/473 2367/2367/1798
f 485/485/771 45/45/61 2396/2396/1885
f 1968/1968/2141 1194/1194/2142 2388/2388/1857
f 1956/1956/1045 794/794/1313 692/692/1141
f 958/958/1633 1372/1372/121 2524/2524/2143
f 1630/1630/565 2191/2191/1468 1195/1195/2144
f 2285/2285/1634 1196/1196/2145 2020/2020/1146
f 405/405/646 1197/1197/2146 2272/2272/1606
f 1198/1198/2147 513/513/826 1830/1830/867
f 1367/1367/104 1077/1077/1868 1502/1502/344
f 1176/1176/2093 2459/2459/2002 273/273/437
f 1874/1874/929 167/167/261 169/169/263
f 1439/1439/258 847/847/1413 166/166/259
f 2297/2297/1655 126/126/202 944/944/1608
f 2007/2007/1121 882/882/1477 2525/2525/2148
f 2420/2420/1919 56/56/78 2028/2028/1161
f 1181/1181/2107 844/844/1407 2171/2171/1408
f 90/90/136 1379/1379/138 347/347/547
f 1431/1431/240 1088/1088/1893 826/826/1375
f 1178/1178/2100 1179/1179/2099 867/867/1449
f 969/969/1660 2079/2079/1259 2527/2527/2149
f 1325/1325/44 635/635/1031 2528/2528/2150
f 2529/2529/2151 2530/2530/2152 1199/1199/2153
f 1513/1513/363 1514/1514/365 802/802/1331
f 2251/2251/2154 1788/1788/803 1118/1118/1970
f 992/992/2155 1873/1873/928 990/990/2156
f 992/992/2155 770/770/1277 1873/1873/928
f 1828/1828/863 602/602/965 1481/1481/318
f 163/163/255 2531/2531/2157 1472/1472/302
f 691/691/1142 1819/1819/846 1170/1170/2079
f 1935/1935/1023 2407/2407/2086 582/582/933
f 128/128/205 2246/2246/1576 338/338/536
f 2147/2147/2158 800/800/1328 459/459/730
f 429/429/682 1494/1494/328 207/207/330
f 1960/1960/1055 109/109/173 1959/1959/1056
f 1394/1394/168 166/166/259 847/847/1413
f 1724/1724/1034 1656/1656/591 1201/1201/2159
f 2430/2430/1951 295/295/473 1422/1422/219
f 2351/2351/1779 1913/1913/995 1203/1203/2160
f 1185/1185/2114 944/944/1608 2113/2113/1317
f 1912/1912/994 810/810/1342 1023/1023/1768
f 1921/1921/1620 1091/1091/1898 2218/2218/2161
f 101/101/152 2160/2160/1388 100/100/153
f 431/431/685 129/129/204 1411/1411/203
f 1103/1103/1929 1931/1931/1016 1689/1689/1905
f 1811/1811/1411 964/964/1652 785/785/1301
f 819/819/1363 2397/2397/1888 1668/1668/612
f 2379/2379/1835 1998/1998/1107 1060/1060/1836
f 1204/1204/2162 938/938/1598 587/587/942
f 3016/3016/2163 1678/1678/623 3062/3062/2164
f 1045/1045/1811 865/865/1441 259/259/416
f 638/638/1036 1927/1927/1010 776/776/1288
f 2376/2376/1824 298/298/476 299/299/478
f 1701/1701/1521 529/529/837 1703/1703/2165
f 537/537/856 1399/1399/178 1398/1398/177
f 247/247/392 1419/1419/215 824/824/1371
f 1067/1067/1851 2534/2534/2166 440/440/697
f 1146/1146/2022 2126/2126/1831 2040/2040/1185
f 72/72/108 2419/2419/1920 917/917/1542
f 460/460/731 1009/1009/1743 1403/1403/189
f 1186/1186/2115 1157/1157/2048 1539/1539/403
f 499/499/798 1575/1575/466 292/292/468
f 610/610/979 609/609/978 1371/1371/120
f 849/849/1416 2263/2263/1591 2173/2173/1417
f 1131/1131/1986 715/715/1182 2195/2195/1478
f 1180/1180/2167 1023/1023/1768 809/809/1341
f 874/874/1465 184/184/295 185/185/294
f 2058/2058/1370 349/349/551 1375/1375/127
f 2536/2536/2168 611/611/980 1335/1335/62
f 622/622/1003 2344/2344/1758 2175/2175/2169
f 919/919/2170 1648/1648/2171 2162/2162/2172
f 1870/1870/926 2269/2269/1600 520/520/827
f 250/250/400 775/775/1286 2340/2340/2011
f 2269/2269/1600 1112/1112/1959 2433/2433/1960
f 531/531/840 242/242/386 2142/2142/2173
f 2044/2044/1191 1206/1206/2174 718/718/1192
f 1804/1804/2112 1573/1573/462 1041/1041/1803
f 1574/1574/2175 1447/1447/2176 899/899/1516
f 2537/2537/2177 399/399/635 400/400/637
f 2538/2538/2178 1800/1800/819 252/252/402
f 153/153/247 154/154/249 1207/1207/2179
f 1697/1697/1916 1699/1699/1896 1208/1208/2180
f 1471/1471/300 1470/1470/299 290/290/465
f 912/912/1535 2300/2300/1669 1358/1358/1536
f 463/463/735 1833/1833/875 462/462/733
f 2322/2322/1717 1174/1174/2089 1670/1670/1790
f 1339/1339/64 2179/2179/2181 333/333/529
f 379/379/597 1442/1442/265 437/437/691
f 2541/2541/2182 1866/1866/922 890/890/1504
f 2206/2206/1494 636/636/1033 2144/2144/1367
f 602/602/965 2477/2477/2033 833/833/1387
f 1063/1063/1840 2542/2542/2183 850/850/1419
f 2383/2383/1950 82/82/123 1043/1043/1806
f 959/959/1635 1826/1826/862 2543/2543/2184
f 1015/1015/1755 1159/1159/2051 2221/2221/1541
f 983/983/1687 1061/1061/1837 982/982/1688
f 540/540/859 1298/1298/9 1299/1299/8
f 193/193/307 2463/2463/2009 1148/1148/2023
f 2022/2022/1152 2435/2435/1963 409/409/651
f 497/497/795 766/766/1271 2471/2471/2017
f 1209/1209/2185 2544/2544/2186 908/908/1529
f 683/683/1123 2545/2545/2187 162/162/253
f 957/957/1632 170/170/264 1441/1441/266
f 413/413/657 1046/1046/1812 415/415/658
f 1478/1478/311 2243/2243/1567 199/199/312
f 74/74/109 75/75/111 1072/1072/1855
f 319/319/504 1900/1900/1882 839/839/1400
f 1590/1590/2188 146/146/235 147/147/237
f 2068/2068/1240 360/360/570 1158/1158/2049
f 284/284/453 1210/1210/2189 1570/1570/454
f 2485/2485/2190 401/401/638 1685/1685/640
f 1838/1838/1357 554/554/881 906/906/1524
f 2428/2428/1940 1212/1212/2191 2417/2417/1912
f 1609/1609/523 724/724/1205 2548/2548/2192
f 78/78/114 79/79/113 2065/2065/2102
f 1520/1520/371 1375/1375/127 507/507/812
f 2282/2282/1627 1421/1421/220 955/955/1628
f 612/612/981 451/451/718 2027/2027/1160
f 1004/1004/1728 1736/1736/692 1003/1003/1729
f 958/958/1633 2524/2524/2143 1844/1844/894
f 977/977/1679 2550/2550/2193 2549/2549/2194
f 2518/2518/2130 1578/1578/474 76/76/110
f 445/445/703 575/575/920 444/444/704
f 725/725/1204 2130/2130/1338 2131/2131/1340
f 1038/1038/1801 1096/1096/1917 2047/2047/2195
f 1072/1072/1855 1963/1963/1067 756/756/1262
f 978/978/1681 943/943/1607 2305/2305/1682
f 923/923/1554 1213/1213/2196 2506/2506/2105
f 2371/2371/2197 1148/1148/2023 2369/2369/1802
f 1444/1444/268 674/674/1106 1890/1890/951
f 1137/1137/2004 1919/1919/1229 641/641/1043
f 1778/1778/781 2552/2552/2198 490/490/779
f 1762/1762/738 2325/2325/1727 1215/1215/2199
f 1303/1303/943 588/588/945 752/752/1254
f 1004/1004/1728 2431/2431/1952 1736/1736/692
f 1555/1555/425 2497/2497/2085 1216/1216/2200
f 2412/2412/2059 1860/1860/908 569/569/907
f 1168/1168/2075 2418/2418/1918 2257/2257/1710
f 2042/2042/1188 278/278/445 889/889/1503
f 2081/2081/1265 1098/1098/2201 574/574/918
f 927/927/1569 1507/1507/356 224/224/355
f 1325/1325/44 2346/2346/1796 635/635/1031
f 685/685/1128 2181/2181/1438 2387/2387/1854
f 421/421/674 2384/2384/1847 257/257/411
f 647/647/1059 1669/1669/616 1961/1961/1060
f 763/763/1269 308/308/488 310/310/490
f 177/177/277 853/853/1425 354/354/558
f 3136/3136/2202 1205/1205/2203 3072/3072/2204
f 788/788/2205 790/790/1310 1837/1837/2206
f 2445/2445/2078 768/768/1274 402/402/641
f 890/890/1504 576/576/921 1164/1164/2063
f 796/796/1322 2553/2553/2207 130/130/207
f 1937/1937/1026 818/818/1361 2554/2554/2208
f 2555/2555/2209 760/760/1268 2557/2557/2210
f 2208/2208/1497 573/573/917 2209/2209/1498
f 641/641/1043 654/654/1073 2224/2224/1544
f 1975/1975/2211 2423/2423/1973 947/947/1613
f 1350/1350/84 2550/2550/2193 977/977/1679
f 1217/1217/2212 2267/2267/2213 234/234/372
f 2326/2326/1730 1096/1096/1917 1208/1208/2180
f 500/500/797 1062/1062/1839 1575/1575/466
f 947/947/1613 2423/2423/1973 1702/1702/1446
f 701/701/1168 606/606/974 1179/1179/2099
f 29/29/40 27/27/39 456/456/724
f 1146/1146/2022 2040/2040/1185 1218/1218/2214
f 879/879/1474 998/998/1716 2518/2518/2130
f 1747/1747/711 2496/2496/2215 339/339/539
f 101/101/152 2436/2436/1964 2160/2160/1388
f 2274/2274/1610 2558/2558/2216 699/699/1159
f 757/757/1263 349/349/551 2058/2058/1370
f 173/173/271 2472/2472/2019 2060/2060/1222
f 2010/2010/1126 568/568/905 217/217/342
f 16/16/24 184/184/295 2559/2559/2217
f 2560/2560/2218 859/859/1432 1401/1401/187
f 504/504/806 2517/2517/2126 2105/2105/2219
f 937/937/1596 1521/1521/374 235/235/373
f 1558/1558/433 2550/2550/2193 726/726/1206
f 2307/2307/1685 2211/2211/1508 1047/1047/1814
f 2061/2061/1225 2561/2561/2220 804/804/1333
f 65/65/95 757/757/1263 2058/2058/1370
f 2165/2165/1399 200/200/314 2232/2232/1550
f 399/399/635 2150/2150/2221 1684/1684/636
f 2562/2562/2222 1054/1054/1822 1390/1390/160
f 405/405/646 2209/2209/1498 1197/1197/2146
f 2077/2077/2223 1069/1069/1852 1161/1161/2054
f 1308/1308/25 1896/1896/966 603/603/968
f 193/193/307 195/195/309 2463/2463/2009
f 1632/1632/568 2086/2086/1278 769/769/1277
f 1379/1379/138 1219/1219/2224 347/347/547
f 1871/1871/927 820/820/1366 26/26/37
f 2151/2151/1565 208/208/331 1496/1496/333
f 624/624/1007 1568/1568/448 530/530/839
f 1549/1549/1020 1220/1220/2225 1548/1548/2226
f 1967/1967/2227 2388/2388/1857 1183/1183/2110
f 2539/2539/2228 1153/1153/2032 669/669/1098
f 90/90/136 971/971/1662 91/91/137
f 610/610/979 1627/1627/559 1902/1902/976
f 874/874/1465 875/875/1464 2206/2206/1494
f 1924/1924/1004 622/622/1003 886/886/1491
f 229/229/360 1097/1097/1921 2237/2237/2229
f 1221/1221/2230 420/420/673 1222/1222/2231
f 1178/1178/2100 867/867/1449 866/866/1448
f 1022/1022/1766 629/629/1015 1032/1032/1787
f 100/100/153 2429/2429/2232 1476/1476/1490
f 1184/1184/2111 1149/1149/2025 2563/2563/2233
f 327/327/520 2312/2312/1695 2365/2365/1797
f 845/845/1410 2335/2335/1747 1811/1811/1411
f 572/572/915 2176/2176/1492 2564/2564/2234
f 1221/1221/2230 1029/1029/1778 420/420/673
f 2217/2217/1530 2565/2565/2235 909/909/1531
f 965/965/1653 1366/1366/102 67/67/98
f 2531/2531/2157 163/163/255 164/164/257
f 526/526/834 201/201/315 200/200/314
f 152/152/245 398/398/633 1682/1682/632
f 78/78/114 2065/2065/2102 2511/2511/2113
f 2894/2894/2236 3082/3082/2237 2256/2256/2238
f 86/86/128 2200/2200/1483 85/85/129
f 2175/2175/2169 2344/2344/1758 667/667/1094
f 2566/2566/2239 361/361/572 894/894/1511
f 1341/1341/68 2567/2567/2240 801/801/1329
f 2024/2024/1462 873/873/1461 2533/2533/2241
f 977/977/1679 508/508/814 1351/1351/85
f 1215/1215/2199 2325/2325/1727 2447/2447/2242
f 1294/1294/2 1687/1687/643 1/1/3
f 247/247/392 1532/1532/391 1419/1419/215
f 1146/1146/2022 1218/1218/2214 1507/1507/356
f 1223/1223/2243 2562/2562/2222 104/104/159
f 1413/1413/208 946/946/1612 1651/1651/583
f 353/353/556 2185/2185/1447 352/352/557
f 1716/1716/668 418/418/667 2568/2568/2244
f 627/627/1013 2437/2437/1971 1722/1722/671
f 1741/1741/2245 2031/2031/1216 1188/1188/2122
f 1130/1130/1985 532/532/845 533/533/844
f 870/870/1459 1190/1190/2128 1065/1065/1846
f 1814/1814/1611 1019/1019/1761 1634/1634/569
f 2554/2554/2208 818/818/1361 1013/1013/1754
f 2124/2124/1334 804/804/1333 2561/2561/2220
f 3074/3074/2246 3132/3132/2247 434/434/2248
f 1002/1002/1726 287/287/999 1777/1777/781
f 1102/1102/1926 1073/1073/1859 1028/1028/1777
f 2067/2067/1238 715/715/1182 1131/1131/1986
f 2022/2022/1152 409/409/651 410/410/653
f 1197/1197/2146 2305/2305/1682 2272/2272/1606
f 1224/1224/2249 1225/1225/2250 888/888/1500
f 2066/2066/2251 812/812/1346 2339/2339/1751
f 1099/1099/1997 1226/1226/2252 1016/1016/2253
f 1109/1109/1956 2478/2478/2036 1154/1154/2037
f 177/177/277 1627/1627/559 178/178/278
f 2113/2113/1317 583/583/935 1185/1185/2114
f 2118/2118/1321 1412/1412/206 698/698/1158
f 1051/1051/1998 1327/1327/48 38/38/50
f 728/728/1211 1227/1227/2254 1662/1662/1212
f 2501/2501/2097 229/229/360 2237/2237/2229
f 725/725/1204 2548/2548/2192 724/724/1205
f 770/770/1277 1719/1719/2255 817/817/1354
f 2570/2570/2256 323/323/508 321/321/507
f 2394/2394/1871 649/649/1065 650/650/1066
f 2571/2571/2257 2251/2251/2154 1118/1118/1970
f 1546/1546/414 563/563/2258 168/168/261
f 428/428/679 1083/1083/1886 1855/1855/1505
f 1410/1410/199 2469/2469/2259 114/114/180
f 1228/1228/2260 716/716/1187 1429/1429/234
f 1018/1018/1823 97/97/148 98/98/150
f 2448/2448/1989 555/555/883 1839/1839/885
f 615/615/988 2276/2276/1617 1500/1500/336
f 994/994/1708 2208/2208/1497 2319/2319/1709
f 2380/2380/1842 2392/2392/1867 1031/1031/1785
f 982/982/1688 2281/2281/1625 688/688/1134
f 2171/2171/1408 232/232/368 2514/2514/2117
f 514/514/825 743/743/1242 513/513/826
f 2008/2008/1125 2009/2009/1124 401/401/638
f 1063/1063/1840 850/850/1419 2458/2458/2001
f 2361/2361/1793 1230/1230/2261 2364/2364/1794
f 1782/1782/790 496/496/792 1894/1894/955
f 2204/2204/2262 1737/1737/694 439/439/696
f 858/858/1913 1785/1785/793 497/497/795
f 104/104/159 1377/1377/131 1223/1223/2243
f 1298/1298/9 1425/1425/228 144/144/230
f 838/838/1397 1213/1213/2196 1165/1165/2067
f 543/543/865 687/687/1133 2342/2342/1757
f 841/841/1401 1936/1936/1025 1726/1726/2263
f 2213/2213/1519 2382/2382/2264 903/903/1520
f 239/239/383 1084/1084/1889 2120/2120/1324
f 2283/2283/1630 2323/2323/1722 1216/1216/2200
f 2766/2766/2265 1797/1797/813 2808/2808/2266
f 1428/1428/232 1396/1396/171 145/145/233
f 567/567/906 568/568/905 2359/2359/1786
f 754/754/1258 1958/1958/1052 2550/2550/2193
f 2575/2575/2267 2473/2473/2061 657/657/1076
f 2516/2516/2268 1940/1940/2269 1106/1106/1941
f 1760/1760/734 1633/1633/567 357/357/566
f 1810/1810/2270 1811/1811/1411 785/785/1301
f 833/833/1387 2477/2477/2033 1127/1127/1981
f 1171/1171/2084 294/294/471 1646/1646/1984
f 906/906/1524 456/456/724 1005/1005/1731
f 1206/1206/2174 1231/1231/2271 2405/2405/1899
f 553/553/882 2333/2333/1744 2576/2576/2272
f 2489/2489/2066 1463/1463/290 1165/1165/2067
f 397/397/628 2538/2538/2178 974/974/1667
f 1570/1570/454 1210/1210/2189 701/701/1168
f 1196/1196/2145 709/709/1175 2021/2021/1147
f 2578/2578/2273 1232/1232/2274 300/300/479
f 1965/1965/2275 1966/1966/2276 1001/1001/1720
f 218/218/345 1234/1234/2277 1233/1233/2278
f 620/620/1001 2298/2298/1656 1235/1235/2279
f 1832/1832/872 458/458/727 2580/2580/2280
f 780/780/1292 2187/2187/1456 2073/2073/1245
f 2581/2581/2281 1128/1128/1983 1221/1221/2230
f 965/965/1653 1365/1365/100 1366/1366/102
f 1603/1603/515 1604/1604/517 124/124/196
f 884/884/1482 85/85/129 2200/2200/1483
f 903/903/1520 41/41/52 335/335/531
f 2453/2453/2282 1439/1439/258 1236/1236/2283
f 1155/1155/2041 1022/1022/1766 2359/2359/1786
f 236/236/375 2334/2334/1745 1237/1237/2284
f 469/469/745 1886/1886/941 1734/1734/1672
f 2987/2987/2285 537/537/856 3075/3075/2286
f 2583/2583/2287 2495/2495/2077 441/441/698
f 659/659/1078 528/528/838 2117/2117/1320
f 153/153/247 1207/1207/2179 1739/1739/699
f 612/612/981 2027/2027/1160 673/673/1105
f 1851/1851/1243 61/61/89 62/62/88
f 2509/2509/2288 1135/1135/2000 2303/2303/1674
f 1715/1715/666 1638/1638/574 418/418/667
f 473/473/752 1195/1195/2144 644/644/1053
f 631/631/1024 1935/1935/1023 1880/1880/932
f 1181/1181/2107 2585/2585/2289 2584/2584/2290
f 1964/1964/1070 1164/1164/2063 576/576/921
f 1690/1690/645 781/781/1293 1151/1151/2030
f 1617/1617/2291 560/560/898 2476/2476/2292
f 248/248/394 2586/2586/2293 1534/1534/395
f 439/439/696 1691/1691/650 2587/2587/2294
f 388/388/615 526/526/834 200/200/314
f 1238/1238/2295 484/484/770 202/202/320
f 283/283/451 281/281/450 1789/1789/805
f 125/125/200 119/119/188 1160/1160/2053
f 567/567/906 2359/2359/1786 710/710/1177
f 2219/2219/1538 2464/2464/2296 895/895/1512
f 389/389/618 390/390/617 2034/2034/1171
f 461/461/732 2345/2345/1764 463/463/735
f 1930/1930/1012 2345/2345/1764 461/461/732
f 232/232/368 2588/2588/2297 2521/2521/2133
f 1126/1126/1980 1764/1764/739 37/37/47
f 1326/1326/46 2545/2545/2187 1126/1126/1980
f 2185/2185/1447 902/902/1518 350/350/553
f 901/901/1517 2582/2582/2298 774/774/1285
f 2589/2589/2299 851/851/1422 897/897/1514
f 2023/2023/1153 2537/2537/2177 68/68/101
f 2047/2047/2195 1096/1096/1917 2326/2326/1730
f 495/495/789 207/207/330 1737/1737/694
f 2350/2350/1774 1025/1025/1773 2152/2152/1564
f 67/67/98 2069/2069/1343 2590/2590/2300
f 1164/1164/2063 1964/1964/1070 653/653/1072
f 1047/1047/1814 2591/2591/2301 2470/2470/2015
f 2485/2485/2190 1685/1685/640 1169/1169/2076
f 1586/1586/499 316/316/501 325/325/514
f 1423/1423/222 2008/2008/1125 401/401/638
f 439/439/696 2587/2587/2294 1226/1226/2252
f 1516/1516/1122 1517/1517/2302 1140/1140/2303
f 1645/1645/2304 957/957/1632 1441/1441/266
f 1536/1536/398 277/277/444 1563/1563/443
f 2109/2109/1304 734/734/1224 733/733/1223
f 2360/2360/1791 2006/2006/1120 259/259/416
f 2592/2592/2305 908/908/1529 1341/1341/68
f 434/434/2248 406/406/647 2593/2593/2306
f 2061/2061/1225 734/734/1224 2561/2561/2220
f 2397/2397/1888 2007/2007/1121 682/682/1123
f 1217/1217/2212 2519/2519/2131 849/849/1416
f 189/189/301 2024/2024/1462 2332/2332/1742
f 1676/1676/622 1093/1093/1903 1239/1239/2307
f 2418/2418/1918 1045/1045/1811 1552/1552/418
f 2133/2133/1348 670/670/1099 1993/1993/1100
f 1693/1693/654 826/826/1375 2155/2155/1376
f 502/502/802 2039/2039/1183 2594/2594/2308
f 2595/2595/2309 197/197/310 1396/1396/171
f 788/788/2205 1762/1762/738 1215/1215/2199
f 487/487/776 488/488/778 2557/2557/2210
f 696/696/1151 2161/2161/1391 2095/2095/1390
f 140/140/223 2485/2485/2190 2480/2480/2047
f 2595/2595/2309 566/566/904 1542/1542/409
f 2323/2323/1722 1555/1555/425 1216/1216/2200
f 2662/2662/1995 1099/1099/1997 2838/2838/2310
f 2298/2298/1656 2137/2137/2311 1235/1235/2279
f 1372/1372/121 2598/2598/2312 83/83/122
f 1568/1568/448 241/241/384 530/530/839
f 2534/2534/2166 2583/2583/2287 441/441/698
f 836/836/1395 1602/1602/513 7/7/12
f 570/570/912 1899/1899/972 1863/1863/913
f 294/294/471 1171/1171/2084 206/206/327
f 1932/1932/1019 180/180/281 1454/1454/283
f 1391/1391/162 105/105/164 1175/1175/2091
f 1354/1354/1593 1044/1044/1809 2599/2599/2313
f 2315/2315/1699 885/885/1485 2153/2153/1373
f 19/19/30 317/317/500 1586/1586/499
f 2336/2336/1748 2372/2372/2314 1011/1011/1749
f 1240/1240/2315 1739/1739/699 2217/2217/1530
f 709/709/1175 1224/1224/2249 1241/1241/2316
f 1034/1034/1863 474/474/756 475/475/755
f 255/255/407 2600/2600/2317 1679/1679/625
f 701/701/1168 1584/1584/492 1570/1570/454
f 2266/2266/1599 2193/2193/1471 1068/1068/1850
f 1868/1868/925 718/718/1192 1136/1136/2318
f 1453/1453/1725 302/302/480 300/300/479
f 1103/1103/1929 1689/1689/1905 881/881/1476
f 1813/1813/2319 1814/1814/1611 936/936/1595
f 1238/1238/2295 1579/1579/477 298/298/476
f 261/261/419 262/262/420 986/986/1700
f 1938/1938/1029 1986/1986/1097 453/453/721
f 859/859/1432 907/907/1527 1457/1457/285
f 1390/1390/160 289/289/461 822/822/1369
f 896/896/1513 353/353/556 351/351/555
f 1338/1338/63 46/46/65 1643/1643/2320
f 394/394/627 892/892/1509 2415/2415/2069
f 2458/2458/2001 850/850/1419 1242/1242/2321
f 756/756/1262 1963/1963/1067 651/651/1069
f 110/110/172 2601/2601/2322 1661/1661/605
f 1037/1037/1800 790/790/1310 1039/1039/1801
f 2602/2602/2323 2093/2093/2324 1087/1087/2135
f 920/920/2325 2164/2164/2326 2292/2292/1646
f 203/203/322 1490/1490/324 1243/1243/2327
f 2037/2037/1181 905/905/1522 2012/2012/1130
f 2560/2560/2218 1401/1401/187 118/118/186
f 2590/2590/2300 2469/2469/2259 66/66/99
f 1679/1679/625 394/394/627 255/255/407
f 694/694/1148 1833/1833/875 201/201/315
f 6/6/7 144/144/230 2229/2229/2328
f 1840/1840/884 461/461/732 1760/1760/734
f 1549/1549/1020 1435/1435/246 180/180/281
f 800/800/1328 1150/1150/2027 459/459/730
f 2376/2376/1824 299/299/478 938/938/1598
f 1962/1962/1061 632/632/1027 2052/2052/1207
f 2544/2544/2186 1173/1173/2088 1240/1240/2315
f 997/997/1714 730/730/1218 1198/1198/2147
f 1184/1184/2111 2563/2563/2233 814/814/1351
f 698/698/1158 1412/1412/206 489/489/777
f 1589/1589/2329 148/148/237 1480/1480/317
f 2072/2072/1244 1424/1424/224 11/11/15
f 2519/2519/2131 507/507/812 849/849/1416
f 466/466/743 2132/2132/1347 465/465/741
f 861/861/1435 798/798/1325 2120/2120/1324
f 2603/2603/2330 1234/1234/2277 1244/1244/2331
f 2036/2036/1884 1749/1749/714 846/846/1412
f 1091/1091/1898 2404/2404/1900 2218/2218/2161
f 1106/1106/1941 1393/1393/167 1593/1593/2332
f 1085/1085/1890 1943/1943/1057 697/697/1157
f 463/463/735 550/550/876 1833/1833/875
f 3030/3030/829 2814/2814/2333 521/521/830
f 2138/2138/1358 492/492/780 491/491/779
f 464/464/737 1005/1005/1731 1762/1762/738
f 569/569/907 1859/1859/909 2207/2207/1495
f 393/393/624 1846/1846/896 317/317/500
f 2174/2174/1423 956/956/1629 2169/2169/1403
f 1143/1143/2012 444/444/704 2449/2449/1990
f 1666/1666/608 1533/1533/393 727/727/1210
f 50/50/71 1481/1481/318 148/148/237
f 1397/1397/175 1613/1613/532 40/40/52
f 511/511/817 2604/2604/2334 2546/2546/2335
f 1065/1065/1846 74/74/109 279/279/447
f 1773/1773/765 2053/2053/1208 797/797/1323
f 2164/2164/2326 1245/1245/2336 2292/2292/1646
f 339/339/539 2496/2496/2215 961/961/1642
f 1051/1051/1998 1621/1621/543 1247/1247/2337
f 382/382/599 2605/2605/2338 381/381/600
f 1189/1189/2125 1241/1241/2316 1224/1224/2249
f 2063/2063/1230 112/112/174 654/654/1073
f 512/512/822 449/449/715 1807/1807/823
f 142/142/227 143/143/226 1249/1249/2339
f 775/775/1286 660/660/1079 659/659/1078
f 189/189/301 1471/1471/300 2024/2024/1462
f 1102/1102/1926 1007/1007/1741 1073/1073/1859
f 219/219/346 554/554/881 1503/1503/347
f 1517/1517/2302 665/665/1092 1140/1140/2303
f 1877/1877/2340 2460/2460/2003 1135/1135/2000
f 2433/2433/1960 798/798/1325 861/861/1435
f 966/966/1654 212/212/337 2297/2297/1655
f 2595/2595/2309 1542/1542/409 197/197/310
f 2454/2454/2341 2349/2349/1772 1010/1010/1746
f 196/196/308 479/479/763 2468/2468/2013
f 471/471/747 1250/1250/2342 2324/2324/1723
f 2142/2142/2173 242/242/386 2143/2143/2132
f 1251/1251/2343 212/212/337 966/966/1654
f 1546/1546/414 2078/2078/2223 563/563/2258
f 2530/2530/2152 2529/2529/2151 1026/1026/1775
f 2010/2010/1126 269/269/432 1109/1109/1956
f 1071/1071/1853 510/510/816 584/584/935
f 1983/1983/1235 419/419/669 53/53/73
f 106/106/163 2154/2154/1376 2552/2552/2198
f 2311/2311/1693 467/467/742 2121/2121/1327
f 1252/1252/2344 2490/2490/2068 187/187/298
f 468/468/744 469/469/745 1792/1792/810
f 689/689/1136 671/671/1103 2231/2231/1914
f 1456/1456/286 1445/1445/2345 1253/1253/2346
f 1169/1169/2076 1685/1685/640 620/620/1001
f 1109/1109/1956 1155/1155/2041 2010/2010/1126
f 1483/1483/2347 1484/1484/2348 1254/1254/2349
f 359/359/1080 1409/1409/198 358/358/1306
f 2269/2269/1600 322/322/509 1112/1112/1959
f 1364/1364/97 66/66/99 102/102/155
f 1484/1484/2348 783/783/1296 2098/2098/1298
f 2431/2431/1952 2588/2588/2297 438/438/693
f 741/741/1239 882/882/1477 1132/1132/1987
f 230/230/364 1474/1474/305 1255/1255/2350
f 952/952/1619 1091/1091/1898 1921/1921/1620
f 1340/1340/66 1341/1341/68 1256/1256/2351
f 638/638/1036 776/776/1288 2114/2114/1317
f 2273/2273/1845 2398/2398/1887 819/819/1363
f 1113/1113/1961 580/580/930 2434/2434/1962
f 87/87/132 1110/1110/1955 270/270/431
f 1926/1926/1008 531/531/840 2596/2596/2352
f 978/978/1681 1387/1387/158 943/943/1607
f 1682/1682/632 1455/1455/282 180/180/281
f 2500/2500/2092 2442/2442/1977 805/805/1336
f 2500/2500/2092 767/767/1273 2442/2442/1977
f 2606/2606/2353 1257/1257/2354 1658/1658/601
f 1193/1193/2139 672/672/1102 523/523/833
f 1423/1423/222 139/139/221 2008/2008/1125
f 2209/2209/1498 2304/2304/1680 1197/1197/2146
f 80/80/117 2093/2093/2324 1368/1368/115
f 1225/1225/2250 2285/2285/1634 888/888/1500
f 1743/1743/702 278/278/445 279/279/447
f 694/694/1148 201/201/315 526/526/834
f 1792/1792/810 2232/2232/1550 468/468/744
f 2015/2015/1137 1407/1407/2355 902/902/1518
f 432/432/687 2321/2321/1715 1389/1389/161
f 37/37/47 1763/1763/740 1614/1614/1616
f 739/739/1236 1981/1981/2108 2514/2514/2117
f 809/809/1341 690/690/1140 1170/1170/2079
f 2067/2067/1238 1131/1131/1986 741/741/1239
f 520/520/827 2269/2269/1600 2433/2433/1960
f 2210/2210/1501 1864/1864/914 1074/1074/1860
f 700/700/1167 1084/1084/1889 606/606/974
f 1834/1834/877 1340/1340/66 1256/1256/2351
f 640/640/1040 2543/2543/2184 695/695/1150
f 718/718/1192 952/952/1619 1136/1136/2318
f 109/109/173 110/110/172 1661/1661/605
f 2607/2607/2356 684/684/1127 716/716/1187
f 1664/1664/2357 243/243/385 1055/1055/1825
f 696/696/1151 889/889/1503 2161/2161/1391
f 1698/1698/1896 306/306/485 2115/2115/1319
f 923/923/1554 2233/2233/1553 1213/1213/2196
f 575/575/920 1866/1866/922 2541/2541/2182
f 806/806/1336 1907/1907/990 2129/2129/2358
f 2324/2324/1723 1250/1250/2342 1940/1940/2269
f 866/866/1448 313/313/493 1178/1178/2100
f 1153/1153/2032 591/591/947 928/928/1571
f 2415/2415/2069 892/892/1509 742/742/1241
f 1337/1337/63 1642/1642/580 367/367/579
f 2164/2164/2326 733/733/1223 1245/1245/2336
f 2164/2164/2326 2108/2108/1303 733/733/1223
f 160/160/254 1326/1326/46 36/36/45
f 1468/1468/2359 97/97/148 1018/1018/1823
f 746/746/1247 1152/1152/2031 2394/2394/1871
f 848/848/1414 1576/1576/467 1062/1062/1839
f 1014/1014/1756 1556/1556/427 1089/1089/1894
f 759/759/1266 2208/2208/1497 994/994/1708
f 762/762/1267 698/698/1158 487/487/776
f 1044/1044/1809 2579/2579/2360 1258/1258/2361
f 1808/1808/824 2462/2462/2006 514/514/825
f 1666/1666/608 248/248/394 1533/1533/393
f 154/154/249 2453/2453/2282 1207/1207/2179
f 1558/1558/433 271/271/435 754/754/1258
f 2366/2366/1797 2049/2049/1197 328/328/520
f 1775/1775/767 2241/2241/1559 794/794/1313
f 1834/1834/877 1256/1256/2351 1779/1779/2362
f 2267/2267/2213 1360/1360/93 234/234/372
f 1259/1259/2363 661/661/1081 250/250/400
f 1949/1949/1877 1827/1827/861 92/92/139
f 1199/1199/2153 2530/2530/2152 1255/1255/2350
f 292/292/468 146/146/235 1590/1590/2188
f 420/420/673 503/503/804 2609/2609/2364
f 1235/1235/2279 2137/2137/2311 2136/2136/1673
f 909/909/1531 222/222/351 1261/1261/2365
f 46/46/65 1339/1339/64 1262/1262/2366
f 1966/1966/2276 1765/1765/1421 1000/1000/1721
f 2005/2005/1118 1264/1264/2367 681/681/1119
f 1524/1524/379 238/238/380 2521/2521/2133
f 1265/1265/2368 2610/2610/2369 1717/1717/2370
f 926/926/1566 1478/1478/311 527/527/835
f 2609/2609/2364 503/503/804 2390/2390/1862
f 2247/2247/1575 83/83/122 2246/2246/1576
f 2438/2438/1972 904/904/1522 1701/1701/1521
f 138/138/218 2430/2430/1951 1422/1422/219
f 1419/1419/215 1532/1532/391 137/137/216
f 1068/1068/1850 2480/2480/2047 2484/2484/2371
f 2042/2042/1188 1735/1735/688 1266/1266/2372
f 2381/2381/1843 2358/2358/1784 1149/1149/2025
f 2381/2381/1843 1031/1031/1785 2358/2358/1784
f 1254/1254/2349 931/931/1578 930/930/1577
f 1676/1676/622 1677/1677/621 1093/1093/1903
f 340/340/538 1747/1747/711 339/339/539
f 1783/1783/791 985/985/1697 1836/1836/878
f 570/570/912 141/141/225 632/632/1027
f 1822/1822/848 1899/1899/972 570/570/912
f 1080/1080/1878 57/57/80 1346/1346/79
f 1255/1255/2350 2526/2526/2373 230/230/364
f 48/48/67 2592/2592/2305 1341/1341/68
f 1831/1831/869 996/996/1713 546/546/870
f 1828/1828/863 542/542/864 2487/2487/2064
f 284/284/453 2515/2515/2118 1182/1182/2109
f 2113/2113/1317 944/944/1608 1767/1767/748
f 459/459/730 1150/1150/2027 1605/1605/518
f 1187/1187/2119 1267/1267/2374 2454/2454/2341
f 2369/2369/1802 1011/1011/1749 2372/2372/2314
f 466/466/743 2311/2311/1693 1512/1512/361
f 133/133/214 135/135/213 731/731/1219
f 1359/1359/92 1024/1024/1770 99/99/151
f 1101/1101/1927 2353/2353/1781 1100/1100/1925
f 1421/1421/220 2282/2282/1627 238/238/380
f 1047/1047/1814 951/951/1615 1189/1189/2125
f 799/799/1326 1156/1156/2045 2121/2121/1327
f 2330/2330/2375 1268/1268/2376 2243/2243/1567
f 2909/2909/2377 380/380/598 2687/2687/2378
f 1995/1995/1104 53/53/73 2046/2046/2379
f 2033/2033/1165 1648/1648/2171 919/919/2170
f 1163/1163/2058 753/753/1257 1894/1894/955
f 1078/1078/1869 2076/2076/1256 753/753/1257
f 1212/1212/2191 2428/2428/1940 1614/1614/1616
f 987/987/1702 390/390/617 2289/2289/1640
f 1139/1139/2007 2103/2103/1299 783/783/1296
f 2434/2434/1962 580/580/930 1791/1791/808
f 2612/2612/2380 1269/1269/2381 260/260/417
f 2459/2459/2002 670/670/1099 2133/2133/1348
f 1266/1266/2372 2188/2188/1458 278/278/445
f 155/155/248 1235/1235/2279 2136/2136/1673
f 1270/1270/2382 911/911/1532 1166/1166/2073
f 1347/1347/81 2157/2157/1381 58/58/82
f 2486/2486/2060 848/848/1414 2172/2172/1415
f 347/347/547 1228/1228/2260 1429/1429/234
f 549/549/876 1340/1340/66 1834/1834/877
f 862/862/1436 813/813/1349 1841/1841/1437
f 27/27/39 28/28/41 585/585/940
f 2036/2036/1884 846/846/1412 847/847/1413
f 2427/2427/1932 1939/1939/1032 1271/1271/2383
f 628/628/1014 1722/1722/671 1029/1029/1778
f 371/371/585 2613/2613/2384 2212/2212/1519
f 803/803/1332 2124/2124/1334 2125/2125/1944
f 488/488/778 2328/2328/1735 2557/2557/2210
f 1034/1034/1863 744/744/1246 1531/1531/390
f 1769/1769/754 1087/1087/2135 475/475/755
f 169/169/263 1440/1440/262 821/821/1365
f 1406/1406/197 187/187/298 2490/2490/2068
f 1690/1690/645 2614/2614/2385 887/887/1499
f 2351/2351/1779 1027/1027/1776 1914/1914/996
f 1766/1766/2386 1506/1506/354 897/897/1514
f 807/807/1336 2443/2443/1977 1758/1758/728
f 630/630/1017 755/755/1260 2614/2614/2385
f 2604/2604/2334 522/522/833 1816/1816/842
f 1143/1143/2012 2449/2449/1990 1152/1152/2031
f 2495/2495/2077 153/153/247 441/441/698
f 2446/2446/1988 1696/1696/1916 979/979/1684
f 1339/1339/64 333/333/529 959/959/1635
f 658/658/1077 868/868/1455 865/865/1441
f 400/400/637 1684/1684/636 470/470/746
f 2413/2413/1933 1269/1269/2381 1172/1172/2087
f 422/422/674 2554/2554/2208 1013/1013/1754
f 767/767/1273 2580/2580/2280 1124/1124/1978
f 2200/2200/1483 2376/2376/1824 1204/1204/2162
f 2615/2615/2387 2013/2013/1132 1162/1162/2056
f 179/179/280 1042/1042/1807 2393/2393/1870
f 462/462/733 1833/1833/875 694/694/1148
f 902/902/1518 44/44/58 350/350/553
f 1470/1470/299 189/189/301 1629/1629/561
f 722/722/1196 752/752/1254 2049/2049/1197
f 1770/1770/757 476/476/759 868/868/1455
f 174/174/273 1268/1268/2376 366/366/2388
f 2394/2394/1871 650/650/1066 782/782/1294
f 96/96/146 1844/1844/894 1384/1384/147
f 1271/1271/2383 1939/1939/1032 2347/2347/1795
f 54/54/75 55/55/77 426/426/677
f 1192/1192/2137 221/221/349 909/909/1531
f 443/443/701 1503/1503/347 1037/1037/1800
f 1128/1128/1983 1129/1129/1982 1221/1221/2230
f 988/988/2156 1872/1872/928 24/24/38
f 2217/2217/1530 1207/1207/2179 2565/2565/2235
f 3008/3008/2389 1386/1386/154 3100/3100/2390
f 1806/1806/821 1405/1405/194 122/122/193
f 1437/1437/252 160/160/254 1936/1936/1025
f 1670/1670/1790 2197/2197/1480 912/912/1535
f 2419/2419/1920 265/265/426 266/266/428
f 1820/1820/1220 135/135/213 1795/1795/2391
f 2563/2563/2233 545/545/871 814/814/1351
f 1272/1272/2392 2076/2076/1256 1078/1078/1869
f 973/973/1665 1026/1026/1775 2529/2529/2151
f 440/440/697 2534/2534/2166 441/441/698
f 2055/2055/1214 659/659/1078 2117/2117/1320
f 8/8/1467 876/876/1466 1019/1019/1761
f 458/458/727 939/939/1602 1759/1759/728
f 521/521/830 2594/2594/2308 2067/2067/1238
f 1183/1183/2110 2616/2616/2393 1273/1273/2394
f 24/24/38 1872/1872/928 1871/1871/927
f 1245/1245/2336 733/733/1223 2061/2061/1225
f 2617/2617/2395 2479/2479/2046 1156/1156/2045
f 244/244/387 285/285/457 245/245/388
f 1908/1908/992 617/617/2396 2270/2270/1601
f 470/470/746 2354/2354/1783 315/315/497
f 2778/2778/2397 3102/3102/2398 1622/1622/546
f 2211/2211/1508 505/505/809 951/951/1615
f 984/984/1691 799/799/1326 465/465/741
f 150/150/239 852/852/1424 43/43/56
f 2618/2618/2399 340/340/538 1274/1274/2400
f 1544/1544/412 1090/1090/1894 337/337/534
f 1112/1112/1959 1162/1162/2056 1525/1525/381
f 608/608/977 1715/1715/666 1716/1716/668
f 546/546/870 997/997/1714 1829/1829/866
f 219/219/346 220/220/348 2333/2333/1744
f 457/457/725 585/585/940 2244/2244/1574
f 816/816/1353 2080/2080/1261 755/755/1260
f 587/587/942 2266/2266/1599 183/183/291
f 2343/2343/2401 702/702/1169 2034/2034/1171
f 3/3/5 177/177/277 1297/1297/6
f 1861/1861/911 233/233/369 232/232/368
f 2451/2451/1991 2544/2544/2186 1209/1209/2185
f 1125/1125/2402 1754/1754/729 2444/2444/2403
f 112/112/174 1330/1330/51 39/39/53
f 391/391/619 765/765/1270 32/32/42
f 924/924/1555 2235/2235/1556 1546/1546/414
f 2616/2616/2393 1183/1183/2110 1184/1184/2111
f 332/332/528 10/10/13 2302/2302/1671
f 565/565/903 1427/1427/231 1876/1876/931
f 729/729/1213 1662/1662/1212 2540/2540/2404
f 1615/1615/2405 2361/2361/1793 1211/1211/2191
f 26/26/37 820/820/1366 2546/2546/2335
f 2031/2031/1216 730/730/1218 2392/2392/1867
f 1275/1275/2406 1195/1195/2144 2191/2191/1468
f 2514/2514/2117 232/232/368 2520/2520/2134
f 921/921/1551 340/340/538 2180/2180/1434
f 265/265/426 2029/2029/1162 171/171/267
f 1950/1950/2407 1070/1070/1928 2078/2078/2223
f 2081/2081/1265 574/574/918 573/573/917
f 10/10/13 1408/1408/1454 2231/2231/1914
f 1587/1587/1639 292/292/468 1590/1590/2188
f 987/987/1702 2289/2289/1640 777/777/1287
f 1198/1198/2147 1830/1830/867 1829/1829/866
f 2294/2294/1650 1349/1349/83 708/708/1173
f 659/659/1078 2055/2055/1214 775/775/1286
f 1853/1853/1594 2589/2589/2299 898/898/1515
f 730/730/1218 1808/1808/824 1198/1198/2147
f 1586/1586/499 325/325/514 2440/2440/1976
f 2260/2260/1588 935/935/1590 1090/1090/1894
f 2291/2291/1643 1277/1277/2408 1276/1276/2409
f 1609/1609/523 2548/2548/2192 1238/1238/2295
f 1903/1903/983 2597/2597/2410 614/614/984
f 637/637/1036 1767/1767/748 471/471/747
f 1396/1396/171 1960/1960/1055 145/145/233
f 123/123/195 426/426/677 55/55/77
f 2055/2055/1214 2117/2117/1320 367/367/579
f 2368/2368/1799 1320/1320/31 578/578/2411
f 1232/1232/2274 2578/2578/2273 1916/1916/998
f 68/68/101 2537/2537/2177 116/116/183
f 732/732/1221 907/907/1527 731/731/1219
f 889/889/1503 1743/1743/702 2161/2161/1391
f 1703/1703/2165 529/529/837 1815/1815/836
f 1106/1106/1941 1593/1593/2332 1594/1594/1942
f 2587/2587/2294 1691/1691/650 341/341/542
f 623/623/1005 2351/2351/1779 1203/1203/2160
f 1309/1309/27 823/823/1372 1278/1278/2412
f 1634/1634/569 1020/1020/1762 2236/2236/1931
f 2496/2496/2215 1277/1277/2408 961/961/1642
f 349/349/551 1609/1609/523 1610/1610/524
f 1598/1598/2413 875/875/1464 2116/2116/1319
f 741/741/1239 2398/2398/1887 2273/2273/1845
f 419/419/669 1806/1806/821 122/122/193
f 1269/1269/2381 255/255/407 1172/1172/2087
f 2203/2203/1488 504/504/806 1789/1789/805
f 341/341/542 2198/2198/1694 1635/1635/2414
f 1261/1261/2365 1279/1279/2415 2567/2567/2240
f 2620/2620/2416 1258/1258/2361 2375/2375/1815
f 2599/2599/2313 1258/1258/2361 2620/2620/2416
f 482/482/768 1694/1694/656 481/481/769
f 653/653/1072 1740/1740/1071 1741/1741/2245
f 1784/1784/1832 857/857/1429 2605/2605/2338
f 787/787/2205 1214/1214/2199 791/791/1309
f 2558/2558/2216 1280/1280/2417 1475/1475/2418
f 104/104/159 2562/2562/2222 1390/1390/160
f 1073/1073/1859 628/628/1014 1028/1028/1777
f 2469/2469/2259 2280/2280/2419 114/114/180
f 1241/1241/2316 1427/1427/231 709/709/1175
f 1059/1059/1833 1545/1545/413 2494/2494/2420
f 736/736/1232 851/851/1422 2621/2621/2421
f 94/94/144 1534/1534/395 2329/2329/1737
f 735/735/1226 2017/2017/1228 79/79/113
f 1035/1035/1789 1541/1541/408 1929/1929/2422
f 1259/1259/2363 1281/1281/2423 661/661/1081
f 2555/2555/2209 2557/2557/2210 1281/1281/2423
f 1028/1028/1777 1029/1029/1778 1129/1129/1982
f 2355/2355/2018 592/592/950 2356/2356/2424
f 1937/1937/1026 36/36/45 557/557/888
f 2292/2292/1646 1245/1245/2336 963/963/1647
f 813/813/1349 814/814/1351 2474/2474/2021
f 2302/2302/1671 10/10/13 1071/1071/1853
f 2399/2399/1979 631/631/1024 1880/1880/932
f 1138/1138/2005 1058/1058/1830 1922/1922/1000
f 1293/1293/1 910/910/1533 2203/2203/1488
f 88/88/135 458/458/727 1832/1832/872
f 1199/1199/2153 1280/1280/2417 81/81/119
f 11/11/15 1680/1680/630 2409/2409/1908
f 108/108/170 2329/2329/1737 1534/1534/395
f 916/916/1539 2219/2219/1538 2265/2265/1623
f 1533/1533/393 2488/2488/2065 727/727/1210
f 2123/2123/1330 2567/2567/2240 1279/1279/2415
f 501/501/800 502/502/802 2594/2594/2308
f 845/845/1410 1522/1522/378 2335/2335/1747
f 170/170/264 1003/1003/1729 1442/1442/265
f 1032/1032/1787 629/629/1015 303/303/482
f 2014/2014/1135 688/688/1134 2281/2281/1625
f 1865/1865/919 460/460/731 1843/1843/889
f 1144/1144/2014 2368/2368/1799 494/494/788
f 411/411/1657 106/106/163 1750/1750/719
f 791/791/1309 1214/1214/2199 979/979/1684
f 2478/2478/2036 432/432/687 860/860/1433
f 1357/1357/1875 1123/1123/1975 1079/1079/1876
f 1299/1299/8 1850/1850/899 540/540/859
f 1255/1255/2350 1475/1475/2418 1199/1199/2153
f 683/683/1123 631/631/1024 2545/2545/2187
f 975/975/1675 152/152/245 1434/1434/244
f 1839/1839/885 989/989/1705 22/22/34
f 2153/2153/1373 77/77/112 2504/2504/2101
f 1145/1145/2020 165/165/260 934/934/1586
f 238/238/380 1053/1053/1821 2521/2521/2133
f 730/730/1218 997/997/1714 2392/2392/1867
f 486/486/775 260/260/417 2414/2414/1934
f 1103/1103/1929 816/816/1353 1931/1931/1016
f 2507/2507/2425 1483/1483/2347 832/832/1385
f 1420/1420/217 1926/1926/1008 823/823/1372
f 392/392/620 1803/1803/820 1677/1677/621
f 886/886/1491 622/622/1003 2175/2175/2169
f 886/886/1491 2175/2175/2169 2176/2176/1492
f 1457/1457/285 907/907/1527 732/732/1221
f 864/864/1440 2182/2182/1442 1168/1168/2075
f 418/418/667 205/205/323 2568/2568/2244
f 215/215/339 2427/2427/1932 214/214/340
f 215/215/339 1050/1050/1819 417/417/663
f 2353/2353/1781 2491/2491/2070 1100/1100/1925
f 9/9/11 836/836/1395 7/7/12
f 3109/3109/2426 2458/2458/2001 2785/2785/2427
f 2180/2180/1434 340/340/538 2618/2618/2399
f 1250/1250/2342 1683/1683/634 1392/1392/165
f 574/574/918 460/460/731 1865/1865/919
f 878/878/1473 1985/1985/1095 667/667/1094
f 2112/2112/2428 840/840/1401 1725/1725/2263
f 2226/2226/1548 611/611/980 2536/2536/2168
f 1846/1846/896 1319/1319/2429 535/535/851
f 127/127/201 2309/2309/2052 2091/2091/1937
f 1843/1843/889 1387/1387/158 978/978/1681
f 906/906/1524 554/554/881 29/29/40
f 511/511/817 2546/2546/2335 1799/1799/818
f 914/914/1537 23/23/34 2254/2254/1585
f 1057/1057/1826 2616/2616/2393 1056/1056/1827
f 1055/1055/1825 1056/1056/1827 680/680/1115
f 1222/1222/2231 420/420/673 2609/2609/2364
f 957/957/1632 1646/1646/1984 2284/2284/1631
f 2584/2584/2290 2585/2585/2289 1061/1061/1837
f 2332/2332/1742 1813/1813/2319 936/936/1595
f 140/140/223 1423/1423/222 2485/2485/2190
f 529/529/837 711/711/1179 2178/2178/1431
f 1826/1826/862 1948/1948/1149 695/695/1150
f 133/133/214 731/731/1219 907/907/1527
f 2493/2493/2072 1265/1265/2368 1717/1717/2370
f 1382/1382/1145 693/693/1144 1381/1381/1689
f 1044/1044/1809 2373/2373/1808 2579/2579/2360
f 1795/1795/2391 900/900/1517 1447/1447/2176
f 1191/1191/2129 879/879/1474 2518/2518/2130
f 838/838/1397 1464/1464/292 837/837/1398
f 1768/1768/749 472/472/751 2622/2622/2430
f 1315/1315/143 1316/1316/1626 955/955/1628
f 435/435/690 2188/2188/1458 1266/1266/2372
f 1574/1574/2175 899/899/1516 999/999/1719
f 404/404/644 1716/1716/668 781/781/1293
f 922/922/1552 2263/2263/1591 2233/2233/1553
f 97/97/148 751/751/1255 542/542/864
f 1282/1282/2431 829/829/1382 1190/1190/2128
f 64/64/90 99/99/151 100/100/153
f 681/681/1119 926/926/1566 342/342/541
f 2153/2153/1373 2504/2504/2101 825/825/1374
f 2447/2447/2242 2325/2325/1727 738/738/1233
f 1687/1687/643 403/403/642 2610/2610/2369
f 2623/2623/2432 1791/1791/808 395/395/626
f 1042/1042/1807 1082/1082/1883 431/431/685
f 1001/1001/1720 1966/1966/2276 1000/1000/1721
f 1833/1833/875 1835/1835/877 201/201/315
f 71/71/106 949/949/1614 73/73/107
f 2025/2025/1463 1299/1299/8 872/872/2433
f 127/127/201 1160/1160/2053 2309/2309/2052
f 1992/1992/1644 864/864/1440 1168/1168/2075
f 1445/1445/2345 1446/1446/2434 1253/1253/2346
f 1949/1949/1877 1075/1075/1861 89/89/134
f 1742/1742/1666 396/396/629 974/974/1667
f 27/27/39 585/585/940 457/457/725
f 2277/2277/1618 954/954/1624 2264/2264/1623
f 1679/1679/625 2623/2623/2432 395/395/626
f 21/21/32 1480/1480/317 1321/1321/33
f 945/945/1609 126/126/202 1744/1744/705
f 289/289/461 1054/1054/1822 54/54/75
f 585/585/940 586/586/939 929/929/1572
f 2305/2305/1682 943/943/1607 2272/2272/1606
f 305/305/483 272/272/434 304/304/484
f 2405/2405/1899 182/182/289 2404/2404/1900
f 1204/1204/2162 587/587/942 2489/2489/2066
f 271/271/435 1529/1529/1038 1527/1527/799
f 1066/1066/1849 1977/1977/1090 1517/1517/2302
f 449/449/715 512/512/822 1053/1053/1821
f 1264/1264/2367 1538/1538/401 2249/2249/1582
f 1272/1272/2392 1972/1972/1086 1782/1782/790
f 1283/1283/2435 885/885/1485 2315/2315/1699
f 259/259/416 2612/2612/2380 260/260/417
f 1473/1473/304 1432/1432/241 151/151/243
f 968/968/1767 1023/1023/1768 1180/1180/2167
f 1309/1309/27 1278/1278/2412 1308/1308/25
f 2135/2135/1356 258/258/415 817/817/1354
f 217/217/342 568/568/905 1501/1501/343
f 516/516/2436 1507/1507/356 1218/1218/2214
f 1102/1102/1926 1028/1028/1777 1129/1129/1982
f 2238/2238/2229 1098/1098/2201 2081/2081/1265
f 2551/2551/2437 863/863/1439 436/436/689
f 1885/1885/1116 680/680/1115 937/937/1596
f 754/754/1258 356/356/563 1958/1958/1052
f 2495/2495/2077 155/155/248 153/153/247
f 1192/1192/2137 2565/2565/2235 1236/1236/2283
f 1343/1343/72 1982/1982/1858 53/53/73
f 1728/1728/2438 1518/1518/2439 881/881/1476
f 1765/1765/1421 1766/1766/2386 851/851/1422
f 1805/1805/2440 1553/1553/421 263/263/422
f 143/143/226 1272/1272/2392 1249/1249/2339
f 2475/2475/2026 431/431/685 430/430/684
f 2266/2266/1599 938/938/1598 2193/2193/1471
f 573/573/917 1865/1865/919 2209/2209/1498
f 2242/2242/1561 925/925/1563 2368/2368/1799
f 1237/1237/2284 2334/2334/1745 2562/2562/2222
f 748/748/1249 2181/2181/1438 685/685/1128
f 759/759/1266 994/994/1708 734/734/1224
f 1084/1084/1889 697/697/1157 607/607/975
f 964/964/1652 1811/1811/1411 2327/2327/2441
f 1823/1823/850 922/922/1552 1284/1284/2442
f 782/782/1294 993/993/1707 2394/2394/1871
f 2512/2512/2443 295/295/473 296/296/472
f 1656/1656/591 193/193/307 1148/1148/2023
f 1211/1211/2191 2361/2361/1793 2416/2416/1912
f 812/812/1346 772/772/1283 2582/2582/2298
f 2398/2398/1887 1132/1132/1987 2397/2397/1888
f 2148/2148/2140 1779/1779/2362 801/801/1329
f 2626/2626/2444 802/802/1331 1514/1514/365
f 639/639/1040 802/802/1331 2626/2626/2444
f 446/446/706 249/249/397 1117/1117/1969
f 39/39/53 2393/2393/1870 656/656/1074
f 1208/1208/2180 15/15/21 2326/2326/1730
f 1320/1320/31 925/925/1563 1363/1363/96
f 1486/1486/886 1487/1487/2445 556/556/887
f 2382/2382/2264 95/95/145 1384/1384/147
f 299/299/478 1579/1579/477 2192/2192/1469
f 1677/1677/621 1493/1493/326 1093/1093/1903
f 2130/2130/1338 1353/1353/1592 808/808/1339
f 1307/1307/23 2085/2085/1275 768/768/1274
f 169/169/263 821/821/1365 1871/1871/927
f 1357/1357/1875 1358/1358/1536 1123/1123/1975
f 2440/2440/1976 325/325/514 836/836/1395
f 842/842/1405 852/852/1424 1430/1430/238
f 1772/1772/762 2309/2309/2052 1253/1253/2346
f 2005/2005/1118 1537/1537/399 1264/1264/2367
f 213/213/338 1020/1020/1762 876/876/1466
f 2274/2274/1610 1280/1280/2417 2558/2558/2216
f 154/154/249 2167/2167/2446 2453/2453/2282
f 572/572/915 2564/2564/2234 571/571/916
f 2361/2361/1793 779/779/1290 1230/1230/2261
f 856/856/1428 497/497/795 2624/2624/2447
f 1873/1873/928 770/770/1277 817/817/1354
f 197/197/310 1541/1541/408 1035/1035/1789
f 894/894/1511 2166/2166/1502 1704/1704/660
f 1226/1226/2252 1046/1046/1812 413/413/657
f 1887/1887/948 1883/1883/1901 590/590/946
f 743/743/1242 62/62/88 953/953/1622
f 675/675/1106 2002/2002/1112 1554/1554/423
f 1647/1647/2029 1216/1216/2200 1646/1646/1984
f 1003/1003/1729 1736/1736/692 437/437/691
f 34/34/43 2346/2346/1796 1325/1325/44
f 187/187/298 188/188/297 1252/1252/2344
f 293/293/469 699/699/1159 2194/2194/1472
f 178/178/278 2226/2226/1548 1450/1450/279
f 362/362/571 2470/2470/2015 893/893/1510
f 2461/2461/2448 1021/1021/1765 1677/1677/621
f 1791/1791/808 1876/1876/931 951/951/1615
f 378/378/596 1451/1451/1712 1452/1452/1359
f 2311/2311/1693 1682/1682/632 564/564/901
f 1872/1872/928 169/169/263 1871/1871/927
f 1468/1468/2359 329/329/521 97/97/148
f 1142/1142/2010 2092/2092/1284 811/811/1345
f 1950/1950/2407 771/771/1280 1070/1070/1928
f 2259/2259/2449 1089/1089/1894 1556/1556/427
f 1283/1283/2435 2202/2202/1486 885/885/1485
f 2041/2041/1186 2042/2042/1188 889/889/1503
f 1182/1182/2109 2276/2276/1617 284/284/453
f 2044/2044/1191 1231/1231/2271 1206/1206/2174
f 2096/2096/1289 1229/1229/2261 778/778/1290
f 998/998/1716 1186/1186/2115 442/442/700
f 1184/1184/2111 814/814/1351 815/815/1350
f 253/253/404 2621/2621/2421 2462/2462/2006
f 600/600/961 555/555/883 599/599/962
f 15/15/21 184/184/295 16/16/24
f 541/541/860 19/19/30 1586/1586/499
f 975/975/1675 364/364/576 1792/1792/810
f 199/199/312 2570/2570/2256 321/321/507
f 515/515/970 516/516/2436 2040/2040/1185
f 870/870/1459 1065/1065/1846 2188/2188/1458
f 1602/1602/513 1327/1327/48 7/7/12
f 1598/1598/2413 1599/1599/753 875/875/1464
f 347/347/547 1429/1429/234 1369/1369/116
f 781/781/1293 1716/1716/668 1417/1417/1018
f 2604/2604/2334 511/511/817 522/522/833
f 1335/1335/62 611/611/980 1901/1901/982
f 1140/1140/2303 1934/1934/1022 1516/1516/1122
f 349/349/551 1092/1092/1902 1609/1609/523
f 867/867/1449 606/606/974 1902/1902/976
f 1087/1087/2135 2093/2093/2324 2156/2156/2136
f 1286/1286/2450 1404/1404/191 1888/1888/2451
f 503/503/804 1113/1113/1961 2390/2390/1862
f 1365/1365/100 964/964/1652 2119/2119/2452
f 452/452/717 2274/2274/1610 451/451/718
f 1403/1403/189 1285/1285/2453 459/459/730
f 1413/1413/208 1975/1975/2211 946/946/1612
f 1868/1868/925 579/579/924 2044/2044/1191
f 881/881/1476 2525/2525/2148 882/882/1477
f 2486/2486/2060 1576/1576/467 848/848/1414
f 2714/2714/2454 2746/2746/2455 1368/1368/115
f 545/545/871 546/546/870 534/534/847
f 1457/1457/285 732/732/1221 1456/1456/286
f 2624/2624/2447 497/497/795 2471/2471/2017
f 1945/1945/1039 802/802/1331 639/639/1040
f 742/742/1241 2211/2211/1508 360/360/570
f 1767/1767/748 945/945/1609 1683/1683/634
f 1865/1865/919 978/978/1681 2304/2304/1680
f 47/47/65 261/261/419 176/176/274
f 2172/2172/1415 1233/1233/2278 2603/2603/2330
f 1276/1276/2409 1233/1233/2278 2172/2172/1415
f 1902/1902/976 607/607/975 610/610/979
f 489/489/777 1651/1651/583 488/488/778
f 314/314/498 757/757/1263 65/65/95
f 1310/1310/773 1271/1271/2383 351/351/555
f 844/844/1407 2584/2584/2290 983/983/1687
f 1841/1841/1437 780/780/1292 1842/1842/1021
f 2020/2020/1146 645/645/1054 2318/2318/1704
f 2587/2587/2294 341/341/542 1635/1635/2414
f 2493/2493/2072 1717/1717/2370 1105/1105/1936
f 2470/2470/2015 888/888/1500 2166/2166/1502
f 2330/2330/2375 366/366/2388 1268/1268/2376
f 2057/2057/2456 366/366/2388 2330/2330/2375
f 1819/1819/846 676/676/1109 1494/1494/328
f 318/318/502 1591/1591/503 2019/2019/1143
f 1043/1043/1806 1082/1082/1883 1042/1042/1807
f 337/337/534 2401/2401/1895 1802/1802/2095
f 747/747/1250 748/748/1249 685/685/1128
f 1206/1206/2174 2405/2405/1899 1091/1091/1898
f 1181/1181/2107 1982/1982/1858 2585/2585/2289
f 808/808/1339 2599/2599/2313 2620/2620/2416
f 1219/1219/2224 1228/1228/2260 347/347/547
f 281/281/450 282/282/452 542/542/864
f 700/700/1167 2120/2120/1324 1084/1084/1889
f 1686/1686/639 1138/1138/2005 1922/1922/1000
f 2485/2485/2190 1169/1169/2076 2628/2628/2457
f 1601/1601/2458 375/375/590 1599/1599/753
f 527/527/835 519/519/828 536/536/854
f 1354/1354/1593 1355/1355/2062 1044/1044/1809
f 2317/2317/1703 987/987/1702 1927/1927/1010
f 2304/2304/1680 2305/2305/1682 1197/1197/2146
f 774/774/1285 2582/2582/2298 772/772/1283
f 1234/1234/2277 1502/1502/344 1244/1244/2331
f 1249/1249/2339 1272/1272/2392 1252/1252/2344
f 214/214/340 749/749/1251 1020/1020/1762
f 8/8/1467 1019/1019/1761 1114/1114/1965
f 2064/2064/1231 319/319/504 2008/2008/1125
f 2296/2296/1651 643/643/1049 95/95/145
f 2271/2271/1601 939/939/1602 1075/1075/1861
f 2331/2331/2459 705/705/1172 1048/1048/1818
f 1675/1675/1396 836/836/1395 9/9/11
f 941/941/1605 942/942/1604 1251/1251/2343
f 1802/1802/2095 1938/1938/1029 633/633/1028
f 516/516/2436 1218/1218/2214 2040/2040/1185
f 1581/1581/2090 465/465/741 597/597/959
f 1466/1466/1496 551/551/879 1836/1836/878
f 632/632/1027 141/141/225 142/142/227
f 405/405/646 887/887/1499 2209/2209/1498
f 812/812/1346 2582/2582/2298 2339/2339/1751
f 645/645/1054 1959/1959/1056 1924/1924/1004
f 1762/1762/738 788/788/2205 1837/1837/2206
f 880/880/1475 1174/1174/2089 2322/2322/1717
f 696/696/1151 970/970/1661 80/80/117
f 1418/1418/212 1012/1012/1753 1793/1793/1733
f 1193/1193/2139 1071/1071/1853 2231/2231/1914
f 2999/2999/2460 2847/2847/2461 803/803/1332
f 1260/1260/2462 251/251/400 1537/1537/399
f 2409/2409/1908 1680/1680/630 670/670/1099
f 2424/2424/1973 2457/2457/2463 1120/1120/1974
f 105/105/164 767/767/1273 1175/1175/2091
f 426/426/677 123/123/195 69/69/103
f 544/544/868 953/953/1622 1899/1899/972
f 984/984/1691 1923/1923/1690 799/799/1326
f 1377/1377/131 235/235/373 1237/1237/2284
f 330/330/1193 307/307/486 1700/1700/1234
f 1581/1581/2090 984/984/1691 465/465/741
f 720/720/1194 1927/1927/1010 638/638/1036
f 331/331/527 1927/1927/1010 720/720/1194
f 1935/1935/1023 666/666/1092 2407/2407/2086
f 483/483/768 1775/1775/767 2050/2050/1201
f 1970/1970/1084 662/662/1083 1711/1711/665
f 621/621/1002 1625/1625/552 1626/1626/554
f 1287/1287/2464 1371/1371/120 2227/2227/1547
f 1743/1743/702 279/279/447 445/445/703
f 1911/1911/993 633/633/1028 453/453/721
f 162/162/253 2545/2545/2187 160/160/254
f 2629/2629/2465 2295/2295/1650 705/705/1172
f 914/914/1537 2254/2254/1585 2220/2220/1540
f 2201/2201/1487 77/77/112 885/885/1485
f 2388/2388/1857 2389/2389/1856 1183/1183/2110
f 935/935/1590 2262/2262/1589 2174/2174/1423
f 2358/2358/1784 996/996/1713 1831/1831/869
f 1658/1658/601 837/837/1398 1659/1659/602
f 2291/2291/1643 2172/2172/1415 373/373/588
f 707/707/1174 1144/1144/2014 1781/1781/787
f 1746/1746/709 1747/1747/711 921/921/1551
f 355/355/562 2239/2239/1557 2491/2491/2070
f 1902/1902/976 1627/1627/559 867/867/1449
f 939/939/1602 619/619/991 1759/1759/728
f 1842/1842/1021 407/407/648 2334/2334/1745
f 2621/2621/2421 514/514/825 2462/2462/2006
f 278/278/445 2188/2188/1458 280/280/446
f 2902/2902/2466 2338/2338/2467 3116/3116/2468
f 827/827/1379 2295/2295/1650 2191/2191/1468
f 2601/2601/2322 1035/1035/1789 1929/1929/2422
f 1257/1257/2354 838/838/1397 1658/1658/601
f 370/370/584 947/947/1613 1702/1702/1446
f 1139/1139/2007 783/783/1296 1484/1484/2348
f 60/60/86 1351/1351/85 1086/1086/2469
f 2545/2545/2187 2399/2399/1979 1126/1126/1980
f 568/568/905 1155/1155/2041 2359/2359/1786
f 1192/1192/2137 1236/1236/2283 1145/1145/2020
f 1313/1313/772 352/352/557 2168/2168/1460
f 548/548/873 2580/2580/2280 767/767/1273
f 1800/1800/819 1186/1186/2115 1539/1539/403
f 1461/1461/1155 1867/1867/2470 1147/1147/2022
f 368/368/581 1893/1893/954 1523/1523/377
f 2794/2794/2471 1730/1730/681 3028/3028/1738
f 1779/1779/2362 1256/1256/2351 801/801/1329
f 1669/1669/616 2139/2139/2472 390/390/617
f 594/594/956 1182/1182/2109 1523/1523/377
f 2614/2614/2385 1690/1690/645 1151/1151/2030
f 356/356/563 473/473/752 1958/1958/1052
f 703/703/1170 1961/1961/1060 389/389/618
f 1964/1964/1070 651/651/1069 652/652/1068
f 1440/1440/262 1161/1161/2054 1288/1288/2473
f 685/685/1128 2387/2387/1854 2011/2011/1129
f 523/523/833 524/524/832 1193/1193/2139
f 729/729/1213 604/604/967 728/728/1211
f 2326/2326/1730 15/15/21 1305/1305/20
f 1853/1853/1594 898/898/1515 1852/1852/2474
f 2001/2001/1111 392/392/620 2122/2122/1658
f 1427/1427/231 145/145/233 709/709/1175
f 1016/1016/2253 1226/1226/2252 413/413/657
f 97/97/148 329/329/521 751/751/1255
f 1971/1971/1085 895/895/1512 156/156/251
f 2515/2515/2118 1267/1267/2374 1187/1187/2119
f 481/481/769 698/698/1158 762/762/1267
f 1270/1270/2382 1641/1641/575 911/911/1532
f 1990/1990/2475 931/931/1578 2098/2098/1298
f 942/942/1604 1288/1288/2473 2627/2627/2476
f 1225/1225/2250 1196/1196/2145 2285/2285/1634
f 2027/2027/1160 293/293/469 1344/1344/74
f 1529/1529/1038 271/271/435 1619/1619/537
f 2120/2120/1324 1525/1525/381 239/239/383
f 1238/1238/2295 2548/2548/2192 2620/2620/2416
f 1252/1252/2344 1078/1078/1869 2490/2490/2068
f 126/126/202 127/127/201 1744/1744/705
f 937/937/1596 1056/1056/1827 1521/1521/374
f 2603/2603/2330 1163/1163/2058 2486/2486/2060
f 1030/1030/1780 2352/2352/1782 1024/1024/1770
f 846/846/1412 1624/1624/550 1395/1395/169
f 2380/2380/1842 1188/1188/2122 2031/2031/1216
f 2205/2205/1493 2176/2176/1492 572/572/915
f 349/349/551 758/758/1264 1092/1092/1902
f 2395/2395/1874 1079/1079/1876 1505/1505/352
f 1300/1300/10 268/268/429 1050/1050/1819
f 610/610/979 1287/1287/2464 1627/1627/559
f 1224/1224/2249 888/888/1500 2591/2591/2301
f 1286/1286/2450 1888/1888/2451 2146/2146/2158
f 172/172/272 1863/1863/913 605/605/973
f 2141/2141/1360 1095/1095/1911 1159/1159/2051
f 1788/1788/803 2250/2250/2121 503/503/804
f 908/908/1529 2544/2544/2186 2217/2217/1530
f 2361/2361/1793 2104/2104/1299 779/779/1290
f 3042/3042/2477 626/626/1011 2828/2828/2478
f 2416/2416/1912 2361/2361/1793 950/950/1614
f 1149/1149/2025 2358/2358/1784 2563/2563/2233
f 2450/2450/2479 414/414/659 1526/1526/389
f 2513/2513/2116 821/821/1365 941/941/1605
f 375/375/590 1595/1595/1942 1656/1656/591
f 1805/1805/2440 263/263/422 1277/1277/2408
f 179/179/280 2383/2383/1950 1043/1043/1806
f 348/348/549 1623/1623/548 1053/1053/1821
f 348/348/549 2282/2282/1627 1395/1395/169
f 1289/1289/2480 603/603/968 604/604/967
f 2071/2071/1344 116/116/183 314/314/498
f 1175/1175/2091 2500/2500/2092 2553/2553/2207
f 1876/1876/931 1241/1241/2316 1189/1189/2125
f 891/891/1507 2306/2306/1683 960/960/1636
f 2575/2575/2267 657/657/1076 663/663/1088
f 2200/2200/1483 1204/1204/2162 2489/2489/2066
f 2428/2428/1940 2417/2417/1912 1095/1095/1911
f 2544/2544/2186 1240/1240/2315 2217/2217/1530
f 2012/2012/1130 905/905/1522 1910/1910/2481
f 392/392/620 1676/1676/622 2630/2630/2482
f 437/437/691 1442/1442/265 1003/1003/1729
f 1024/1024/1770 1628/1628/560 1030/1030/1780
f 363/363/577 1434/1434/244 793/793/1312
f 1751/1751/720 1391/1391/162 796/796/1322
f 2433/2433/1960 861/861/1435 519/519/828
f 1217/1217/2212 234/234/372 2519/2519/2131
f 2328/2328/1735 488/488/778 1651/1651/583
f 2497/2497/2085 1171/1171/2084 1216/1216/2200
f 2625/2625/2444 1202/1202/2160 2543/2543/2184
f 1953/1953/1042 1209/1209/2185 48/48/67
f 1154/1154/2037 860/860/1433 1022/1022/1766
f 198/198/313 1870/1870/926 520/520/827
f 2293/2293/1648 451/451/718 612/612/981
f 1004/1004/1728 2430/2430/1951 2431/2431/1952
f 150/150/239 43/43/56 1431/1431/240
f 867/867/1449 1627/1627/559 354/354/558
f 2518/2518/2130 998/998/1716 1578/1578/474
f 3060/3060/2483 1180/1180/2167 2906/2906/2484
f 215/215/339 213/213/338 1050/1050/1819
f 2573/2573/2485 1246/1246/2337 343/343/545
f 215/215/339 1710/1710/664 308/308/488
f 1592/1592/505 319/319/504 2064/2064/1231
f 942/942/1604 2627/2627/2476 118/118/186
f 852/852/1424 42/42/54 43/43/56
f 656/656/1074 2475/2475/2026 766/766/1271
f 1500/1500/336 1825/1825/855 616/616/987
f 1490/1490/324 1483/1483/2347 1243/1243/2327
f 2652/2652/2486 537/537/856 2987/2987/2285
f 1846/1846/896 535/535/851 317/317/500
f 1083/1083/1886 304/304/484 726/726/1206
f 410/410/653 399/399/635 2537/2537/2177
f 1788/1788/803 2437/2437/1971 1118/1118/1970
f 1007/1007/1741 936/936/1595 1073/1073/1859
f 531/531/840 1926/1926/1008 530/530/839
f 1014/1014/1756 266/266/428 1556/1556/427
f 1323/1323/36 26/26/37 2604/2604/2334
f 416/416/662 1174/1174/2089 880/880/1475
f 2405/2405/1899 1458/1458/287 182/182/289
f 513/513/826 953/953/1622 544/544/868
f 223/223/353 1565/1565/1063 1506/1506/354
f 183/183/291 1173/1173/2088 2451/2451/1991
f 1851/1851/1243 1852/1852/2474 61/61/89
f 945/945/1609 1744/1744/705 1683/1683/634
f 2248/2248/1580 1194/1194/2142 1968/1968/2141
f 1014/1014/1756 2221/2221/1541 266/266/428
f 326/326/516 1821/1821/849 1962/1962/1061
f 1455/1455/282 1156/1156/2045 1454/1454/283
f 84/84/126 1374/1374/125 1591/1591/503
f 373/373/588 848/848/1414 1654/1654/589
f 917/917/1542 2419/2419/1920 266/266/428
f 1104/1104/1936 1270/1270/2382 1166/1166/2073
f 1692/1692/652 399/399/635 410/410/653
f 1852/1852/2474 898/898/1515 1961/1961/1060
f 2027/2027/1160 699/699/1159 293/293/469
f 2579/2579/2360 1335/1335/62 1177/1177/2098
f 1534/1534/395 94/94/144 1533/1533/393
f 1057/1057/1826 1273/1273/2394 2616/2616/2393
f 1896/1896/966 2143/2143/2132 1227/1227/2254
f 1017/1017/1759 51/51/70 1466/1466/1496
f 1134/1134/1994 1057/1057/1826 1055/1055/1825
f 1009/1009/1743 460/460/731 2422/2422/2081
f 1189/1189/2125 1224/1224/2249 2591/2591/2301
f 2233/2233/1553 2263/2263/1591 884/884/1482
f 3093/3093/2487 225/225/357 2679/2679/2488
f 316/316/501 1284/1284/2442 1602/1602/513
f 1472/1472/302 2531/2531/2157 608/608/977
f 364/364/576 975/975/1675 363/363/577
f 2344/2344/1758 2111/2111/1314 667/667/1094
f 1985/1985/1095 662/662/1083 1768/1768/749
f 2512/2512/2443 955/955/1628 1422/1422/219
f 2113/2113/1317 1767/1767/748 637/637/1036
f 131/131/209 1424/1424/224 2072/2072/1244
f 1584/1584/492 1178/1178/2100 313/313/493
f 614/614/984 1222/1222/2231 613/613/985
f 1333/1333/59 902/902/1518 1407/1407/2355
f 1495/1495/329 2556/2556/2209 1260/1260/2462
f 1190/1190/2128 829/829/1382 1191/1191/2129
f 1644/1644/580 47/47/65 174/174/273
f 538/538/858 1076/1076/1864 1063/1063/1840
f 275/275/440 414/414/659 2450/2450/2479
f 2571/2571/2257 2225/2225/1546 566/566/904
f 312/312/489 1710/1710/664 2574/2574/2485
f 2045/2045/1829 1721/1721/670 121/121/192
f 320/320/506 2377/2377/1828 2403/2403/1897
f 1119/1119/1974 904/904/1522 2438/2438/1972
f 1220/1220/2225 1549/1549/1020 1932/1932/1019
f 2002/2002/1112 264/264/424 1554/1554/423
f 1568/1568/448 1107/1107/1946 2572/2572/2489
f 1223/1223/2243 1237/1237/2284 2562/2562/2222
f 2535/2535/2490 2586/2586/2293 248/248/394
f 1438/1438/256 679/679/1113 164/164/257
f 2631/2631/2491 834/834/1392 1152/1152/2031
f 2336/2336/1748 735/735/1226 2201/2201/1487
f 1242/1242/2321 1650/1650/958 1648/1648/2171
f 1637/1637/853 527/527/835 536/536/854
f 2606/2606/2353 1658/1658/601 346/346/544
f 869/869/1457 2475/2475/2026 430/430/684
f 1270/1270/2382 2275/2275/1935 1641/1641/575
f 2531/2531/2157 164/164/257 1715/1715/666
f 1819/1819/846 1494/1494/328 429/429/682
f 969/969/1660 994/994/1708 2079/2079/1259
f 634/634/1030 1939/1939/1032 2427/2427/1932
f 718/718/1192 1206/1206/2174 1091/1091/1898
f 605/605/973 586/586/939 172/172/272
f 1145/1145/2020 934/934/1586 2586/2586/2293
f 2687/2687/2378 380/380/598 3119/3119/2492
f 967/967/1659 1239/1239/2307 1555/1555/425
f 2489/2489/2066 587/587/942 1463/1463/290
f 99/99/151 1024/1024/1770 2352/2352/1782
f 2584/2584/2290 844/844/1407 1181/1181/2107
f 2123/2123/1330 1279/1279/2415 1150/1150/2027
f 292/292/468 149/149/236 146/146/235
f 132/132/210 662/662/1083 1985/1985/1095
f 2046/2046/2379 53/53/73 1721/1721/670
f 2147/2147/2158 2148/2148/2140 800/800/1328
f 1228/1228/2260 2607/2607/2356 716/716/1187
f 1052/1052/1820 1248/1248/2493 417/417/663
f 596/596/957 911/911/1532 1293/1293/1
f 1118/1118/1970 2225/2225/1546 2571/2571/2257
f 927/927/1569 1146/1146/2022 1507/1507/356
f 137/137/216 1733/1733/1295 1420/1420/217
f 2125/2125/1944 1787/1787/801 501/501/800
f 1787/1787/801 2124/2124/1334 969/969/1660
f 1820/1820/1220 731/731/1219 135/135/213
f 230/230/364 191/191/306 1474/1474/305
f 1111/1111/1957 2607/2607/2356 1219/1219/2224
f 1198/1198/2147 1808/1808/824 513/513/826
f 2073/2073/1245 1603/1603/515 407/407/648
f 2599/2599/2313 1044/1044/1809 1258/1258/2361
f 2186/2186/1450 867/867/1449 354/354/558
f 1409/1409/198 114/114/180 115/115/182
f 1564/1564/2494 1565/1565/1063 223/223/353
f 801/801/1329 2567/2567/2240 2123/2123/1330
f 144/144/230 1674/1674/2080 2229/2229/2328
f 144/144/230 1426/1426/229 1674/1674/2080
f 69/69/103 1406/1406/197 1367/1367/104
f 1735/1735/688 435/435/690 1266/1266/2372
f 1468/1468/2359 1608/1608/522 329/329/521
f 2180/2180/1434 432/432/687 433/433/686
f 280/280/446 2188/2188/1458 1065/1065/1846
f 286/286/458 1917/1917/2495 1572/1572/459
f 661/661/1081 660/660/1079 775/775/1286
f 1236/1236/2283 165/165/260 1145/1145/2020
f 1956/1956/1045 2050/2050/1201 794/794/1313
f 1602/1602/513 1284/1284/2442 1328/1328/49
f 2051/2051/1202 2452/2452/1992 483/483/768
f 1095/1095/1911 71/71/106 1159/1159/2051
f 975/975/1675 398/398/633 152/152/245
f 1923/1923/1690 1373/1373/124 799/799/1326
f 652/652/1068 1742/1742/1666 1740/1740/1071
f 1583/1583/491 320/320/506 1267/1267/2374
f 1986/1986/1097 842/842/1405 532/532/845
f 964/964/1652 2327/2327/2441 2119/2119/2452
f 190/190/303 797/797/1323 2461/2461/2448
f 1647/1647/2029 1645/1645/2304 42/42/54
f 1281/1281/2423 1969/1969/1082 661/661/1081
f 451/451/718 2274/2274/1610 699/699/1159
f 191/191/306 1006/1006/1736 1432/1432/241
f 1074/1074/1860 1864/1864/914 2196/2196/1479
f 1659/1659/602 837/837/1398 1953/1953/1042
f 565/565/903 2411/2411/1910 566/566/904
f 433/433/686 1746/1746/709 921/921/1551
f 67/67/98 2590/2590/2300 66/66/99
f 2328/2328/1735 1651/1651/583 369/369/582
f 343/343/545 1930/1930/1012 2573/2573/2485
f 813/813/1349 862/862/1436 815/815/1350
f 1514/1514/365 230/230/364 2526/2526/2373
f 834/834/1392 1143/1143/2012 1152/1152/2031
f 1168/1168/2075 2182/2182/1442 2418/2418/1918
f 165/165/260 166/166/259 934/934/1586
f 2615/2615/2387 323/323/508 1465/1465/293
f 1580/1580/1420 850/850/1419 2542/2542/2183
f 671/671/1103 1193/1193/2139 2231/2231/1914
f 2258/2258/1587 297/297/475 396/396/629
f 2246/2246/1576 83/83/122 1290/1290/2496
f 2630/2630/2482 967/967/1659 2122/2122/1658
f 991/991/1706 357/357/566 1632/1632/568
f 384/384/2497 550/550/876 463/463/735
f 1271/1271/2383 1310/1310/773 2427/2427/1932
f 1726/1726/2263 2554/2554/2208 422/422/674
f 2293/2293/1648 2632/2632/2498 450/450/716
f 1988/1988/2499 2101/2101/2500 559/559/2501
f 3136/3136/2202 2732/2732/2502 1205/1205/2203
f 28/28/41 29/29/40 173/173/271
f 2167/2167/2446 154/154/249 2035/2035/2503
f 212/212/337 119/119/188 125/125/200
f 1806/1806/821 419/419/669 512/512/822
f 2246/2246/1576 1290/1290/2496 338/338/536
f 1174/1174/2089 2196/2196/1479 2197/2197/1480
f 211/211/335 1825/1825/855 1500/1500/336
f 2353/2353/1781 1101/1101/1927 2436/2436/1964
f 2337/2337/1750 237/237/376 845/845/1410
f 806/806/1336 1757/1757/728 1907/1907/990
f 630/630/1017 1151/1151/2030 1417/1417/1018
f 1906/1906/989 1083/1083/1886 428/428/679
f 1838/1838/1357 906/906/1524 464/464/737
f 90/90/136 347/347/547 1622/1622/546
f 707/707/1174 708/708/1173 1144/1144/2014
f 2529/2529/2151 1199/1199/2153 1944/1944/2504
f 934/934/1586 1394/1394/168 108/108/170
f 1481/1481/318 602/602/965 1895/1895/964
f 1565/1565/1063 854/854/1427 1176/1176/2093
f 1896/1896/966 1227/1227/2254 604/604/967
f 830/830/1383 416/416/662 880/880/1475
f 213/213/338 214/214/340 1020/1020/1762
f 1282/1282/2431 883/883/1481 829/829/1382
f 1489/1489/321 139/139/221 140/140/223
f 1205/1205/2203 1729/1729/678 427/427/680
f 1852/1852/2474 1961/1961/1060 61/61/89
f 130/130/207 1974/1974/1335 1413/1413/208
f 1506/1506/354 1560/1560/436 646/646/1058
f 1786/1786/796 1528/1528/1838 500/500/797
f 2445/2445/2078 402/402/641 1687/1687/643
f 1271/1271/2383 896/896/1513 351/351/555
f 843/843/1406 283/283/451 2296/2296/1651
f 1448/1448/270 57/57/80 2362/2362/1794
f 1903/1903/983 613/613/985 1487/1487/2445
f 1804/1804/2112 1041/1041/1803 1553/1553/421
f 822/822/1369 289/289/461 1746/1746/709
f 940/940/1603 1288/1288/2473 942/942/1604
f 1142/1142/2010 2018/2018/2024 2016/2016/1227
f 2274/2274/1610 686/686/1131 81/81/119
f 2161/2161/1391 1743/1743/702 1143/1143/2012
f 2157/2157/1381 831/831/1384 58/58/82
f 1/1/3 1687/1687/643 595/595/957
f 1371/1371/120 686/686/1131 450/450/716
f 31/31/1676 2278/2278/1618 157/157/250
f 1221/1221/2230 1222/1222/2231 2597/2597/2410
f 1986/1986/1097 2169/2169/1403 842/842/1405
f 1031/1031/1785 997/997/1714 996/996/1713
f 789/789/1310 1096/1096/1917 1038/1038/1801
f 1379/1379/138 1111/1111/1957 1219/1219/2224
f 478/478/760 350/350/553 44/44/58
f 210/210/2505 2026/2026/1463 1471/1471/300
f 784/784/1302 965/965/1653 67/67/98
f 264/264/424 2002/2002/1112 2122/2122/1658
f 1165/1165/2067 1463/1463/290 1464/1464/292
f 2563/2563/2233 1831/1831/869 545/545/871
f 1233/1233/2278 1234/1234/2277 2603/2603/2330
f 1424/1424/224 1408/1408/1454 13/13/16
f 2481/2481/2055 2627/2627/2476 1288/1288/2473
f 2296/2296/1651 95/95/145 1127/1127/1981
f 172/172/272 2060/2060/1222 1863/1863/913
f 2607/2607/2356 1228/1228/2260 1219/1219/2224
f 1981/1981/2108 1181/1181/2107 2171/2171/1408
f 672/672/1102 1193/1193/2139 671/671/1103
f 2481/2481/2055 859/859/1432 2560/2560/2218
f 2109/2109/1304 2081/2081/1265 734/734/1224
f 1855/1855/1505 1350/1350/84 60/60/86
f 120/120/190 1116/1116/1968 228/228/358
f 1947/1947/2506 640/640/1040 695/695/1150
f 2618/2618/2399 1274/1274/2400 272/272/434
f 600/600/961 461/461/732 1840/1840/884
f 726/726/1206 2550/2550/2193 1350/1350/84
f 348/348/549 1053/1053/1821 238/238/380
f 2577/2577/2507 1854/1854/902 208/208/331
f 2448/2448/1989 1839/1839/885 22/22/34
f 2332/2332/1742 1007/1007/1741 2239/2239/1557
f 1823/1823/850 2173/2173/1417 922/922/1552
f 1962/1962/1061 570/570/912 632/632/1027
f 636/636/1033 1655/1655/592 1724/1724/1034
f 2059/2059/1217 252/252/402 730/730/1218
f 698/698/1158 481/481/769 1750/1750/719
f 2114/2114/1317 2302/2302/1671 584/584/935
f 2154/2154/1376 490/490/779 2552/2552/2198
f 2529/2529/2151 2320/2320/1891 973/973/1665
f 2617/2617/2395 1290/1290/2496 2479/2479/2046
f 1250/1250/2342 1392/1392/165 1940/1940/2269
f 256/256/410 424/424/675 257/257/411
f 861/861/1435 1210/1210/2189 284/284/453
f 142/142/227 1249/1249/2339 188/188/297
f 405/405/646 1690/1690/645 887/887/1499
f 2297/2297/1655 212/212/337 126/126/202
f 1438/1438/256 392/392/620 2001/2001/1111
f 2854/2854/2508 2299/2299/1663 3122/3122/2509
f 963/963/1647 1245/1245/2336 804/804/1333
f 1274/1274/2400 1619/1619/537 271/271/435
f 1345/1345/76 506/506/811 55/55/77
f 3006/3006/2510 3084/3084/2511 256/256/410
f 541/541/860 1586/1586/499 1425/1425/228
f 1630/1630/565 828/828/1380 827/827/1379
f 2357/2357/2512 956/956/1629 2174/2174/1423
f 1495/1495/329 1260/1260/2462 1537/1537/399
f 1231/1231/2271 1856/1856/1949 1458/1458/287
f 253/253/404 736/736/1232 2621/2621/2421
f 377/377/594 376/376/593 1557/1557/430
f 2618/2618/2399 272/272/434 305/305/483
f 2347/2347/1795 896/896/1513 1271/1271/2383
f 613/613/985 1222/1222/2231 2609/2609/2364
f 954/954/1624 2277/2277/1618 2633/2633/2513
f 1340/1340/66 1659/1659/602 48/48/67
f 444/444/704 575/575/920 2541/2541/2182
f 2454/2454/2341 2190/2190/2120 1187/1187/2119
f 768/768/1274 2084/2084/1276 402/402/641
f 932/932/1579 1164/1164/2063 1188/1188/2122
f 750/750/1252 1310/1310/773 1928/1928/1253
f 2610/2610/2369 403/403/642 2314/2314/1698
f 734/734/1224 994/994/1708 2561/2561/2220
f 1551/1551/1805 603/603/968 1289/1289/2480
f 2216/2216/1526 907/907/1527 859/859/1432
f 655/655/1075 656/656/1074 766/766/1271
f 1484/1484/2348 2098/2098/1298 931/931/1578
f 2250/2250/2121 2411/2411/1910 580/580/930
f 1515/1515/367 486/486/775 2252/2252/1583
f 2337/2337/1750 845/845/1410 1809/1809/1409
f 928/928/1571 1482/1482/319 270/270/431
f 1279/1279/2415 2000/2000/2028 1150/1150/2027
f 454/454/723 455/455/722 1956/1956/1045
f 2472/2472/2019 552/552/880 553/553/882
f 2654/2654/2514 920/920/2325 2941/2941/2515
f 745/745/1248 993/993/1707 782/782/1294
f 512/512/822 2514/2514/2117 2520/2520/2134
f 650/650/1066 624/624/1007 1732/1732/1549
f 1005/1005/1731 1752/1752/726 2325/2325/1727
f 314/314/498 65/65/95 1361/1361/94
f 37/37/47 1614/1614/1616 557/557/888
f 999/999/1719 773/773/1285 2522/2522/2138
f 602/602/965 833/833/1387 601/601/963
f 1799/1799/818 2297/2297/1655 1185/1185/2114
f 1517/1517/2302 1728/1728/2438 1066/1066/1849
f 1849/1849/897 1989/1989/2499 561/561/898
f 2764/2764/2516 1550/1550/2517 2944/2944/2518
f 288/288/460 547/547/874 2432/2432/1958
f 1815/1815/836 528/528/838 659/659/1078
f 818/818/1361 1159/1159/2051 1015/1015/1755
f 999/999/1719 194/194/309 196/196/308
f 240/240/382 697/697/1157 1084/1084/1889
f 899/899/1516 1447/1447/2176 900/900/1517
f 130/130/207 2553/2553/2207 1974/1974/1335
f 1778/1778/781 286/286/458 2432/2432/1958
f 1118/1118/1970 1535/1535/396 2225/2225/1546
f 38/38/50 2506/2506/2105 2606/2606/2353
f 958/958/1633 2598/2598/2312 1372/1372/121
f 491/491/779 2155/2155/1376 2138/2138/1358
f 2593/2593/2306 625/625/1009 2337/2337/1750
f 406/406/647 625/625/1009 2593/2593/2306
f 1578/1578/474 998/998/1716 442/442/700
f 2883/2883/2519 246/246/1841 2681/2681/2520
f 447/447/710 1573/1573/462 1804/1804/2112
f 2545/2545/2187 631/631/1024 2399/2399/1979
f 1904/1904/986 1825/1825/855 211/211/335
f 1651/1651/583 946/946/1612 370/370/584
f 2962/2962/2521 1086/1086/2469 2690/2690/2522
f 1879/1879/2035 1133/1133/1993 1878/1878/1426
f 1543/1543/412 1014/1014/1756 1089/1089/1894
f 1422/1422/219 295/295/473 2512/2512/2443
f 641/641/1043 2224/2224/1544 1954/1954/1044
f 1465/1465/293 323/323/508 2570/2570/2256
f 2530/2530/2152 2526/2526/2373 1255/1255/2350
f 263/263/422 218/218/345 1233/1233/2278
f 114/114/180 2268/2268/2523 1317/1317/181
f 3130/3130/2524 567/567/906 2896/2896/2525
f 2383/2383/1950 903/903/1520 2382/2382/2264
f 701/701/1168 1210/1210/2189 700/700/1167
f 901/901/1517 1794/1794/1734 2456/2456/2526
f 2275/2275/1935 364/364/576 1641/1641/575
f 166/166/259 1394/1394/168 934/934/1586
f 729/729/1213 2540/2540/2404 2539/2539/2228
f 2166/2166/1502 2210/2210/1501 1074/1074/1860
f 566/566/904 2595/2595/2309 1428/1428/232
f 2367/2367/1798 1004/1004/1728 170/170/264
f 184/184/295 874/874/1465 2206/2206/1494
f 2472/2472/2019 553/553/882 1972/1972/1086
f 2706/2706/2527 1652/1652/2034 2842/2842/2528
f 592/592/950 1443/1443/269 1444/1444/268
f 560/560/898 2102/2102/2500 2476/2476/2292
f 2515/2515/2118 1569/1569/455 1267/1267/2374
f 2354/2354/1783 1094/1094/1906 723/723/1203
f 218/218/345 1502/1502/344 1234/1234/2277
f 2890/2890/2529 1501/1501/343 2798/2798/2530
f 494/494/788 1869/1869/925 1137/1137/2004
f 379/379/597 437/437/691 2189/2189/1649
f 1373/1373/124 338/338/536 2617/2617/2395
f 1599/1599/753 1655/1655/592 636/636/1033
f 1845/1845/893 1548/1548/2226 958/958/1633
f 2348/2348/2531 1283/1283/2435 402/402/641
f 715/715/1182 2594/2594/2308 2039/2039/1183
f 2528/2528/2150 635/635/1031 763/763/1269
f 1058/1058/1830 121/121/192 1922/1922/1000
f 3112/3112/2532 2338/2338/2467 2902/2902/2466
f 865/865/1441 2240/2240/1558 259/259/416
f 472/472/751 1566/1566/750 1564/1564/2494
f 1280/1280/2417 1199/1199/2153 1475/1475/2418
f 2183/2183/1967 2043/2043/1189 1116/1116/1968
f 932/932/1579 1194/1194/2142 2248/2248/1580
f 2517/2517/2126 504/504/806 2203/2203/1488
f 2019/2019/1143 1591/1591/503 693/693/1144
f 93/93/140 334/334/530 1383/1383/141
f 514/514/825 2621/2621/2421 2589/2589/2299
f 974/974/1667 2538/2538/2178 2059/2059/1217
f 891/891/1507 2054/2054/1209 1388/1388/157
f 1960/1960/1055 1396/1396/171 109/109/173
f 1173/1173/2088 440/440/697 1240/1240/2315
f 1887/1887/948 1153/1153/2032 2539/2539/2228
f 501/501/800 2594/2594/2308 521/521/830
f 2410/2410/1909 2512/2512/2443 296/296/472
f 2619/2619/2533 247/247/392 824/824/1371
f 1111/1111/1957 684/684/1127 2607/2607/2356
f 386/386/609 387/387/611 1059/1059/1833
f 240/240/382 1085/1085/1890 697/697/1157
f 1799/1799/818 1185/1185/2114 583/583/935
f 3074/3074/2246 434/434/2248 2666/2666/2534
f 290/290/465 210/210/2505 1471/1471/300
f 278/278/445 1743/1743/702 889/889/1503
f 322/322/509 1162/1162/2056 1112/1112/1959
f 2135/2135/1356 1545/1545/413 258/258/415
f 1133/1133/1993 853/853/1425 1878/1878/1426
f 883/883/1481 1158/1158/2049 2566/2566/2239
f 2241/2241/1559 761/761/1560 2556/2556/2209
f 492/492/780 1452/1452/1359 1002/1002/1726
f 1010/1010/1746 2435/2435/1963 2022/2022/1152
f 832/832/1385 1998/1998/1107 2507/2507/2425
f 1273/1273/2394 1967/1967/2227 1183/1183/2110
f 1005/1005/1731 456/456/724 1752/1752/726
f 590/590/946 1884/1884/1597 1482/1482/319
f 272/272/434 1558/1558/433 304/304/484
f 1129/1129/1982 1029/1029/1778 1221/1221/2230
f 653/653/1072 1741/1741/2245 1188/1188/2122
f 1142/1142/2010 811/811/1345 2018/2018/2024
f 1911/1911/993 1912/1912/994 968/968/1767
f 2383/2383/1950 1384/1384/147 82/82/123
f 3056/3056/2535 2255/2255/2074 3096/3096/2536
f 1494/1494/328 677/677/1110 1495/1495/329
f 1456/1456/286 1253/1253/2346 2309/2309/2052
f 280/280/446 1065/1065/1846 279/279/447
f 1803/1803/820 1438/1438/256 163/163/255
f 1275/1275/2406 644/644/1053 1195/1195/2144
f 658/658/1077 1770/1770/757 868/868/1455
f 2475/2475/2026 2393/2393/1870 431/431/685
f 1898/1898/971 2126/2126/1831 382/382/599
f 620/620/1001 1235/1235/2279 155/155/248
f 1994/1994/1101 671/671/1103 2464/2464/2296
f 1110/1110/1955 2478/2478/2036 1109/1109/1956
f 796/796/1322 1175/1175/2091 2553/2553/2207
f 959/959/1635 333/333/529 93/93/140
f 1891/1891/2537 675/675/1106 1554/1554/423
f 540/540/859 1425/1425/228 1298/1298/9
f 785/785/1301 964/964/1652 965/965/1653
f 2479/2479/2046 1290/1290/2496 2598/2598/2312
f 591/591/947 1482/1482/319 928/928/1571
f 1291/1291/2538 94/94/144 1315/1315/143
f 407/407/648 408/408/649 2334/2334/1745
f 1115/1115/1965 1675/1675/1396 9/9/11
f 1100/1100/1925 1007/1007/1741 1102/1102/1926
f 2398/2398/1887 741/741/1239 1132/1132/1987
f 1094/1094/1906 1135/1135/2000 2130/2130/1338
f 717/717/1190 2043/2043/1189 2311/2311/1693
f 1641/1641/575 363/363/577 2110/2110/1311
f 475/475/755 2156/2156/2136 744/744/1246
f 1055/1055/1825 243/243/385 1134/1134/1994
f 1341/1341/68 801/801/1329 1256/1256/2351
f 621/621/1002 1660/1660/606 1625/1625/552
f 2094/2094/1430 834/834/1392 2631/2631/2491
f 576/576/921 756/756/1262 651/651/1069
f 2397/2397/1888 682/682/1123 161/161/613
f 884/884/1482 2199/2199/1484 2233/2233/1553
f 49/49/71 448/448/713 1342/1342/69
f 1668/1668/612 2397/2397/1888 161/161/613
f 877/877/1470 2480/2480/2047 2193/2193/1471
f 664/664/1089 864/864/1440 1992/1992/1644
f 2470/2470/2015 2591/2591/2301 888/888/1500
f 1590/1590/2188 147/147/237 1588/1588/2329
f 1748/1748/712 149/149/236 1576/1576/467
f 255/255/407 1540/1540/406 2600/2600/2317
f 279/279/447 74/74/109 1072/1072/1855
f 1715/1715/666 608/608/977 2531/2531/2157
f 2110/2110/1311 793/793/1312 2517/2517/2126
f 2454/2454/2341 1267/1267/2374 2349/2349/1772
f 2458/2458/2001 1242/1242/2321 2498/2498/2539
f 285/285/457 593/593/953 1892/1892/952
f 2342/2342/1757 1085/1085/1890 240/240/382
f 1075/1075/1861 2012/2012/1130 2271/2271/1601
f 419/419/669 739/739/1236 512/512/822
f 2534/2534/2166 1068/1068/1850 2484/2484/2371
f 317/317/500 1823/1823/850 316/316/501
f 1517/1517/2302 1977/1977/1090 665/665/1092
f 2052/2052/1207 632/632/1027 186/186/296
f 283/283/451 1790/1790/807 642/642/1047
f 1267/1267/2374 1569/1569/455 1583/1583/491
f 2459/2459/2002 2075/2075/1907 670/670/1099
f 206/206/327 296/296/472 294/294/471
f 2382/2382/2264 1127/1127/1981 95/95/145
f 361/361/572 893/893/1510 894/894/1511
f 1636/1636/1315 1046/1046/1812 1635/1635/2414
f 123/123/195 1406/1406/197 69/69/103
f 973/973/1665 1914/1914/996 1027/1027/1776
f 1878/1878/1426 3/3/5 1355/1355/2062
f 1170/1170/2079 690/690/1140 691/691/1142
f 1133/1133/1993 2186/2186/1450 853/853/1425
f 174/174/273 47/47/65 176/176/274
f 1166/1166/2073 911/911/1532 596/596/957
f 908/908/1529 909/909/1531 1261/1261/2365
f 862/862/1436 1184/1184/2111 815/815/1350
f 2511/2511/2113 2089/2089/1281 78/78/114
f 1002/1002/1726 1915/1915/997 287/287/999
f 2528/2528/2150 391/391/619 1325/1325/44
f 455/455/722 1130/1130/1985 1956/1956/1045
f 629/629/1015 2618/2618/2399 305/305/483
f 1224/1224/2249 1196/1196/2145 1225/1225/2250
f 2513/2513/2116 1251/1251/2343 966/966/1654
f 2042/2042/1188 1266/1266/2372 278/278/445
f 34/34/43 156/156/251 2346/2346/1796
f 1217/1217/2212 849/849/1416 1824/1824/852
f 1533/1533/393 1291/1291/2538 1021/1021/1765
f 2616/2616/2393 1184/1184/2111 862/862/1436
f 1712/1712/937 1531/1531/390 247/247/392
f 1371/1371/120 1287/1287/2464 610/610/979
f 2505/2505/2104 1930/1930/1012 598/598/960
f 553/553/882 219/219/346 2333/2333/1744
f 656/656/1074 2393/2393/1870 2475/2475/2026
f 588/588/945 1292/1292/2540 281/281/450
f 1339/1339/64 959/959/1635 1262/1262/2366
f 436/436/689 1735/1735/688 2011/2011/1129
f 2562/2562/2222 408/408/649 1054/1054/1822
f 1589/1589/2329 21/21/32 1363/1363/96
f 1077/1077/1868 753/753/1257 1244/1244/2331
f 1892/1892/952 1893/1893/954 368/368/581
f 1444/1444/268 1060/1060/1836 674/674/1106
f 2083/2083/1272 767/767/1273 105/105/164
f 2349/2349/1772 320/320/506 1025/1025/1773
f 1580/1580/1420 1076/1076/1864 1380/1380/1866
f 2086/2086/1278 388/388/615 2165/2165/1399
f 2375/2375/1815 1258/1258/2361 485/485/771
f 1056/1056/1827 862/862/1436 1521/1521/374
f 300/300/479 301/301/481 2578/2578/2273
f 1252/1252/2344 1272/1272/2392 1078/1078/1869
f 2492/2492/2071 113/113/179 1399/1399/178
f 1567/1567/449 1967/1967/2227 1273/1273/2394
f 285/285/457 1892/1892/952 406/406/647
f 2310/2310/1692 1055/1055/1825 680/680/1115
f 3067/3067/2123 2885/2885/2541 962/962/1645
f 346/346/544 1658/1658/601 383/383/603
f 114/114/180 2280/2280/2419 2268/2268/2523
f 479/479/763 1596/1596/1062 107/107/166
f 1131/1131/1986 2195/2195/1478 882/882/1477
f 1860/1860/908 496/496/792 1859/1859/909
f 579/579/924 1856/1856/1949 1231/1231/2271
f 854/854/1427 2459/2459/2002 1176/1176/2093
f 1195/1195/2144 473/473/752 1630/1630/565
f 562/562/900 2077/2077/2223 1161/1161/2054
f 979/979/1684 1214/1214/2199 2446/2446/1988
f 325/325/514 1602/1602/513 836/836/1395
f 2156/2156/2136 2631/2631/2491 744/744/1246
f 911/911/1532 1641/1641/575 2110/2110/1311
f 2676/2676/2542 2670/2670/2543 115/115/182
f 866/866/1448 1133/1133/1993 2377/2377/1828
f 1567/1567/449 1273/1273/2394 1134/1134/1994
f 1925/1925/1006 1026/1026/1775 1027/1027/1776
f 1925/1925/1006 2526/2526/2373 1026/1026/1775
f 1227/1227/2254 1664/1664/2357 1662/1662/1212
f 2093/2093/2324 970/970/1661 2095/2095/1390
f 719/719/1194 637/637/1036 1942/1942/1037
f 2899/2899/2544 2971/2971/2545 515/515/970
f 1162/1162/2056 2013/2013/1132 543/543/865
f 1999/1999/1506 2000/2000/2028 1279/1279/2415
f 262/262/420 1263/1263/2546 1913/1913/995
f 23/23/34 1324/1324/36 2254/2254/1585
f 2580/2580/2280 458/458/727 1755/1755/729
f 2594/2594/2308 715/715/1182 2067/2067/1238
f 2256/2256/2238 1889/1889/949 231/231/366
f 913/913/2547 2448/2448/1989 22/22/34
f 946/946/1612 1975/1975/2211 947/947/1613
f 2452/2452/1992 533/533/844 1693/1693/654
f 417/417/663 1248/1248/2493 1710/1710/664
f 1575/1575/466 1062/1062/1839 1576/1576/467
f 539/539/857 1398/1398/177 2391/2391/1865
f 829/829/1382 830/830/1383 1191/1191/2129
f 581/581/933 930/930/1577 1881/1881/934
f 2117/2117/1320 528/528/838 2178/2178/1431
f 1410/1410/199 102/102/155 66/66/99
f 1571/1571/456 415/415/658 593/593/953
f 933/933/1581 2248/2248/1580 2572/2572/2489
f 2567/2567/2240 908/908/1529 1261/1261/2365
f 14/14/19 1307/1307/23 2445/2445/2078
f 2616/2616/2393 862/862/1436 1056/1056/1827
f 415/415/658 1904/1904/986 593/593/953
f 863/863/1439 2068/2068/1240 1158/1158/2049
f 1231/1231/2271 1458/1458/287 2405/2405/1899
f 512/512/822 2520/2520/2134 1053/1053/1821
f 403/403/642 2315/2315/1699 2314/2314/1698
f 2576/2576/2272 1973/1973/1087 553/553/882
f 318/318/502 2400/2400/1892 84/84/126
f 680/680/1115 1056/1056/1827 937/937/1596
f 1459/1459/288 2613/2613/2384 182/182/289
f 553/553/882 554/554/881 219/219/346
f 1748/1748/712 2412/2412/2059 569/569/907
f 1589/1589/2329 1480/1480/317 21/21/32
f 316/316/501 1823/1823/850 1284/1284/2442
f 2062/2062/1230 1920/1920/2548 111/111/174
f 68/68/101 1365/1365/100 2023/2023/1153
f 1286/1286/2450 1402/1402/189 1404/1404/191
f 2028/2028/1161 56/56/78 2029/2029/1162
f 2538/2538/2178 252/252/402 2059/2059/1217
f 2581/2581/2281 1221/1221/2230 2597/2597/2410
f 2047/2047/2195 2326/2326/1730 721/721/1196
f 1693/1693/654 2155/2155/1376 412/412/655
f 2362/2362/1794 1229/1229/2261 2096/2096/1289
f 2233/2233/1553 2199/2199/1484 1213/1213/2196
f 2053/2053/1208 727/727/1210 797/797/1323
f 577/577/923 1847/1847/1948 579/579/924
f 2127/2127/1831 918/918/1545 1785/1785/793
f 1763/1763/740 561/561/898 1618/1618/2291
f 1533/1533/393 94/94/144 1291/1291/2538
f 863/863/1439 1158/1158/2049 436/436/689
f 1403/1403/189 459/459/730 460/460/731
f 2422/2422/2081 574/574/918 1098/1098/2201
f 1855/1855/1505 1083/1083/1886 726/726/1206
f 1377/1377/131 104/104/159 87/87/132
f 521/521/830 2067/2067/1238 740/740/1237
f 435/435/690 1282/1282/2431 1190/1190/2128
f 1013/1013/1754 818/818/1361 1015/1015/1755
f 302/302/480 1861/1861/911 2253/2253/1584
f 2866/2866/2549 2112/2112/2428 2774/2774/2550
f 1278/1278/2412 1926/1926/1008 2596/2596/2352
f 2239/2239/1557 1007/1007/1741 1100/1100/1925
f 1080/1080/1878 2362/2362/1794 57/57/80
f 2400/2400/1892 338/338/536 84/84/126
f 2400/2400/1892 128/128/205 338/338/536
f 1145/1145/2020 2586/2586/2293 2535/2535/2490
f 630/630/1017 2614/2614/2385 1151/1151/2030
f 872/872/2433 1299/1299/8 6/6/7
f 623/623/1005 2626/2626/2444 1514/1514/365
f 1375/1375/127 349/349/551 86/86/128
f 2286/2286/1637 1033/1033/1788 855/855/1428
f 1411/1411/203 128/128/205 2400/2400/1892
f 1585/1585/495 1551/1551/1805 1289/1289/2480
f 1074/1074/1860 2196/2196/1479 1174/1174/2089
f 2457/2457/2463 1909/1909/992 1120/1120/1974
f 871/871/2551 4/4/2552 2532/2532/2241
f 2430/2430/1951 1004/1004/1728 2367/2367/1798
f 369/369/582 370/370/584 660/660/1079
f 1132/1132/1987 2007/2007/1121 2397/2397/1888
f 1440/1440/262 1288/1288/2473 940/940/1603
f 445/445/703 279/279/447 1072/1072/1855
f 1564/1564/2494 2622/2622/2430 472/472/751
f 604/604/967 1227/1227/2254 728/728/1211
f 1268/1268/2376 1465/1465/293 2570/2570/2256
f 1213/1213/2196 2199/2199/1484 1165/1165/2067
f 538/538/858 539/539/857 2391/2391/1865
f 143/143/226 1972/1972/1086 1272/1272/2392
f 2722/2722/2553 663/663/1088 3090/3090/2554
f 1105/1105/1936 1717/1717/2370 1719/1719/2255
f 1843/1843/889 978/978/1681 1865/1865/919
f 2357/2357/2512 1891/1891/2537 956/956/1629
f 753/753/1257 1163/1163/2058 1244/1244/2331
f 986/986/1700 972/972/1664 687/687/1133
f 969/969/1660 2561/2561/2220 994/994/1708
f 1200/1200/2555 434/434/2248 2593/2593/2306
f 1224/1224/2249 709/709/1175 1196/1196/2145
f 416/416/662 1074/1074/1860 1174/1174/2089
f 16/16/24 2085/2085/1275 1307/1307/23
f 1699/1699/1896 185/185/294 1208/1208/2180
f 2690/2690/2522 1086/1086/2469 3038/3038/2556
f 1267/1267/2374 320/320/506 2349/2349/1772
f 1951/1951/1402 2089/2089/1281 771/771/1280
f 1389/1389/161 822/822/1369 433/433/686
f 2596/2596/2352 531/531/840 2142/2142/2173
f 2368/2368/1799 578/578/2411 1869/1869/925
f 2451/2451/1991 1209/1209/2185 1953/1953/1042
f 1429/1429/234 2041/2041/1186 696/696/1151
f 2553/2553/2207 2500/2500/2092 805/805/1336
f 2074/2074/1881 2075/2075/1907 854/854/1427
f 551/551/879 496/496/792 1783/1783/791
f 2608/2608/2557 247/247/392 2619/2619/2533
f 2064/2064/1231 139/139/221 485/485/771
f 2411/2411/1910 2571/2571/2257 566/566/904
f 556/556/887 2360/2360/1791 2240/2240/1558
f 910/910/1533 2110/2110/1311 2517/2517/2126
f 2630/2630/2482 1676/1676/622 967/967/1659
f 2421/2421/1922 2183/2183/1967 1008/1008/1743
f 2132/2132/1347 466/466/743 1512/1512/361
f 1108/1108/1947 1164/1164/2063 932/932/1579
f 171/171/267 1060/1060/1836 1444/1444/268
f 61/61/89 703/703/1170 2245/2245/1573
f 1925/1925/1006 1027/1027/1776 2351/2351/1779
f 1853/1853/1594 743/743/1242 514/514/825
f 2555/2555/2209 1281/1281/2423 1259/1259/2363
f 2210/2210/1501 2205/2205/1493 572/572/915
f 613/613/985 2609/2609/2364 1036/1036/1792
f 341/341/542 342/342/541 2198/2198/1694
f 458/458/727 89/89/134 939/939/1602
f 1855/1855/1505 726/726/1206 1350/1350/84
f 1456/1456/286 732/732/1221 1445/1445/2345
f 2221/2221/1541 1159/1159/2051 917/917/1542
f 1158/1158/2049 360/360/570 361/361/572
f 43/43/56 1088/1088/1893 1431/1431/240
f 1208/1208/2180 185/185/294 15/15/21
f 1949/1949/1877 89/89/134 1948/1948/1149
f 1614/1614/1616 1616/1616/2405 1212/1212/2191
f 2071/2071/1344 68/68/101 116/116/183
f 251/251/400 2341/2341/2011 1538/1538/401
f 1157/1157/2048 1965/1965/2275 1001/1001/1720
f 2542/2542/2183 1076/1076/1864 1580/1580/1420
f 1068/1068/1850 2534/2534/2166 1067/1067/1851
f 2083/2083/1272 2432/2432/1958 548/548/873
f 919/919/2170 2162/2162/2172 2163/2163/2326
f 1700/1700/1234 306/306/485 1698/1698/1896
f 205/205/323 1417/1417/1018 2568/2568/2244
f 1712/1712/937 247/247/392 2608/2608/2557
f 1761/1761/736 1838/1838/1357 464/464/737
f 1169/1169/2076 620/620/1001 155/155/248
f 588/588/945 589/589/944 1292/1292/2540
f 2528/2528/2150 763/763/1269 765/765/1270
f 263/263/422 1276/1276/2409 1277/1277/2408
f 1798/1798/815 1275/1275/2406 2629/2629/2465
f 95/95/145 643/643/1049 96/96/146
f 2629/2629/2465 705/705/1172 2331/2331/2459
f 424/424/675 421/421/674 257/257/411
f 895/895/1512 2464/2464/2296 689/689/1136
f 1700/1700/1234 307/307/486 306/306/485
f 1487/1487/2445 613/613/985 2360/2360/1791
f 1279/1279/2415 222/222/351 1999/1999/1506
f 286/286/458 288/288/460 2432/2432/1958
f 1472/1472/302 797/797/1323 190/190/303
f 366/366/2388 1644/1644/580 174/174/273
f 537/537/856 1398/1398/177 539/539/857
f 2017/2017/1228 811/811/1345 2066/2066/2251
f 1346/1346/79 56/56/78 2420/2420/1919
f 67/67/98 1366/1366/102 2069/2069/1343
f 995/995/1711 1515/1515/367 1889/1889/949
f 995/995/1711 1776/1776/774 1515/1515/367
f 1209/1209/2185 908/908/1529 2592/2592/2305
f 2537/2537/2177 400/400/637 117/117/184
f 760/760/1268 487/487/776 2557/2557/2210
f 2620/2620/2416 2375/2375/1815 484/484/770
f 77/77/112 2201/2201/1487 735/735/1226
f 1264/1264/2367 2249/2249/1582 681/681/1119
f 1626/1626/554 1414/1414/211 976/976/1678
f 172/172/272 173/173/271 2060/2060/1222
f 867/867/1449 1179/1179/2099 606/606/974
f 401/401/638 2009/2009/1124 1686/1686/639
f 1646/1646/1984 1216/1216/2200 1171/1171/2084
f 915/915/1539 2448/2448/1989 913/913/2547
f 2320/2320/1891 1085/1085/1890 973/973/1665
f 3140/3140/2558 216/216/341 2922/2922/2559
f 1253/1253/2346 1446/1446/2434 1772/1772/762
f 408/408/649 1345/1345/76 1054/1054/1822
f 1292/1292/2540 1789/1789/805 281/281/450
f 1111/1111/1957 685/685/1128 684/684/1127
f 668/668/1096 2169/2169/1403 1986/1986/1097
f 977/977/1679 2549/2549/2194 644/644/1053
f 695/695/1150 1378/1378/133 1572/1572/459
f 436/436/689 1282/1282/2431 435/435/690
f 1483/1483/2347 1254/1254/2349 1243/1243/2327
f 749/749/1251 2236/2236/1931 1020/1020/1762
f 261/261/419 986/986/1700 687/687/1133
f 2573/2573/2485 2505/2505/2104 311/311/489
f 1043/1043/1806 82/82/123 2247/2247/1575
f 1628/1628/560 2491/2491/2070 1030/1030/1780
f 2755/2755/2560 1530/1530/1740 2829/2829/2561
f 284/284/453 1569/1569/455 2515/2515/2118
f 255/255/407 394/394/627 1172/1172/2087
f 377/377/594 2010/2010/1126 217/217/342
f 377/377/594 1557/1557/430 2010/2010/1126
f 1915/1915/997 300/300/479 1232/1232/2274
f 1375/1375/127 85/85/129 507/507/812
f 1242/1242/2321 597/597/959 1650/1650/958
f 1194/1194/2142 2380/2380/1842 1064/1064/1844
f 382/382/599 1784/1784/1832 2605/2605/2338
f 1061/1061/1837 2585/2585/2289 1433/1433/242
f 2408/2408/2050 203/203/322 1243/1243/2327
f 2990/2990/1138 17/17/26 3088/3088/2562
f 1177/1177/2098 1335/1335/62 45/45/61
f 2581/2581/2281 2436/2436/1964 1128/1128/1983
f 1071/1071/1853 524/524/832 510/510/816
f 1719/1719/2255 1720/1720/1355 817/817/1354
f 595/595/957 2610/2610/2369 1265/1265/2368
f 391/391/619 2528/2528/2150 765/765/1270
f 1227/1227/2254 2143/2143/2132 1664/1664/2357
f 1435/1435/246 1682/1682/632 180/180/281
f 1499/1499/334 594/594/956 1893/1893/954
f 892/892/1509 2211/2211/1508 742/742/1241
f 674/674/1106 1060/1060/1836 1998/1998/1107
f 1326/1326/46 1126/1126/1980 37/37/47
f 178/178/278 1287/1287/2464 2227/2227/1547
f 797/797/1323 727/727/1210 2488/2488/2065
f 2227/2227/1547 450/450/716 2632/2632/2498
f 1254/1254/2349 930/930/1577 2408/2408/2050
f 1258/1258/2361 2579/2579/2360 1177/1177/2098
f 1884/1884/1597 937/937/1596 235/235/373
f 372/372/586 2027/2027/1160 1344/1344/74
f 42/42/54 1645/1645/2304 1331/1331/55
f 712/712/1179 2037/2037/1181 334/334/530
f 2801/2801/2563 2498/2498/2539 3057/3057/2564
f 1505/1505/352 1079/1079/1876 223/223/353
f 2215/2215/1525 378/378/596 1452/1452/1359
f 1370/1370/118 1199/1199/2153 81/81/119
f 2625/2625/2444 2543/2543/2184 640/640/1040
f 79/79/113 2017/2017/1228 2065/2065/2102
f 1841/1841/1437 813/813/1349 2187/2187/1456
f 1930/1930/1012 461/461/732 600/600/961
f 794/794/1313 2050/2050/1201 1775/1775/767
f 2275/2275/1935 2232/2232/1550 364/364/576
f 2034/2034/1171 390/390/617 2316/2316/1701
f 2283/2283/1630 1216/1216/2200 1647/1647/2029
f 443/443/701 1039/1039/1801 2365/2365/1797
f 897/897/1514 898/898/1515 2589/2589/2299
f 654/654/1073 112/112/174 39/39/53
f 716/716/1187 684/684/1127 2042/2042/1188
f 598/598/960 599/599/962 954/954/1624
f 106/106/163 2552/2552/2198 105/105/164
f 576/576/921 651/651/1069 1964/1964/1070
f 987/987/1702 777/777/1287 1927/1927/1010
f 2217/2217/1530 1739/1739/699 1207/1207/2179
f 2112/2112/2428 1436/1436/614 840/840/1401
f 1479/1479/316 468/468/744 200/200/314
f 1564/1564/2494 223/223/353 1123/1123/1975
f 668/668/1096 2401/2401/1895 935/935/1590
f 187/187/298 1406/1406/197 124/124/196
f 1359/1359/92 99/99/151 64/64/90
f 654/654/1073 39/39/53 656/656/1074
f 268/268/429 1052/1052/1820 1050/1050/1819
f 1393/1393/167 1106/1106/1941 1940/1940/2269
f 2552/2552/2198 2083/2083/1272 105/105/164
f 2496/2496/2215 1805/1805/2440 1277/1277/2408
f 2051/2051/1202 1130/1130/1985 533/533/844
f 154/154/249 2136/2136/1673 2035/2035/2503
f 11/11/15 12/12/14 1680/1680/630
f 71/71/106 72/72/108 917/917/1542
f 1566/1566/750 2074/2074/1881 648/648/1064
f 1107/1107/1946 933/933/1581 2572/2572/2489
f 1163/1163/2058 1860/1860/908 2412/2412/2059
f 1935/1935/1023 582/582/933 1880/1880/932
f 721/721/1196 1304/1304/18 1302/1302/17
f 1421/1421/220 1422/1422/219 955/955/1628
f 2387/2387/1854 2551/2551/2437 436/436/689
f 2181/2181/1438 863/863/1439 2551/2551/2437
f 1539/1539/403 1000/1000/1721 736/736/1232
f 2257/2257/1710 995/995/1711 1889/1889/949
f 254/254/405 255/255/407 1269/1269/2381
f 1161/1161/2054 2481/2481/2055 1288/1288/2473
f 1504/1504/350 1145/1145/2020 2535/2535/2490
f 1431/1431/240 826/826/1375 1693/1693/654
f 1671/1671/1718 1965/1965/2275 1157/1157/2048
f 2453/2453/2282 1236/1236/2283 2565/2565/2235
f 116/116/183 2537/2537/2177 117/117/184
f 1862/1862/910 1519/1519/370 233/233/369
f 1621/1621/543 2606/2606/2353 346/346/544
f 2461/2461/2448 2488/2488/2065 1021/1021/1765
f 1190/1190/2128 2518/2518/2130 76/76/110
f 272/272/434 1274/1274/2400 271/271/435
f 1239/1239/2307 1093/1093/1903 2497/2497/2085
f 1610/1610/524 298/298/476 2376/2376/1824
f 655/655/1075 2224/2224/1544 654/654/1073
f 730/730/1218 252/252/402 1808/1808/824
f 376/376/593 928/928/1571 270/270/431
f 1049/1049/1818 706/706/1172 707/707/1174
f 2376/2376/1824 938/938/1598 1204/1204/2162
f 1067/1067/1851 440/440/697 1173/1173/2088
f 2114/2114/1317 795/795/1318 2302/2302/1671
f 1308/1308/25 603/603/968 2370/2370/1804
f 710/710/1177 1906/1906/989 1729/1729/678
f 2840/2840/2565 274/274/439 2956/2956/2566
f 2021/2021/1147 1960/1960/1055 645/645/1054
f 2179/2179/2181 712/712/1179 334/334/530
f 2314/2314/1698 1059/1059/1833 1720/1720/1355
f 744/744/1246 745/745/1248 1531/1531/390
f 2145/2145/1368 636/636/1033 1941/1941/1035
f 1897/1897/969 493/493/786 1954/1954/1044
f 1453/1453/1725 300/300/479 1915/1915/997
f 1600/1600/2458 1106/1106/1941 374/374/590
f 2298/2298/1656 121/121/192 1405/1405/194
f 124/124/196 2052/2052/1207 187/187/298
f 1043/1043/1806 2247/2247/1575 1082/1082/1883
f 2328/2328/1735 1969/1969/1082 1281/1281/2423
f 2394/2394/1871 2449/2449/1990 649/649/1065
f 646/646/1058 1560/1560/436 647/647/1059
f 260/260/417 1269/1269/2381 2413/2413/1933
f 2587/2587/2294 1046/1046/1812 1226/1226/2252
f 1665/1665/607 2535/2535/2490 248/248/394
f 2127/2127/1831 2611/2611/2567 918/918/1545
f 1474/1474/305 1475/1475/2418 1255/1255/2350
f 1124/1124/1978 2580/2580/2280 1755/1755/729
f 708/708/1173 1349/1349/83 2242/2242/1561
f 2157/2157/1381 828/828/1380 831/831/1384
f 2338/2338/2467 707/707/1174 1781/1781/787
f 832/832/1385 1483/1483/2347 1490/1490/324
f 2613/2613/2384 371/371/585 182/182/289
f 1200/1200/2555 2593/2593/2306 2402/2402/2568
f 667/667/1094 2111/2111/1314 878/878/1473
f 2553/2553/2207 805/805/1336 1974/1974/1335
f 1491/1491/324 418/418/667 1640/1640/573
f 1274/1274/2400 340/340/538 1619/1619/537
f 1141/1141/2008 666/666/1092 1935/1935/1023
f 194/194/309 999/999/1719 2522/2522/2138
f 1862/1862/910 302/302/480 1451/1451/1712
f 2468/2468/2013 1574/1574/2175 999/999/1719
f 817/817/1354 258/258/415 1875/1875/929
f 1584/1584/492 701/701/1168 1179/1179/2099
f 467/467/742 2311/2311/1693 466/466/743
f 257/257/411 2384/2384/1847 1544/1544/412
f 883/883/1481 1282/1282/2431 436/436/689
f 1532/1532/391 782/782/1294 137/137/216
f 1433/1433/242 1432/1432/241 1006/1006/1736
f 856/856/1428 2624/2624/2447 2288/2288/1638
f 1104/1104/1936 2275/2275/1935 1270/1270/2382
f 1630/1630/565 1631/1631/564 828/828/1380
f 476/476/759 2240/2240/1558 865/865/1441
f 1021/1021/1765 1291/1291/2538 2410/2410/1909
f 1245/1245/2336 2061/2061/1225 804/804/1333
f 784/784/1302 785/785/1301 965/965/1653
f 245/245/388 406/406/647 434/434/2248
f 1724/1724/1034 1201/1201/2159 2371/2371/2197
f 103/103/156 1606/1606/519 1388/1388/157
f 110/110/172 1035/1035/1789 2601/2601/2322
f 616/616/987 519/519/828 615/615/988
f 175/175/275 2013/2013/1132 1465/1465/293
f 1029/1029/1778 1722/1722/671 420/420/673
f 1524/1524/379 2431/2431/1952 138/138/218
f 1167/1167/2073 1265/1265/2368 2493/2493/2072
f 718/718/1192 1091/1091/1898 952/952/1619
f 99/99/151 2352/2352/1782 101/101/152
f 1485/1485/2569 1139/1139/2007 1484/1484/2348
f 171/171/267 2378/2378/1834 1060/1060/1836
f 1947/1947/2506 695/695/1150 1572/1572/459
f 1654/1654/589 848/848/1414 1062/1062/1839
f 2716/2716/2570 2602/2602/2323 2804/2804/2571
f 1262/1262/2366 959/959/1635 1202/1202/2160
f 1773/1773/765 1472/1472/302 608/608/977
f 2112/2112/2428 1725/1725/2263 424/424/675
f 1069/1069/1852 2216/2216/1526 1161/1161/2054
f 1891/1891/2537 2323/2323/1722 956/956/1629
f 2506/2506/2105 1257/1257/2354 2606/2606/2353
f 208/208/331 2403/2403/1897 2577/2577/2507
f 1558/1558/433 754/754/1258 2550/2550/2193
f 1148/1148/2023 1142/1142/2010 2369/2369/1802
f 2561/2561/2220 969/969/1660 2124/2124/1334
f 173/173/271 552/552/880 2472/2472/2019
f 2403/2403/1897 208/208/331 2301/2301/1670
f 580/580/930 565/565/903 1876/1876/931
f 3122/3122/2509 2299/2299/1663 2650/2650/2572
f 48/48/67 1209/1209/2185 2592/2592/2305
f 2562/2562/2222 2334/2334/1745 408/408/649
f 2557/2557/2210 2328/2328/1735 1281/1281/2423
f 1585/1585/495 1289/1289/2480 729/729/1213
f 235/235/373 236/236/375 1237/1237/2284
f 311/311/489 2505/2505/2104 309/309/490
f 1545/1545/413 924/924/1555 1546/1546/414
f 336/336/531 371/371/585 2212/2212/1519
f 1839/1839/885 357/357/566 989/989/1705
f 2037/2037/1181 1383/1383/141 334/334/530
f 2023/2023/1153 410/410/653 2537/2537/2177
f 1625/1625/552 352/352/557 2185/2185/1447
f 869/869/1457 113/113/179 2492/2492/2071
f 2587/2587/2294 1635/1635/2414 1046/1046/1812
f 82/82/123 83/83/122 2247/2247/1575
f 909/909/1531 2565/2565/2235 1192/1192/2137
f 2239/2239/1557 1100/1100/1925 2491/2491/2070
f 1032/1032/1787 303/303/482 1906/1906/989
f 1915/1915/997 1232/1232/2274 1916/1916/998
f 1191/1191/2129 830/830/1383 879/879/1474
f 1054/1054/1822 1345/1345/76 54/54/75
f 2628/2628/2457 1169/1169/2076 2495/2495/2077
f 390/390/617 987/987/1702 2316/2316/1701
f 2006/2006/1120 1036/1036/1792 1540/1540/406
f 486/486/775 2414/2414/1934 2252/2252/1583
f 853/853/1425 177/177/277 3/3/5
f 1378/1378/133 88/88/135 547/547/874
f 683/683/1123 1933/1933/1022 631/631/1024
f 744/744/1246 2631/2631/2491 746/746/1247
f 2171/2171/1408 1861/1861/911 232/232/368
f 125/125/200 1160/1160/2053 127/127/201
f 2175/2175/2169 667/667/1094 2508/2508/2106
f 1153/1153/2032 928/928/1571 669/669/1098
f 1107/1107/1946 2541/2541/2182 1108/1108/1947
f 2449/2449/1990 2541/2541/2182 1107/1107/1946
f 755/755/1260 887/887/1499 2614/2614/2385
f 1384/1384/147 2455/2455/1999 82/82/123
f 1278/1278/2412 2596/2596/2352 1308/1308/25
f 1548/1548/2226 1220/1220/2225 958/958/1633
f 1295/1295/2 589/589/944 1303/1303/943
f 1202/1202/2160 959/959/1635 2543/2543/2184
f 1064/1064/1844 1149/1149/2025 2389/2389/1856
f 1971/1971/1085 2219/2219/1538 895/895/1512
f 2216/2216/1526 859/859/1432 2481/2481/2055
f 865/865/1441 1045/1045/1811 2182/2182/1442
f 2589/2589/2299 1853/1853/1594 514/514/825
f 751/751/1255 588/588/945 281/281/450
f 2630/2630/2482 2122/2122/1658 392/392/620
f 2314/2314/1698 386/386/609 1059/1059/1833
f 1177/1177/2098 485/485/771 1258/1258/2361
f 2504/2504/2101 78/78/114 1951/1951/1402
f 1706/1706/764 480/480/766 943/943/1607
f 2478/2478/2036 2321/2321/1715 432/432/687
f 877/877/1470 202/202/320 140/140/223
f 409/409/651 2350/2350/1774 1692/1692/652
f 710/710/1177 2359/2359/1786 1032/1032/1787
f 499/499/798 292/292/468 1587/1587/1639
f 1899/1899/972 953/953/1622 605/605/973
f 1092/1092/1902 724/724/1205 1609/1609/523
f 1077/1077/1868 1244/1244/2331 1502/1502/344
f 1969/1969/1082 369/369/582 660/660/1079
f 100/100/153 1488/1488/1389 2429/2429/2232
f 737/737/1233 1700/1700/1234 1696/1696/1916
f 1621/1621/543 38/38/50 2606/2606/2353
f 1016/1016/2253 413/413/657 275/275/440
f 1417/1417/1018 204/204/322 1416/1416/2573
f 443/443/701 2312/2312/1695 220/220/348
f 2006/2006/1120 254/254/405 2612/2612/2380
f 543/543/865 2013/2013/1132 687/687/1133
f 1506/1506/354 646/646/1058 897/897/1514
f 308/308/488 1710/1710/664 312/312/489
f 1522/1522/378 2454/2454/2341 1010/1010/1746
f 1913/1913/995 1263/1263/2546 1203/1203/2160
f 429/429/682 207/207/330 495/495/789
f 1165/1165/2067 1464/1464/292 838/838/1397
f 1710/1710/664 1248/1248/2493 2574/2574/2485
f 1842/1842/1021 2073/2073/1245 407/407/648
f 1261/1261/2365 222/222/351 1279/1279/2415
f 444/444/704 2541/2541/2182 2449/2449/1990
f 91/91/137 747/747/1250 1111/1111/1957
f 2290/2290/1641 2289/2289/1640 390/390/617
f 80/80/117 970/970/1661 2093/2093/2324
f 861/861/1435 2120/2120/1324 1210/1210/2189
f 2010/2010/1126 1155/1155/2041 568/568/905
f 493/493/786 1137/1137/2004 641/641/1043
f 1571/1571/456 593/593/953 285/285/457
f 2509/2509/2288 1877/1877/2340 1135/1135/2000
f 181/181/284 1456/1456/286 2308/2308/1915
f 1055/1055/1825 2310/2310/1692 1664/1664/2357
f 751/751/1255 752/752/1254 588/588/945
f 614/614/984 2597/2597/2410 1222/1222/2231
f 1837/1837/2206 790/790/1310 1037/1037/1800
f 585/585/940 929/929/1572 2244/2244/1574
f 2213/2213/1519 1127/1127/1981 2382/2382/2264
f 337/337/534 1090/1090/1894 2401/2401/1895
f 953/953/1622 1352/1352/87 605/605/973
f 209/209/2574 1498/1498/2575 2025/2025/1463
f 991/991/1706 1632/1632/568 769/769/1277
f 1283/1283/2435 2315/2315/1699 403/403/642
f 2633/2633/2513 598/598/960 954/954/1624
f 579/579/924 1231/1231/2271 2044/2044/1191
f 750/750/1252 2427/2427/1932 1310/1310/773
f 1102/1102/1926 1129/1129/1982 1101/1101/1927
f 548/548/873 1832/1832/872 2580/2580/2280
f 1766/1766/2386 897/897/1514 851/851/1422
f 818/818/1361 2141/2141/1360 1159/1159/2051
f 1537/1537/399 1538/1538/401 1264/1264/2367
f 732/732/1221 1820/1820/1220 1445/1445/2345
f 751/751/1255 281/281/450 542/542/864
f 1901/1901/982 612/612/981 673/673/1105
f 1414/1414/211 1626/1626/554 478/478/760
f 1553/1553/421 69/69/103 70/70/105
f 2335/2335/1747 1522/1522/378 1010/1010/1746
f 734/734/1224 2081/2081/1265 759/759/1266
f 7/7/12 1327/1327/48 267/267/429
f 94/94/144 2329/2329/1737 1314/1314/142
f 2123/2123/1330 1150/1150/2027 800/800/1328
f 1768/1768/749 662/662/1083 1566/1566/750
f 263/263/422 1233/1233/2278 1276/1276/2409
f 2198/2198/1694 926/926/1566 1637/1637/853
f 484/484/770 1238/1238/2295 2620/2620/2416
f 969/969/1660 2527/2527/2149 2039/2039/1183
f 538/538/858 2391/2391/1865 1076/1076/1864
f 556/556/887 1487/1487/2445 2360/2360/1791
f 445/445/703 576/576/921 575/575/920
f 799/799/1326 2617/2617/2395 1156/1156/2045
f 229/229/360 1511/1511/362 1097/1097/1921
f 1213/1213/2196 1257/1257/2354 2506/2506/2105
f 1247/1247/2337 1621/1621/543 344/344/545
f 533/533/844 2452/2452/1992 2051/2051/1202
f 504/504/806 2105/2105/2219 1905/1905/1771
f 1088/1088/1893 1449/1449/276 2215/2215/1525
f 400/400/637 470/470/746 117/117/184
f 2240/2240/1558 2360/2360/1791 259/259/416
f 2106/2106/1300 784/784/1302 1364/1364/97
f 51/51/70 569/569/907 2207/2207/1495
f 1342/1342/69 569/569/907 51/51/70
f 1144/1144/2014 494/494/788 1781/1781/787
f 1085/1085/1890 972/972/1664 973/973/1665
f 2211/2211/1508 951/951/1615 1047/1047/1814
f 814/814/1351 981/981/1686 2474/2474/2021
f 2928/2928/1178 710/710/1177 2678/2678/2576
f 881/881/1476 1518/1518/2439 2525/2525/2148
f 1315/1315/143 955/955/1628 2512/2512/2443
f 2629/2629/2465 1275/1275/2406 2191/2191/1468
f 1920/1920/2548 1397/1397/175 111/111/174
f 1354/1354/1593 2599/2599/2313 808/808/1339
f 89/89/134 1075/1075/1861 939/939/1602
f 647/647/1059 1561/1561/438 2139/2139/2472
f 1272/1272/2392 1782/1782/790 2076/2076/1256
f 1010/1010/1746 2349/2349/1772 2435/2435/1963
f 2084/2084/1276 2348/2348/2531 402/402/641
f 1639/1639/2103 832/832/1385 1490/1490/324
f 214/214/340 750/750/1252 749/749/1251
f 1220/1220/2225 1932/1932/1019 2598/2598/2312
f 2692/2692/2577 2684/2684/2578 90/90/136
f 2274/2274/1610 81/81/119 1280/1280/2417
f 2631/2631/2491 1152/1152/2031 746/746/1247
f 1207/1207/2179 2453/2453/2282 2565/2565/2235
f 983/983/1687 1861/1861/911 844/844/1407
f 1760/1760/734 357/357/566 1839/1839/885
f 543/543/865 2342/2342/1757 240/240/382
f 1858/1858/1904 601/601/963 2159/2159/1386
f 508/508/814 644/644/1053 1275/1275/2406
f 2487/2487/2064 843/843/1406 2477/2477/2033
f 1367/1367/104 2490/2490/2068 1077/1077/1868
f 1579/1579/477 877/877/1470 2192/2192/1469
f 2197/2197/1480 571/571/916 912/912/1535
f 2558/2558/2216 2194/2194/1472 699/699/1159
f 1144/1144/2014 2242/2242/1561 2368/2368/1799
f 828/828/1380 1786/1786/796 499/499/798
f 345/345/1763 2345/2345/1764 343/343/545
f 1023/1023/1768 810/810/1342 809/809/1341
f 2541/2541/2182 890/890/1504 1108/1108/1947
f 20/20/29 18/18/28 2082/2082/1732
f 26/26/37 2546/2546/2335 2604/2604/2334
f 2920/2920/2579 358/358/1306 3052/3052/1305
f 2487/2487/2064 2477/2477/2033 602/602/965
f 254/254/405 1269/1269/2381 2612/2612/2380
f 1030/1030/1780 2491/2491/2070 2353/2353/1781
f 2526/2526/2373 2530/2530/2152 1026/1026/1775
f 842/842/1405 1430/1430/238 532/532/845
f 571/571/916 2564/2564/2234 2300/2300/1669
f 116/116/183 1400/1400/185 314/314/498
f 1198/1198/2147 1829/1829/866 997/997/1714
f 1627/1627/559 1287/1287/2464 178/178/278
f 1015/1015/1755 2221/2221/1541 1014/1014/1756
f 51/51/70 2207/2207/1495 1466/1466/1496
f 796/796/1322 1391/1391/162 1175/1175/2091
f 309/309/490 2633/2633/2513 764/764/2580
f 1776/1776/774 486/486/775 1515/1515/367
f 390/390/617 2139/2139/2472 2290/2290/1641
f 1236/1236/2283 1439/1439/258 165/165/260
f 2498/2498/2539 1242/1242/2321 1648/1648/2171
f 1351/1351/85 508/508/814 1797/1797/813
f 1963/1963/1067 2258/2258/1587 652/652/1068
f 87/87/132 104/104/159 2321/2321/1715
f 485/485/771 2396/2396/1885 2064/2064/1231
f 975/975/1675 1792/1792/810 398/398/633
f 598/598/960 2633/2633/2513 309/309/490
f 1653/1653/587 961/961/1642 373/373/588
f 1416/1416/2573 204/204/322 1979/1979/1091
f 1706/1706/764 943/943/1607 1387/1387/158
f 324/324/512 1657/1657/595 377/377/594
f 2464/2464/2296 671/671/1103 689/689/1136
f 967/967/1659 1676/1676/622 1239/1239/2307
f 1410/1410/199 66/66/99 2469/2469/2259
f 441/441/698 153/153/247 1739/1739/699
f 2291/2291/1643 1276/1276/2409 2172/2172/1415
f 2473/2473/2061 1486/1486/886 477/477/758
f 976/976/1678 2111/2111/1314 2344/2344/1758
f 1506/1506/354 1176/1176/2093 1560/1560/436
f 244/244/387 414/414/659 1571/1571/456
f 2120/2120/1324 700/700/1167 1210/1210/2189
f 798/798/1325 1112/1112/1959 1525/1525/381
f 503/503/804 2250/2250/2121 1113/1113/1961
f 983/983/1687 2584/2584/2290 1061/1061/1837
f 1083/1083/1886 303/303/482 304/304/484
f 2520/2520/2134 2521/2521/2133 1053/1053/1821
f 64/64/90 100/100/153 1477/1477/1489
f 820/820/1366 821/821/1365 2513/2513/2116
f 107/107/166 1744/1744/705 1771/1771/761
f 1243/1243/2327 1254/1254/2349 2408/2408/2050
f 1292/1292/2540 2203/2203/1488 1789/1789/805
f 358/358/1306 1409/1409/198 115/115/182
f 677/677/1110 2241/2241/1559 1495/1495/329
f 2393/2393/1870 1042/1042/1807 431/431/685
f 2485/2485/2190 1423/1423/222 401/401/638
f 1213/1213/2196 838/838/1397 1257/1257/2354
f 232/232/368 438/438/693 2588/2588/2297
f 1378/1378/133 1948/1948/1149 89/89/134
f 1167/1167/2073 595/595/957 1265/1265/2368
f 811/811/1345 812/812/1346 2066/2066/2251
f 415/415/658 1571/1571/456 414/414/659
f 827/827/1379 2157/2157/1381 1347/1347/81
f 1158/1158/2049 361/361/572 2566/2566/2239
f 2880/2880/2581 809/809/1341 3150/3150/2582
f 764/764/2580 2633/2633/2513 30/30/2583
f 1610/1610/524 2376/2376/1824 86/86/128
f 1419/1419/215 823/823/1372 824/824/1371
f 976/976/1678 1414/1414/211 2111/2111/1314
f 896/896/1513 689/689/1136 353/353/556
f 164/164/257 1638/1638/574 1715/1715/666
f 1884/1884/1597 235/235/373 1377/1377/131
f 1749/1749/714 1624/1624/550 846/846/1412
f 1238/1238/2295 202/202/320 1579/1579/477
f 1037/1037/1800 1838/1838/1357 1837/1837/2206
f 1037/1037/1800 1503/1503/347 1838/1838/1357
f 370/370/584 1815/1815/836 660/660/1079
f 2510/2510/2584 449/449/715 1749/1749/714
f 2436/2436/1964 1101/1101/1927 1128/1128/1983
f 982/982/1688 1061/1061/1837 1006/1006/1736
f 457/457/725 1801/1801/1810 1752/1752/726
f 2179/2179/2181 334/334/530 333/333/529
f 825/825/1374 2504/2504/2101 1952/1952/2044
f 332/332/528 795/795/1318 2030/2030/1163
f 1289/1289/2480 604/604/967 729/729/1213
f 942/942/1604 118/118/186 1251/1251/2343
f 243/243/385 1664/1664/2357 2143/2143/2132
f 1336/1336/784 20/20/29 2082/2082/1732
f 435/435/690 1190/1190/2128 870/870/1459
f 2448/2448/1989 599/599/962 555/555/883
f 1139/1139/2007 1485/1485/2569 2097/2097/1291
f 2633/2633/2513 2277/2277/1618 30/30/2583
f 826/826/1375 1088/1088/1893 2138/2138/1358
f 2686/2686/2585 3064/3064/2586 971/971/1662
f 506/506/811 124/124/196 123/123/195
f 1254/1254/2349 1484/1484/2348 931/931/1578
f 1531/1531/390 745/745/1248 1532/1532/391
f 1190/1190/2128 76/76/110 1065/1065/1846
f 327/327/520 1607/1607/522 2312/2312/1695
f 2369/2369/1802 1142/1142/2010 2016/2016/1227
f 2281/2281/1625 191/191/306 230/230/364
f 2082/2082/1732 541/541/860 1850/1850/899
f 905/905/1522 1122/1122/2587 1910/1910/2481
f 876/876/1466 1050/1050/1819 213/213/338
f 1562/1562/441 275/275/440 2450/2450/2479
f 228/228/358 1116/1116/1968 2043/2043/1189
f 609/609/978 697/697/1157 1943/1943/1057
f 595/595/957 1687/1687/643 2610/2610/2369
f 2245/2245/1573 702/702/1169 2503/2503/2588
f 119/119/188 2308/2308/1915 2309/2309/2052
f 1656/1656/591 1148/1148/2023 1201/1201/2159
f 1958/1958/1052 644/644/1053 2549/2549/2194
f 2333/2333/1744 220/220/348 985/985/1697
f 402/402/641 1283/1283/2435 403/403/642
f 1194/1194/2142 1188/1188/2122 2380/2380/1842
f 932/932/1579 1188/1188/2122 1194/1194/2142
f 2456/2456/2526 2582/2582/2298 901/901/1517
f 2388/2388/1857 1194/1194/2142 1064/1064/1844
f 411/411/1657 2154/2154/1376 106/106/163
f 2052/2052/1207 186/186/296 187/187/298
f 2253/2253/1584 1861/1861/911 983/983/1687
f 2195/2195/1478 1103/1103/1929 881/881/1476
f 2410/2410/1909 1291/1291/2538 1315/1315/143
f 1251/1251/2343 118/118/186 212/212/337
f 2982/2982/890 558/558/892 3104/3104/2589
f 1320/1320/31 1848/1848/1948 578/578/2411
f 1290/1290/2496 83/83/122 2598/2598/2312
f 972/972/1664 1085/1085/1890 2342/2342/1757
f 142/142/227 188/188/297 186/186/296
f 1012/1012/1753 2511/2511/2113 2065/2065/2102
f 658/658/1077 865/865/1441 864/864/1440
f 345/345/1763 384/384/2497 463/463/735
f 854/854/1427 2075/2075/1907 2459/2459/2002
f 1189/1189/2125 2591/2591/2301 1047/1047/1814
f 1377/1377/131 1237/1237/2284 1223/1223/2243
f 2451/2451/1991 1173/1173/2088 2544/2544/2186
f 658/658/1077 864/864/1440 664/664/1089
f 1047/1047/1814 2470/2470/2015 362/362/571
f 361/361/572 362/362/571 893/893/1510
f 508/508/814 1275/1275/2406 1798/1798/815
f 2621/2621/2421 851/851/1422 2589/2589/2299
f 38/38/50 1621/1621/543 1051/1051/1998
f 480/480/766 608/608/977 1716/1716/668
f 1381/1381/1689 693/693/1144 1923/1923/1690
f 252/252/402 253/253/404 2462/2462/2006
f 1373/1373/124 2617/2617/2395 799/799/1326
f 2516/2516/2268 1106/1106/1941 1600/1600/2458
f 2116/2116/1319 874/874/1465 185/185/294
f 1328/1328/49 2506/2506/2105 38/38/50
f 1491/1491/324 205/205/323 418/418/667
f 1867/1867/2470 2127/2127/1831 1147/1147/2022
f 282/282/452 843/843/1406 2487/2487/2064
f 1697/1697/1916 1208/1208/2180 1096/1096/1917
f 2243/2243/1567 2570/2570/2256 199/199/312
f 1440/1440/262 562/562/900 1161/1161/2054
f 1776/1776/774 1552/1552/418 260/260/417
f 1606/1606/519 891/891/1507 1388/1388/157
f 1334/1334/60 1592/1592/505 45/45/61
f 397/397/628 1800/1800/819 2538/2538/2178
f 259/259/416 2006/2006/1120 2612/2612/2380
f 381/381/600 2605/2605/2338 857/857/1429
f 1319/1319/2429 1217/1217/2212 535/535/851
f 1182/1182/2109 2190/2190/2120 1523/1523/377
f 188/188/297 1249/1249/2339 1252/1252/2344
f 2183/2183/1967 120/120/190 1008/1008/1743
f 2243/2243/1567 1268/1268/2376 2570/2570/2256
f 1510/1510/359 228/228/358 1681/1681/631
f 440/440/697 1739/1739/699 1240/1240/2315
f 1196/1196/2145 2021/2021/1147 2020/2020/1146
f 2627/2627/2476 2560/2560/2218 118/118/186
f 1876/1876/931 1427/1427/231 1241/1241/2316
f 442/442/700 1186/1186/2115 1800/1800/819
f 535/535/851 1217/1217/2212 1824/1824/852
f 1645/1645/2304 1646/1646/1984 957/957/1632
f 56/56/78 1448/1448/270 2483/2483/2057
f 1701/1701/1521 713/713/1180 711/711/1179
f 2513/2513/2116 941/941/1605 1251/1251/2343
f 1807/1807/823 449/449/715 2510/2510/2584
f 797/797/1323 2488/2488/2065 2461/2461/2448
f 299/299/478 2192/2192/1469 938/938/1598
f 1894/1894/955 1860/1860/908 1163/1163/2058
f 1951/1951/1402 771/771/1280 1950/1950/2407
f 2926/2926/2590 2642/2642/535 337/337/534
f 2882/2882/2591 231/231/366 2964/2964/2592
f 763/763/1269 635/635/1031 634/634/1030
f 629/629/1015 2180/2180/1434 2618/2618/2399
f 1499/1499/334 593/593/953 211/211/335
f 118/118/186 119/119/188 212/212/337
f 2255/2255/2074 1168/1168/2075 2257/2257/1710
f 1881/1881/934 931/931/1578 1990/1990/2475
f 1555/1555/425 264/264/424 967/967/1659
f 442/442/700 397/397/628 297/297/475
f 1810/1810/2270 785/785/1301 2106/2106/1300
f 1134/1134/1994 1273/1273/2394 1057/1057/1826
f 2679/2679/2488 225/225/357 3141/3141/2593
f 262/262/420 47/47/65 1263/1263/2546
f 1611/1611/525 331/331/527 738/738/1233
f 2427/2427/1932 215/215/339 634/634/1030
f 623/623/1005 1203/1203/2160 2626/2626/2444
f 339/339/539 961/961/1642 1529/1529/1038
f 1401/1401/187 2308/2308/1915 119/119/188
f 2615/2615/2387 1162/1162/2056 323/323/508
f 2517/2517/2126 793/793/1312 1547/1547/1418
f 2914/2914/2594 245/245/388 3022/3022/2595
f 221/221/349 222/222/351 909/909/1531
f 28/28/41 172/172/272 586/586/939
f 649/649/1065 1107/1107/1946 1568/1568/448
f 479/479/763 2184/2184/1443 2468/2468/2013
f 141/141/225 2472/2472/2019 143/143/226
f 1555/1555/425 1239/1239/2307 2497/2497/2085
f 2131/2131/1340 808/808/1339 2620/2620/2416
f 586/586/939 1352/1352/87 929/929/1572
f 3090/3090/2554 663/663/1088 2694/2694/2596
f 725/725/1204 2131/2131/1340 2548/2548/2192
f 1556/1556/427 265/265/426 1443/1443/269
f 686/686/1131 1371/1371/120 81/81/119
f 1720/1720/1355 1059/1059/1833 2494/2494/2420
f 774/774/1285 2092/2092/1284 2523/2523/2138
f 249/249/397 1118/1118/1970 1117/1117/1969
f 817/817/1354 1875/1875/929 1873/1873/928
f 1109/1109/1956 1154/1154/2037 1155/1155/2041
f 1284/1284/2442 922/922/1552 1328/1328/49
f 649/649/1065 1568/1568/448 624/624/1007
f 184/184/295 2206/2206/1494 2559/2559/2217
f 10/10/13 2231/2231/1914 1071/1071/1853
f 16/16/24 2559/2559/2217 2085/2085/1275
f 1381/1381/1689 984/984/1691 1581/1581/2090
f 1063/1063/1840 1076/1076/1864 2542/2542/2183
f 820/820/1366 2513/2513/2116 2546/2546/2335
f 2368/2368/1799 1869/1869/925 494/494/788
f 1108/1108/1947 932/932/1579 933/933/1581
f 2497/2497/2085 1093/1093/1903 1492/1492/325
f 2356/2356/2424 592/592/950 1890/1890/951
f 2611/2611/2567 2224/2224/1544 918/918/1545
f 1728/1728/2438 1688/1688/1848 1066/1066/1849
f 962/962/1645 963/963/1647 803/803/1332
f 710/710/1177 1032/1032/1787 1906/1906/989
f 1040/1040/1801 2048/2048/1195 2366/2366/1797
f 14/14/19 2445/2445/2078 1302/1302/17
f 2264/2264/1623 599/599/962 915/915/1539
f 2543/2543/2184 1826/1826/862 695/695/1150
f 295/295/473 2430/2430/1951 2367/2367/1798
f 2487/2487/2064 542/542/864 282/282/452
f 121/121/192 1058/1058/1830 2045/2045/1829
f 1864/1864/914 571/571/916 2196/2196/1479
f 1201/1201/2159 1148/1148/2023 2371/2371/2197
f 589/589/944 2203/2203/1488 1292/1292/2540
f 1803/1803/820 190/190/303 2461/2461/2448
f 2567/2567/2240 1341/1341/68 908/908/1529
f 448/448/713 569/569/907 1342/1342/69
f 1704/1704/660 416/416/662 830/830/1383
f 1084/1084/1889 239/239/383 240/240/382
f 2566/2566/2239 1704/1704/660 883/883/1481
f 2566/2566/2239 894/894/1511 1704/1704/660
f 910/910/1533 911/911/1532 2110/2110/1311
f 1358/1358/1536 1564/1564/2494 1123/1123/1975
f 2712/2712/2597 2106/2106/1300 2818/2818/1444
f 2230/2230/2598 5/5/7 2228/2228/2328
f 2533/2533/2241 5/5/7 2230/2230/2598
f 850/850/1419 597/597/959 1242/1242/2321
f 2071/2071/1344 314/314/498 2070/2070/1316
f 2389/2389/1856 1149/1149/2025 1184/1184/2111
f 693/693/1144 1374/1374/125 1923/1923/1690
f 1268/1268/2376 174/174/273 1465/1465/293
f 96/96/146 643/643/1049 1845/1845/893
f 1506/1506/354 1565/1565/1063 1176/1176/2093
f 961/961/1642 1277/1277/2408 2291/2291/1643
f 207/207/330 1495/1495/329 1537/1537/399
f 1534/1534/395 2586/2586/2293 934/934/1586
f 835/835/1393 446/446/706 627/627/1013
f 647/647/1059 2139/2139/2472 1669/1669/616
f 2578/2578/2273 301/301/481 2014/2014/1135
f 530/530/839 241/241/384 242/242/386
f 386/386/609 2315/2315/1699 1667/1667/610
f 1785/1785/793 918/918/1545 498/498/794
f 948/948/2599 2363/2363/1794 1081/1081/2600
f 625/625/1009 368/368/581 237/237/376
f 1631/1631/564 1786/1786/796 828/828/1380
f 926/926/1566 2249/2249/1582 2243/2243/1567
f 2348/2348/2531 2202/2202/1486 1283/1283/2435
f 1319/1319/2429 2267/2267/2213 1217/1217/2212
f 2147/2147/2158 459/459/730 1285/1285/2453
f 1370/1370/118 1944/1944/2504 1199/1199/2153
f 960/960/1636 1666/1666/608 2054/2054/1209
f 275/275/440 274/274/439 1016/1016/2253
f 1136/1136/2318 952/952/1619 1918/1918/1621
f 823/823/1372 1926/1926/1008 1278/1278/2412
f 1692/1692/652 2150/2150/2221 399/399/635
f 958/958/1633 1220/1220/2225 2598/2598/2312
f 662/662/1083 132/132/210 1711/1711/665
f 17/17/26 1308/1308/25 1550/1550/2517
f 2603/2603/2330 1244/1244/2331 1163/1163/2058
f 565/565/903 1428/1428/232 1427/1427/231
f 471/471/747 1683/1683/634 1250/1250/2342
f 2187/2187/1456 813/813/1349 2474/2474/2021
f 2352/2352/1782 2353/2353/1781 101/101/152
f 814/814/1351 545/545/871 981/981/1686
f 2770/2770/2601 704/704/1452 3012/3012/1451
f 2503/2503/2588 702/702/1169 2343/2343/2401
f 2609/2609/2364 2390/2390/1862 1036/1036/1792
f 1110/1110/1955 2321/2321/1715 2478/2478/2036
f 2030/2030/1163 795/795/1318 777/777/1287
f 877/877/1470 140/140/223 2480/2480/2047
f 881/881/1476 1688/1688/1848 1728/1728/2438
f 2214/2214/1523 887/887/1499 755/755/1260
f 160/160/254 2545/2545/2187 1326/1326/46
f 684/684/1127 2011/2011/1129 2042/2042/1188
f 1290/1290/2496 2617/2617/2395 338/338/536
f 1983/1983/1235 1981/1981/2108 739/739/1236
f 2210/2210/1501 572/572/915 1864/1864/914
f 822/822/1369 1746/1746/709 433/433/686
f 2360/2360/1791 613/613/985 1036/1036/1792
f 1956/1956/1045 1130/1130/1985 2051/2051/1202
f 593/593/953 1499/1499/334 1893/1893/954
f 319/319/504 1334/1334/60 1900/1900/1882
f 1609/1609/523 1238/1238/2295 298/298/476
f 2980/2980/831 521/521/830 3156/3156/2602
f 1143/1143/2012 1743/1743/702 444/444/704
f 1310/1310/773 1312/1312/2603 1311/1311/2604
f 1313/1313/772 1312/1312/2603 1310/1310/773
f 1314/1314/142 1316/1316/1626 1315/1315/143
f 1317/1317/181 1319/1319/2429 1318/1318/895
f 1353/1353/1592 1355/1355/2062 1354/1354/1593
f 1356/1356/1534 1358/1358/1536 1357/1357/1875
f 1380/1380/1866 1382/1382/1145 1381/1381/1689
f 1407/1407/2355 1408/1408/1454 1333/1333/59
f 1415/1415/2605 1417/1417/1018 1416/1416/2573
f 1445/1445/2345 1447/1447/2176 1446/1446/2434
f 1451/1451/1712 1453/1453/1725 1452/1452/1359
f 1466/1466/1496 1469/1469/2606 1467/1467/1760
f 1475/1475/2418 1474/1474/305 1473/1473/304
f 1483/1483/2347 1485/1485/2569 1484/1484/2348
f 1486/1486/886 1488/1488/1389 1487/1487/2445
f 1516/1516/1122 1518/1518/2439 1517/1517/2302
f 1527/1527/799 1529/1529/1038 1528/1528/1838
f 1547/1547/1418 1549/1549/1020 1548/1548/2226
f 1559/1559/2607 1459/1459/288 1458/1458/287
f 1564/1564/2494 1566/1566/750 1565/1565/1063
f 1446/1446/2434 1447/1447/2176 1574/1574/2175
f 1380/1380/1866 1581/1581/2090 1580/1580/1420
f 1587/1587/1639 1590/1590/2188 1588/1588/2329
f 1593/1593/2332 1596/1596/1062 1594/1594/1942
f 1598/1598/2413 1601/1601/2458 1599/1599/753
f 1614/1614/1616 1618/1618/2291 1616/1616/2405
f 1635/1635/2414 1637/1637/853 1636/1636/1315
f 1569/1569/455 1570/1570/454 1583/1583/491
f 1645/1645/2304 1647/1647/2029 1646/1646/1984
f 1648/1648/2171 1650/1650/958 1649/1649/707
f 1662/1662/1212 1664/1664/2357 1663/1663/2608
f 1670/1670/1790 1356/1356/1534 1671/1671/1718
f 1672/1672/1394 1675/1675/1396 1674/1674/2080
f 1688/1688/1848 1689/1689/1905 1415/1415/2605
f 1696/1696/1916 1700/1700/1234 1698/1698/1896
f 1701/1701/1521 1703/1703/2165 1702/1702/1446
f 1387/1387/158 1388/1388/157 1706/1706/764
f 1707/1707/2040 1709/1709/2609 1708/1708/2610
f 1714/1714/1769 1629/1629/561 1628/1628/560
f 1717/1717/2370 1720/1720/1355 1719/1719/2255
f 1655/1655/592 1656/1656/591 1724/1724/1034
f 1518/1518/2439 1728/1728/2438 1517/1517/2302
f 1420/1420/217 1733/1733/1295 1732/1732/1549
f 1734/1734/1672 1404/1404/191 1510/1510/359
f 1740/1740/1071 1742/1742/1666 1741/1741/2245
f 2898/2898/2611 1369/1369/116 2788/2788/2612
f 1765/1765/1421 1505/1505/352 1766/1766/2386
f 2872/2872/2613 1709/1709/2609 2748/2748/2614
f 1793/1793/1733 1796/1796/1752 1794/1794/1734
f 1738/1738/695 1620/1620/540 1691/1691/650
f 1801/1801/1810 1612/1612/526 1611/1611/525
f 1804/1804/2112 1805/1805/2440 1747/1747/711
f 1809/1809/1409 1811/1811/1411 1810/1810/2270
f 1812/1812/1966 1814/1814/1611 1813/1813/2319
f 1447/1447/2176 1820/1820/1220 1795/1795/2391
f 1837/1837/2206 1838/1838/1357 1761/1761/736
f 1841/1841/1437 1842/1842/1021 1521/1521/374
f 1320/1320/31 1321/1321/33 1848/1848/1948
f 1851/1851/1243 1853/1853/1594 1852/1852/2474
f 2724/2724/2615 1477/1477/1489 2846/2846/2616
f 1847/1847/1948 1857/1857/1904 1856/1856/1949
f 1461/1461/1155 1462/1462/1199 1867/1867/2470
f 1877/1877/2340 1879/1879/2035 1878/1878/1426
f 1426/1426/229 1672/1672/1394 1674/1674/2080
f 1883/1883/1901 1885/1885/1116 1884/1884/1597
f 1734/1734/1672 1886/1886/941 1888/1888/2451
f 1334/1334/60 1901/1901/982 1900/1900/1882
f 1905/1905/1771 1547/1547/1418 1548/1548/2226
f 1434/1434/244 1435/1435/246 1549/1549/1020
f 1918/1918/1621 1921/1921/1620 1920/1920/2548
f 1923/1923/1690 1374/1374/125 1373/1373/124
f 1481/1481/318 1385/1385/149 1828/1828/863
f 1311/1311/2604 1929/1929/2422 1928/1928/1253
f 1940/1940/2269 1392/1392/165 1393/1393/167
f 1943/1943/1057 1944/1944/2504 1370/1370/118
f 1827/1827/861 1949/1949/1877 1948/1948/1149
f 1950/1950/2407 1952/1952/2044 1951/1951/1402
f 1965/1965/2275 1357/1357/1875 1966/1966/2276
f 1567/1567/449 1968/1968/2141 1967/1967/2227
f 1974/1974/1335 1975/1975/2211 1413/1413/208
f 1981/1981/2108 1983/1983/1235 1982/1982/1858
f 1989/1989/2499 1849/1849/897 1991/1991/2475
f 1999/1999/1506 1606/1606/519 2000/2000/2028
f 2016/2016/1227 2018/2018/2024 2017/2017/1228
f 1471/1471/300 2026/2026/1463 2024/2024/1462
f 1741/1741/2245 2032/2032/1668 2031/2031/1216
f 2035/2035/2503 1749/1749/714 2036/2036/1884
f 1995/1995/1104 2046/2046/2379 2045/2045/1829
f 2000/2000/2028 1606/1606/519 1605/1605/518
f 1520/1520/371 2058/2058/1370 1375/1375/127
f 2065/2065/2102 2017/2017/1228 2066/2066/2251
f 2069/2069/1343 2071/2071/1344 2070/2070/1316
f 2074/2074/1881 1970/1970/1084 2075/2075/1907
f 1546/1546/414 1950/1950/2407 2078/2078/2223
f 1420/1420/217 1732/1732/1549 1926/1926/1008
f 2082/2082/1732 1498/1498/2575 1336/1336/784
f 2076/2076/1256 1782/1782/790 1894/1894/955
f 2090/2090/1938 2091/2091/1937 1771/1771/761
f 2093/2093/2324 2095/2095/1390 2094/2094/1430
f 1931/1931/1016 1417/1417/1018 1415/1415/2605
f 1905/1905/1771 2105/2105/2219 1547/1547/1418
f 1365/1365/100 2119/2119/2452 2023/2023/1153
f 1663/1663/2608 2003/2003/1114 1883/1883/1901
f 2002/2002/1112 2001/2001/1111 2122/2122/1658
f 2040/2040/1185 2126/2126/1831 1898/1898/971
f 2136/2136/1673 2137/2137/2311 2035/2035/2503
f 1561/1561/438 2140/2140/2617 2139/2139/2472
f 2142/2142/2173 2143/2143/2132 1896/1896/966
f 2146/2146/2158 1888/1888/2451 2149/2149/2140
f 2150/2150/2221 2152/2152/1564 2151/2151/1565
f 2156/2156/2136 2093/2093/2324 2094/2094/1430
f 2162/2162/2172 2107/2107/2618 2163/2163/2326
f 1704/1704/660 2166/2166/1502 1705/1705/661
f 2948/2948/2619 1911/1911/993 3014/3014/2620
f 2167/2167/2446 2035/2035/2503 2036/2036/1884
f 2168/2168/1460 1312/1312/2603 1313/1313/772
f 2175/2175/2169 2177/2177/2621 2176/2176/1492
f 1488/1488/1389 2160/2160/1388 1903/1903/983
f 1771/1771/761 2091/2091/1937 1772/1772/762
f 1512/1512/361 2183/2183/1967 1511/1511/362
f 1815/1815/836 1702/1702/1446 1703/1703/2165
f 2189/2189/1649 1862/1862/910 1451/1451/1712
f 1523/1523/377 2190/2190/2120 1522/1522/378
f 1635/1635/2414 2198/2198/1694 1637/1637/853
f 1936/1936/1025 1937/1937/1026 1726/1726/2263
f 2730/2730/2622 2204/2204/2262 2892/2892/2623
f 1931/1931/1016 1415/1415/2605 1689/1689/1905
f 1335/1335/62 1901/1901/982 1334/1334/60
f 1921/1921/1620 2218/2218/2161 1920/1920/2548
f 1393/1393/167 1596/1596/1062 1593/1593/2332
f 2228/2228/2328 1673/1673/2127 2230/2230/2598
f 1380/1380/1866 1381/1381/1689 1581/1581/2090
f 1407/1407/2355 2231/2231/1914 1408/1408/1454
f 2085/2085/1275 2234/2234/2624 2084/2084/1276
f 2236/2236/1931 1536/1536/398 1563/1563/443
f 2238/2238/2229 2081/2081/1265 2109/2109/1304
f 1505/1505/352 1506/1506/354 1766/1766/2386
f 1788/1788/803 2251/2251/2154 2250/2250/2121
f 2255/2255/2074 2257/2257/1710 2256/2256/2238
f 2265/2265/1623 2219/2219/1538 1971/1971/1085
f 1527/1527/799 1528/1528/1838 1631/1631/564
f 1319/1319/2429 2268/2268/2523 2267/2267/2213
f 3152/3152/2625 2273/2273/1845 2734/2734/2626
f 1993/1993/1100 2030/2030/1163 2140/2140/2617
f 2275/2275/1935 2165/2165/1399 2232/2232/1550
f 2124/2124/1334 1787/1787/801 2125/2125/1944
f 1536/1536/398 2236/2236/1931 1928/1928/1253
f 2280/2280/2419 1361/1361/94 1360/1360/93
f 2888/2888/2627 1769/1769/754 2918/2918/2628
f 1343/1343/72 1344/1344/74 1577/1577/470
f 1338/1338/63 2179/2179/2181 1339/1339/64
f 1561/1561/438 2133/2133/1348 2140/2140/2617
f 2112/2112/2428 1668/1668/612 1436/1436/614
f 2308/2308/1915 1456/1456/286 2309/2309/2052
f 1316/1316/1626 1314/1314/142 1395/1395/169
f 2129/2129/2358 1907/1907/990 1976/1976/2211
f 2320/2320/1891 1944/1944/2504 1943/1943/1057
f 1692/1692/652 2152/2152/1564 2150/2150/2221
f 2230/2230/2598 1812/1812/1966 1813/1813/2319
f 2327/2327/2441 2022/2022/1152 2119/2119/2452
f 2249/2249/1582 2330/2330/2375 2243/2243/1567
f 2338/2338/2467 1781/1781/787 1462/1462/1199
f 1538/1538/401 2341/2341/2011 2330/2330/2375
f 2149/2149/2140 1886/1886/941 1780/1780/782
f 2343/2343/2401 2034/2034/1171 2316/2316/1701
f 2346/2346/1796 2347/2347/1795 1939/1939/1032
f 1962/1962/1061 2052/2052/1207 1604/1604/517
f 2084/2084/1276 2234/2234/2624 2348/2348/2531
f 2355/2355/2018 2356/2356/2424 2261/2261/1589
f 2037/2037/1181 2012/2012/1130 1383/1383/141
f 2371/2371/2197 2369/2369/1802 2372/2372/2314
f 2382/2382/2264 1384/1384/147 2383/2383/1950
f 2386/2386/2629 2318/2318/1704 2205/2205/1493
f 1943/1943/1057 1370/1370/118 1371/1371/120
f 1645/1645/2304 1441/1441/266 1331/1331/55
f 1741/1741/2245 1742/1742/1666 2032/2032/1668
f 1941/1941/1035 1724/1724/1034 2372/2372/2314
f 2285/2285/1634 2386/2386/2629 2210/2210/1501
f 1321/1321/33 1480/1480/317 1895/1895/964
f 1772/1772/762 1446/1446/2434 2184/2184/1443
f 1918/1918/1621 1920/1920/2548 2062/2062/1230
f 2399/2399/1979 1880/1880/932 1764/1764/739
f 2402/2402/2568 1809/1809/1409 1707/1707/2040
f 2134/2134/1352 2195/2195/1478 2038/2038/1184
f 2406/2406/2086 1978/1978/1091 2408/2408/2050
f 1576/1576/467 2412/2412/2059 1748/1748/712
f 2413/2413/1933 2415/2415/2069 2414/2414/1934
f 1907/1907/990 2424/2424/1973 1976/1976/2211
f 1318/1318/895 1319/1319/2429 1846/1846/896
f 2137/2137/2311 1405/1405/194 1807/1807/823
f 2380/2380/1842 2031/2031/1216 2392/2392/1867
f 1751/1751/720 2118/2118/1321 1750/1750/719
f 2429/2429/2232 1488/1488/1389 1486/1486/886
f 1566/1566/750 1970/1970/1084 2074/2074/1881
f 1356/1356/1534 1357/1357/1875 1965/1965/2275
f 2080/2080/1261 2134/2134/1352 2038/2038/1184
f 1957/1957/1048 1905/1905/1771 1845/1845/893
f 2030/2030/1163 1993/1993/1100 1680/1680/630
f 2234/2234/2624 2336/2336/1748 2202/2202/1486
f 1764/1764/739 1849/1849/897 1763/1763/740
f 1302/1302/17 2445/2445/2078 1294/1294/2
f 1724/1724/1034 2371/2371/2197 2372/2372/2314
f 1562/1562/441 2450/2450/2479 1652/1652/2034
f 2453/2453/2282 2167/2167/2446 1439/1439/258
f 1602/1602/513 1328/1328/49 1327/1327/48
f 2190/2190/2120 2454/2454/2341 1522/1522/378
f 2218/2218/2161 1397/1397/175 1920/1920/2548
f 1796/1796/1752 2456/2456/2526 1794/1794/1734
f 2424/2424/1973 1907/1907/990 2457/2457/2463
f 1803/1803/820 2461/2461/2448 1677/1677/621
f 2460/2460/2003 1878/1878/1426 1353/1353/1592
f 2220/2220/1540 2464/2464/2296 2219/2219/1538
f 2220/2220/1540 1994/1994/1101 2464/2464/2296
f 1989/1989/2499 1991/1991/2475 2467/2467/2630
f 2469/2469/2259 2070/2070/1316 2280/2280/2419
f 1476/1476/1490 2429/2429/2232 2473/2473/2061
f 2476/2476/2292 2361/2361/1793 1615/1615/2405
f 2208/2208/1497 2214/2214/1523 2319/2319/1709
f 2145/2145/1368 1941/1941/1035 2482/2482/2631
f 2029/2029/1162 2483/2483/2057 2378/2378/1834
f 2480/2480/2047 2485/2485/2190 2484/2484/2371
f 2465/2465/2632 1990/1990/2475 2098/2098/1298
f 1720/1720/1355 2494/2494/2420 2135/2135/1356
f 2496/2496/2215 1747/1747/711 1805/1805/2440
f 1744/1744/705 2090/2090/1938 1771/1771/761
f 2499/2499/2633 2097/2097/1291 1485/1485/2569
f 1714/1714/1769 2754/2754/2634 1629/1629/561
f 2503/2503/2588 2316/2316/1701 2317/2317/1703
f 2379/2379/1835 2499/2499/2633 2507/2507/2425
f 1977/1977/1090 1416/1416/2573 1979/1979/1091
f 1496/1496/333 2509/2509/2288 2303/2303/1674
f 2510/2510/2584 1749/1749/714 2035/2035/2503
f 1857/1857/1904 2158/2158/1386 1559/1559/2607
f 2512/2512/2443 2410/2410/1909 1315/1315/143
f 1597/1597/2635 1582/1582/487 2516/2516/2268
f 2138/2138/1358 2215/2215/1525 1452/1452/1359
f 2395/2395/1874 1505/1505/352 1765/1765/1421
f 2220/2220/1540 2254/2254/1585 1994/1994/1101
f 1462/1462/1199 1781/1781/787 1897/1897/969
f 1514/1514/365 2526/2526/2373 1925/1925/1006
f 2533/2533/2241 2230/2230/2598 2024/2024/1462
f 1900/1900/1882 1901/1901/982 2045/2045/1829
f 2043/2043/1189 1512/1512/361 2311/2311/1693
f 2306/2306/1683 1504/1504/350 2535/2535/2490
f 1424/1424/224 1333/1333/59 1408/1408/1454
f 2539/2539/2228 2540/2540/2404 1887/1887/948
f 2230/2230/2598 1673/1673/2127 1812/1812/1966
f 1799/1799/818 2546/2546/2335 2513/2513/2116
f 2162/2162/2172 1649/1649/707 2426/2426/1930
f 1737/1737/694 2547/2547/2636 1738/1738/695
f 2181/2181/1438 2551/2551/2437 2387/2387/1854
f 2547/2547/2636 2004/2004/1117 1620/1620/540
f 2550/2550/2193 1958/1958/1052 2549/2549/2194
f 2234/2234/2624 2372/2372/2314 2336/2336/1748
f 1886/1886/941 2149/2149/2140 1888/1888/2451
f 2379/2379/1835 2378/2378/1834 2499/2499/2633
f 2908/2908/2637 1477/1477/1489 2724/2724/2615
f 1998/1998/1107 2379/2379/1835 2507/2507/2425
f 1405/1405/194 1806/1806/821 1807/1807/823
f 2184/2184/1443 1574/1574/2175 2468/2468/2013
f 2758/2758/2638 2760/2760/2639 1708/1708/2610
f 1788/1788/803 1722/1722/671 2437/2437/1971
f 1462/1462/1199 1897/1897/969 1867/1867/2470
f 2540/2540/2404 1883/1883/1901 1887/1887/948
f 1738/1738/695 2547/2547/2636 1620/1620/540
f 2452/2452/1992 1693/1693/654 1695/1695/656
f 2144/2144/1367 2145/2145/1368 2569/2569/2640
f 1844/1844/894 2455/2455/1999 1384/1384/147
f 2440/2440/1976 1672/1672/1394 1426/1426/229
f 2248/2248/1580 1968/1968/2141 2572/2572/2489
f 1349/1349/83 2223/2223/1562 2242/2242/1561
f 1607/1607/522 2313/2313/1696 2312/2312/1695
f 2106/2106/1300 1364/1364/97 1386/1386/154
f 1966/1966/2276 2395/2395/1874 1765/1765/1421
f 2573/2573/2485 1930/1930/1012 2505/2505/2104
f 2540/2540/2404 1663/1663/2608 1883/1883/1901
f 1559/1559/2607 2158/2158/1386 1459/1459/288
f 2225/2225/1546 1541/1541/408 1542/1542/409
f 2577/2577/2507 2377/2377/1828 1879/1879/2035
f 2119/2119/2452 2022/2022/1152 2023/2023/1153
f 2579/2579/2360 2373/2373/1808 2536/2536/2168
f 2300/2300/1669 1564/1564/2494 1358/1358/1536
f 2476/2476/2292 2104/2104/1299 2361/2361/1793
f 2456/2456/2526 2339/2339/1751 2582/2582/2298
f 2456/2456/2526 1796/1796/1752 2339/2339/1751
f 2503/2503/2588 2317/2317/1703 1612/1612/526
f 2572/2572/2489 1567/1567/449 1568/1568/448
f 1722/1722/671 1788/1788/803 1723/1723/672
f 2390/2390/1862 2434/2434/1962 1540/1540/406
f 2259/2259/2449 2355/2355/2018 2261/2261/1589
f 2578/2578/2273 1946/1946/1041 1916/1916/998
f 2596/2596/2352 1896/1896/966 1308/1308/25
f 2436/2436/1964 2597/2597/2410 2160/2160/1388
f 2160/2160/1388 2597/2597/2410 1903/1903/983
f 2137/2137/2311 2298/2298/1656 1405/1405/194
f 1304/1304/18 2326/2326/1730 1305/1305/20
f 1749/1749/714 1623/1623/548 1624/1624/550
f 2202/2202/1486 2336/2336/1748 2201/2201/1487
f 2602/2602/2323 1368/1368/115 2093/2093/2324
f 1323/1323/36 2604/2604/2334 1816/1816/842
f 2140/2140/2617 2290/2290/1641 2139/2139/2472
f 1554/1554/423 1555/1555/425 2323/2323/1722
f 1762/1762/738 1837/1837/2206 1761/1761/736
f 2403/2403/1897 2377/2377/1828 2577/2577/2507
f 1446/1446/2434 1574/1574/2175 2184/2184/1443
f 2137/2137/2311 1807/1807/823 2035/2035/2503
f 1928/1928/1253 1929/1929/2422 1536/1536/398
f 2019/2019/1143 1382/1382/1145 2391/2391/1865
f 2577/2577/2507 1879/1879/2035 1854/1854/902
f 2117/2117/1320 2178/2178/1431 1337/1337/63
f 2576/2576/2272 2333/2333/1744 1783/1783/791
f 2429/2429/2232 1486/1486/886 2473/2473/2061
f 2079/2079/1259 2080/2080/1261 2527/2527/2149
f 2175/2175/2169 2508/2508/2106 2177/2177/2621
f 2268/2268/2523 1360/1360/93 2267/2267/2213
f 2107/2107/2618 2426/2426/1930 2501/2501/2097
f 2218/2218/2161 2404/2404/1900 1397/1397/175
f 2484/2484/2371 2583/2583/2287 2534/2534/2166
f 1897/1897/969 1954/1954/1044 2611/2611/2567
f 2053/2053/1208 1773/1773/765 1706/1706/764
f 1720/1720/1355 1717/1717/2370 2314/2314/1698
f 1524/1524/379 2588/2588/2297 2431/2431/1952
f 1910/1910/2481 2271/2271/1601 2012/2012/1130
f 1388/1388/157 2054/2054/1209 2053/2053/1208
f 1612/1612/526 2317/2317/1703 1927/1927/1010
f 2569/2569/2640 2482/2482/2631 2234/2234/2624
f 2315/2315/1699 2153/2153/1373 1667/1667/610
f 1941/1941/1035 2372/2372/2314 2482/2482/2631
f 2348/2348/2531 2234/2234/2624 2202/2202/1486
f 1821/1821/849 1822/1822/848 1962/1962/1061
f 1535/1535/396 1541/1541/408 2225/2225/1546
f 2033/2033/1165 2498/2498/2539 1648/1648/2171
f 1661/1661/605 1312/1312/2603 1660/1660/606
f 2523/2523/2138 2092/2092/1284 2463/2463/2009
f 1811/1811/1411 2335/2335/1747 2327/2327/2441
f 2268/2268/2523 2280/2280/2419 1360/1360/93
f 2780/2780/2641 2960/2960/2642 2619/2619/2533
f 2601/2601/2322 1929/1929/2422 1311/1311/2604
f 1880/1880/932 1882/1882/934 1764/1764/739
f 1839/1839/885 1840/1840/884 1760/1760/734
f 2327/2327/2441 2335/2335/1747 2022/2022/1152
f 2366/2366/1797 2048/2048/1195 2049/2049/1197
f 1577/1577/470 1433/1433/242 1343/1343/72
f 1737/1737/694 2005/2005/1118 2547/2547/2636
f 1556/1556/427 2355/2355/2018 2259/2259/2449
f 2085/2085/1275 2569/2569/2640 2234/2234/2624
f 2509/2509/2288 1497/1497/332 1877/1877/2340
f 2231/2231/1914 1407/1407/2355 2015/2015/1137
f 2782/2782/2643 2864/2864/2644 1731/1731/683
f 1476/1476/1490 2473/2473/2061 2575/2575/2267
f 2603/2603/2330 2486/2486/2060 2172/2172/1415
f 2738/2738/2645 1769/1769/754 2888/2888/2627
f 1614/1614/1616 2428/2428/1940 2141/2141/1360
f 1805/1805/2440 1804/1804/2112 1553/1553/421
f 2075/2075/1907 1711/1711/665 2409/2409/1908
f 1550/1550/2517 2370/2370/1804 1551/1551/1805
f 1425/1425/228 1586/1586/499 2440/2440/1976
f 1726/1726/2263 1937/1937/1026 2554/2554/2208
f 1854/1854/902 1877/1877/2340 1497/1497/332
f 1448/1448/270 2096/2096/1289 2483/2483/2057
f 2778/2778/2397 1622/1622/546 2868/2868/2646
f 2597/2597/2410 2436/2436/1964 2581/2581/2281
f 2559/2559/2217 2144/2144/1367 2569/2569/2640
f 518/518/2436 2634/2634/2647 1508/1508/2648
f 2288/2288/1638 2624/2624/2447 2374/2374/1813
f 1848/1848/1948 1321/1321/33 1858/1858/1904
f 1865/1865/919 2304/2304/1680 2209/2209/1498
f 1702/1702/1446 2423/2423/1973 2438/2438/1972
f 2559/2559/2217 2569/2569/2640 2085/2085/1275
f 2004/2004/1117 2547/2547/2636 2005/2005/1118
f 2343/2343/2401 2316/2316/1701 2503/2503/2588
f 2600/2600/2317 2623/2623/2432 1679/1679/625
f 1512/1512/361 2043/2043/1189 2183/2183/1967
f 2045/2045/1829 2046/2046/2379 1721/1721/670
f 1752/1752/726 1801/1801/1810 1611/1611/525
f 2300/2300/1669 2622/2622/2430 1564/1564/2494
f 2600/2600/2317 2434/2434/1962 2623/2623/2432
f 2525/2525/2148 1518/1518/2439 2007/2007/1121
f 2481/2481/2055 2560/2560/2218 2627/2627/2476
f 1982/1982/1858 1433/1433/242 2585/2585/2289
f 1511/1511/362 2183/2183/1967 2421/2421/1922
f 2590/2590/2300 2069/2069/1343 2469/2469/2259
f 2011/2011/1129 1735/1735/688 2042/2042/1188
f 1956/1956/1045 2051/2051/1202 2050/2050/1201
f 2350/2350/1774 2152/2152/1564 1692/1692/652
f 1670/1670/1790 1671/1671/1718 2322/2322/1717
f 2230/2230/2598 1813/1813/2319 2024/2024/1462
f 1981/1981/2108 2171/2171/1408 2514/2514/2117
f 1685/1685/640 1686/1686/639 1922/1922/1000
f 2483/2483/2057 2097/2097/1291 2499/2499/2633
f 1395/1395/169 2282/2282/1627 1316/1316/1626
f 2469/2469/2259 2069/2069/1343 2070/2070/1316
f 1636/1636/1315 1637/1637/853 1904/1904/986
f 1891/1891/2537 1554/1554/423 2323/2323/1722
f 2187/2187/1456 2474/2474/2021 2073/2073/1245
f 2824/2824/2649 2288/2288/1638 2796/2796/2650
f 1528/1528/1838 1529/1529/1038 1653/1653/587
f 2402/2402/2568 2593/2593/2306 1809/1809/1409
f 1317/1317/181 2268/2268/2523 1319/1319/2429
f 2332/2332/1742 2024/2024/1462 1813/1813/2319
f 1425/1425/228 2440/2440/1976 1426/1426/229
f 2434/2434/1962 1791/1791/808 2623/2623/2432
f 1901/1901/982 1995/1995/1104 2045/2045/1829
f 2105/2105/2219 2517/2517/2126 1547/1547/1418
f 1597/1597/2635 2516/2516/2268 1600/1600/2458
f 2593/2593/2306 2337/2337/1750 1809/1809/1409
f 1717/1717/2370 2610/2610/2369 2314/2314/1698
f 1684/1684/636 1496/1496/333 2303/2303/1674
f 2420/2420/1919 2028/2028/1161 2419/2419/1920
f 2445/2445/2078 1687/1687/643 1294/1294/2
f 2325/2325/1727 1752/1752/726 1611/1611/525
f 1904/1904/986 1637/1637/853 1825/1825/855
f 1617/1617/2291 2476/2476/2292 1615/1615/2405
f 2572/2572/2489 1968/1968/2141 1567/1567/449
f 1867/1867/2470 2611/2611/2567 2127/2127/1831
f 1790/1790/807 1905/1905/1771 1957/1957/1048
f 2176/2176/1492 2177/2177/2621 2564/2564/2234
f 2205/2205/1493 2210/2210/1501 2386/2386/2629
f 2521/2521/2133 2588/2588/2297 1524/1524/379
f 2558/2558/2216 1473/1473/304 2194/2194/1472
f 2244/2244/1574 2503/2503/2588 1801/1801/1810
f 2234/2234/2624 2482/2482/2631 2372/2372/2314
f 2579/2579/2360 2536/2536/2168 1335/1335/62
f 2032/2032/1668 2059/2059/1217 2031/2031/1216
f 1972/1972/1086 1973/1973/1087 1782/1782/790
f 1907/1907/990 1909/1909/992 2457/2457/2463
f 2311/2311/1693 2121/2121/1327 1455/1455/282
f 1987/1987/2499 2466/2466/2632 2100/2100/2500
f 2502/2502/2097 2238/2238/2229 2109/2109/1304
f 1945/1945/1039 2014/2014/1135 1513/1513/363
f 2378/2378/1834 2483/2483/2057 2499/2499/2633
f 2150/2150/2221 1496/1496/333 1684/1684/636
f 2341/2341/2011 2057/2057/2456 2330/2330/2375
f 2435/2435/1963 2349/2349/1772 2350/2350/1774
f 1878/1878/1426 1355/1355/2062 1353/1353/1592
f 2115/2115/1319 1582/1582/487 1597/1597/2635
f 2504/2504/2101 1951/1951/1402 1952/1952/2044
f 2629/2629/2465 2191/2191/1468 2295/2295/1650
f 1850/1850/899 2025/2025/1463 1498/1498/2575
f 1416/1416/2573 1688/1688/1848 1415/1415/2605
f 1416/1416/2573 1977/1977/1090 1688/1688/1848
f 2309/2309/2052 1772/1772/762 2091/2091/1937
f 1702/1702/1446 2438/2438/1972 1701/1701/1521
f 2414/2414/1934 2181/2181/1438 2252/2252/1583
f 1809/1809/1409 1810/1810/2270 1709/1709/2609
f 1450/1450/279 2226/2226/1548 2536/2536/2168
f 1801/1801/1810 2503/2503/2588 1612/1612/526
f 1650/1650/958 1745/1745/708 1649/1649/707
f 2089/2089/1281 1418/1418/212 2088/2088/1282
f 2167/2167/2446 2036/2036/1884 1439/1439/258
f 1467/1467/1760 1469/1469/2606 1607/1607/522
f 1348/1348/81 1349/1349/83 2294/2294/1650
f 2508/2508/2106 2622/2622/2430 2300/2300/1669
f 2262/2262/1589 2357/2357/2512 2174/2174/1423
f 1836/1836/878 2313/2313/1696 1469/1469/2606
f 2358/2358/1784 1831/1831/869 2563/2563/2233
f 2226/2226/1548 2632/2632/2498 2293/2293/1648
f 2483/2483/2057 2096/2096/1289 2097/2097/1291
f 2236/2236/1931 1563/1563/443 1634/1634/569
f 1483/1483/2347 2507/2507/2425 1485/1485/2569
f 2066/2066/2251 2339/2339/1751 2065/2065/2102
f 1970/1970/1084 1711/1711/665 2075/2075/1907
f 2150/2150/2221 2151/2151/1565 1496/1496/333
f 1947/1947/2506 1572/1572/459 1917/1917/2495
f 2529/2529/2151 1944/1944/2504 2320/2320/1891
f 2241/2241/1559 2556/2556/2209 1495/1495/329
f 2576/2576/2272 1783/1783/791 1782/1782/790
f 1660/1660/606 2168/2168/1460 1625/1625/552
f 1441/1441/266 1442/1442/265 1449/1449/276
f 2235/2235/1556 1952/1952/2044 1950/1950/2407
f 2177/2177/2621 2508/2508/2106 2300/2300/1669
f 2373/2373/1808 1297/1297/6 2536/2536/2168
f 1479/1479/316 1780/1780/782 1886/1886/941
f 2086/2086/1278 2165/2165/1399 2275/2275/1935
f 1836/1836/878 1469/1469/2606 1466/1466/1496
f 1445/1445/2345 1820/1820/1220 1447/1447/2176
f 2374/2374/1813 2624/2624/2447 2471/2471/2017
f 2578/2578/2273 2014/2014/1135 1945/1945/1039
f 2313/2313/1696 1607/1607/522 1469/1469/2606
f 1745/1745/708 2132/2132/1347 1512/1512/361
f 2414/2414/1934 2068/2068/1240 2181/2181/1438
f 2455/2455/1999 2524/2524/2143 1372/1372/121
f 1653/1653/587 1654/1654/589 1528/1528/1838
f 1311/1311/2604 1312/1312/2603 2601/2601/2322
f 2140/2140/2617 2030/2030/1163 2290/2290/1641
f 1932/1932/1019 2479/2479/2046 2598/2598/2312
f 1559/1559/2607 1458/1458/287 1856/1856/1949
f 1428/1428/232 2595/2595/2309 1396/1396/171
f 2279/2279/1618 2265/2265/1623 1971/1971/1085
f 2622/2622/2430 1984/1984/1093 1768/1768/749
f 2704/2704/2651 1562/1562/441 2708/2708/2652
f 2510/2510/2584 2035/2035/2503 1807/1807/823
f 1856/1856/1949 1857/1857/1904 1559/1559/2607
f 1498/1498/2575 2082/2082/1732 1850/1850/899
f 1652/1652/2034 2450/2450/2479 1526/1526/389
f 1660/1660/606 1312/1312/2603 2168/2168/1460
f 2484/2484/2371 2628/2628/2457 2583/2583/2287
f 2257/2257/1710 2418/2418/1918 1552/1552/418
f 2465/2465/2632 2098/2098/1298 2099/2099/1297
f 1913/1913/995 2351/2351/1779 1914/1914/996
f 2244/2244/1574 2245/2245/1573 2503/2503/2588
f 2558/2558/2216 1475/1475/2418 1473/1473/304
f 2039/2039/1183 2080/2080/1261 2038/2038/1184
f 1538/1538/401 2330/2330/2375 2249/2249/1582
f 2158/2158/1386 2212/2212/1519 2613/2613/2384
f 2283/2283/1630 1647/1647/2029 2170/2170/1404
f 1664/1664/2357 2310/2310/1692 1663/1663/2608
f 1550/1550/2517 1308/1308/25 2370/2370/1804
f 1648/1648/2171 1649/1649/707 2162/2162/2172
f 1662/1662/1212 1663/1663/2608 2540/2540/2404
f 2664/2664/2653 2539/2539/2228 3092/3092/2654
f 2511/2511/2113 1418/1418/212 2089/2089/1281
f 2404/2404/1900 1613/1613/532 1397/1397/175
f 2250/2250/2121 2571/2571/2257 2411/2411/1910
f 1488/1488/1389 1903/1903/983 1487/1487/2445
f 2280/2280/2419 2070/2070/1316 1361/1361/94
f 2014/2014/1135 2281/2281/1625 1513/1513/363
f 2415/2415/2069 2068/2068/1240 2414/2414/1934
f 1362/1362/96 1587/1587/1639 1588/1588/2329
f 1734/1734/1672 1888/1888/2451 1404/1404/191
f 1948/1948/1149 1826/1826/862 1827/1827/861
f 1682/1682/632 2311/2311/1693 1455/1455/282
f 1802/1802/2095 2401/2401/1895 1938/1938/1029
f 2083/2083/1272 1778/1778/781 2432/2432/1958
f 2552/2552/2198 1778/1778/781 2083/2083/1272
f 2615/2615/2387 1465/1465/293 2013/2013/1132
f 1343/1343/72 1433/1433/242 1982/1982/1858
f 2003/2003/1114 1885/1885/1116 1883/1883/1901
f 1966/1966/2276 1357/1357/1875 2395/2395/1874
f 1556/1556/427 1443/1443/269 2355/2355/2018
f 1764/1764/739 1991/1991/2475 1849/1849/897
f 2133/2133/1348 1993/1993/1100 2140/2140/2617
f 2189/2189/1649 1519/1519/370 1862/1862/910
f 1482/1482/319 1884/1884/1597 1376/1376/130
f 1576/1576/467 2486/2486/2060 2412/2412/2059
f 1449/1449/276 1442/1442/265 2215/2215/1525
f 2564/2564/2234 2177/2177/2621 2300/2300/1669
f 1707/1707/2040 1809/1809/1409 1709/1709/2609
f 2200/2200/1483 2489/2489/2066 2199/2199/1484
f 1582/1582/487 1940/1940/2269 2516/2516/2268
f 2476/2476/2292 2102/2102/2500 2104/2104/1299
f 1406/1406/197 2490/2490/2068 1367/1367/104
f 1764/1764/739 1882/1882/934 1991/1991/2475
f 1763/1763/740 1618/1618/2291 1614/1614/1616
f 1388/1388/157 2053/2053/1208 1706/1706/764
f 2527/2527/2149 2080/2080/1261 2039/2039/1183
f 1663/1663/2608 2310/2310/1692 2003/2003/1114
f 1974/1974/1335 2128/2128/1337 1975/1975/2211
f 1441/1441/266 1449/1449/276 1331/1331/55
f 2250/2250/2121 2251/2251/2154 2571/2571/2257
f 2600/2600/2317 1540/1540/406 2434/2434/1962
f 1582/1582/487 2324/2324/1723 1940/1940/2269
f 2214/2214/1523 2079/2079/1259 2319/2319/1709
f 1671/1671/1718 1356/1356/1534 1965/1965/2275
f 2583/2583/2287 2628/2628/2457 2495/2495/2077
f 1570/1570/454 1584/1584/492 1583/1583/491
f 2601/2601/2322 1312/1312/2603 1661/1661/605
f 2306/2306/1683 2535/2535/2490 1665/1665/607
f 2331/2331/2459 1798/1798/815 2629/2629/2465
f 1854/1854/902 1879/1879/2035 1877/1877/2340
f 2254/2254/1585 1817/1817/842 1818/1818/843
f 1984/1984/1093 2622/2622/2430 2508/2508/2106
f 1823/1823/850 1824/1824/852 2173/2173/1417
f 2158/2158/1386 2613/2613/2384 1459/1459/288
f 1417/1417/1018 1716/1716/668 2568/2568/2244
f 1376/1376/130 1884/1884/1597 1377/1377/131
f 2285/2285/1634 2020/2020/1146 2318/2318/1704
f 2396/2396/1885 1592/1592/505 2064/2064/1231
f 1753/1753/2655 1756/1756/728 2441/2441/1977
f 2596/2596/2352 2142/2142/2173 1896/1896/966
f 1536/1536/398 1541/1541/408 1535/1535/396
f 1541/1541/408 1536/1536/398 1929/1929/2422
f 1297/1297/6 1450/1450/279 2536/2536/2168
f 2156/2156/2136 2094/2094/1430 2631/2631/2491
f 2569/2569/2640 2145/2145/1368 2482/2482/2631
f 1480/1480/317 1481/1481/318 1895/1895/964
f 1954/1954/1044 2224/2224/1544 2611/2611/2567
f 2055/2055/1214 2056/2056/1215 2340/2340/2011
f 2426/2426/1930 2107/2107/2618 2162/2162/2172
f 2019/2019/1143 2391/2391/1865 1398/1398/177
f 1454/1454/283 2479/2479/2046 1932/1932/1019
f 2170/2170/1404 2169/2169/1403 2283/2283/1630
f 1867/1867/2470 1897/1897/969 2611/2611/2567
f 2548/2548/2192 2131/2131/1340 2620/2620/2416
f 1984/1984/1093 1985/1985/1095 1768/1768/749
f 1973/1973/1087 2576/2576/2272 1782/1782/790
f 2391/2391/1865 1382/1382/1145 1380/1380/1866
f 2007/2007/1121 1518/1518/2439 1516/1516/1122
f 2578/2578/2273 1945/1945/1039 1946/1946/1041
f 1497/1497/332 2509/2509/2288 1496/1496/333
f 2455/2455/1999 1844/1844/894 2524/2524/2143
f 2499/2499/2633 1485/1485/2569 2507/2507/2425
f 2494/2494/2420 1545/1545/413 2135/2135/1356
f 2226/2226/1548 2227/2227/1547 2632/2632/2498
f 1968/1968/2141 2388/2388/1857 1967/1967/2227
f 2374/2374/1813 2492/2492/2071 1399/1399/178
f 2257/2257/1710 1889/1889/949 2256/2256/2238
f 2484/2484/2371 2485/2485/2190 2628/2628/2457
f 2108/2108/1303 2502/2502/2097 2109/2109/1304
f 1850/1850/899 1299/1299/8 2025/2025/1463
f 2362/2362/1794 2096/2096/1289 1448/1448/270
f 1631/1631/564 1528/1528/1838 1786/1786/796
f 1296/1296/4 1297/1297/6 2373/2373/1808
f 1905/1905/1771 1548/1548/2226 1845/1845/893
f 2206/2206/1494 2144/2144/1367 2559/2559/2217
f 2086/2086/1278 2275/2275/1935 1718/1718/1279
f 1711/1711/665 2072/2072/1244 2409/2409/1908
f 1546/1546/414 2235/2235/1556 1950/1950/2407
f 2471/2471/2017 2492/2492/2071 2374/2374/1813
f 1324/1324/36 1817/1817/842 2254/2254/1585
f 2285/2285/1634 2318/2318/1704 2386/2386/2629
f 1310/1310/773 1311/1311/2604 1928/1928/1253
f 2460/2460/2003 1353/1353/1592 2130/2130/1338
f 2460/2460/2003 1877/1877/2340 1878/1878/1426
f 1508/1508/2648 2634/2634/2647 226/226/357
f 2125/2125/1944 3065/3065/2656 3043/3043/1945
f 291/291/465 3080/3080/2657 2986/2986/463
f 1708/1708/2610 2874/2874/2658 2758/2758/2638
f 1024/1024/1770 2696/2696/2659 1714/1714/1769
f 1205/1205/2203 2672/2672/2660 3072/3072/2204
f 1477/1477/1489 2908/2908/2637 64/64/90
f 4427/4427/2661 3157/3157/2662 4428/4428/2663
f 4430/4430/2664 4431/4431/2665 3159/3159/2666
f 3160/3160/2667 4432/4432/2668 4433/4433/2669
f 4434/4434/2670 3163/3163/2671 3164/3164/2672
f 3166/3166/2673 3167/3167/2674 3168/3168/2675
f 3166/3166/2673 3169/3169/2676 3167/3167/2674
f 4437/4437/2677 3170/3170/2678 4438/4438/2679
f 3170/3170/2678 4439/4439/2680 4438/4438/2679
f 4439/4439/2680 4440/4440/2681 3171/3171/2682
f 4441/4441/2683 4440/4440/2681 3170/3170/2678
f 4440/4440/2681 4441/4441/2683 3172/3172/2684
f 4440/4440/2681 4439/4439/2680 3170/3170/2678
f 4442/4442/2685 4443/4443/2686 3173/3173/2687
f 3174/3174/2688 3175/3175/2689 3176/3176/2690
f 4454/4454/2691 4455/4455/2692 3177/3177/2693
f 3179/3179/2694 4458/4458/2695 3181/3181/2696
f 3182/3182/2697 3180/3180/2696 4456/4456/2695
f 3183/3183/2698 3184/3184/2699 3185/3185/2700
f 3186/3186/2701 4459/4459/2702 3187/3187/2703
f 3188/3188/2704 3189/3189/2705 4460/4460/2706
f 4461/4461/2707 3190/3190/2708 4462/4462/2709
f 4463/4463/2710 3191/3191/2711 3192/3192/2712
f 3194/3194/2713 3195/3195/2714 4465/4465/2715
f 4466/4466/2716 4467/4467/2717 3196/3196/2718
f 4468/4468/2719 4469/4469/2720 3197/3197/2721
f 4472/4472/2722 3199/3199/2723 4473/4473/2724
f 4474/4474/2725 4475/4475/2726 3200/3200/2727
f 4476/4476/2728 3202/3202/2729 3203/3203/2730
f 4477/4477/2731 4478/4478/2732 3204/3204/2733
f 3205/3205/2734 3206/3206/2735 4479/4479/2736
f 3207/3207/2737 3208/3208/2738 4480/4480/2739
f 4481/4481/2740 4483/4483/2741 3209/3209/2742
f 4484/4484/2743 3211/3211/2744 4485/4485/2745
f 4486/4486/2746 3212/3212/2747 3213/3213/2748
f 63/63/2749 4493/4493/2750 2931/2931/91
f 4494/4494/2751 3214/3214/2752 4495/4495/2753
f 4496/4496/2754 4454/4454/2691 3177/3177/2693
f 4498/4498/2755 3215/3215/2756 3216/3216/2757
f 4499/4499/2758 4500/4500/2759 3217/3217/2760
f 3218/3218/2761 3219/3219/2762 4501/4501/2763
f 3220/3220/2764 3221/3221/2765 3222/3222/2766
f 3223/3223/2767 3224/3224/2768 3225/3225/2769
f 3226/3226/2770 3227/3227/2771 3228/3228/2772
f 4502/4502/2773 3229/3229/2774 4503/4503/2775
f 4504/4504/2776 4505/4505/2777 3230/3230/2778
f 4506/4506/2779 3231/3231/2780 3232/3232/2781
f 4507/4507/2782 3233/3233/2783 4508/4508/2784
f 4509/4509/2785 3234/3234/2786 3235/3235/2787
f 4510/4510/2788 3236/3236/2789 4511/4511/2790
f 4512/4512/2791 3237/3237/2792 3238/3238/2793
f 3239/3239/2794 4513/4513/2795 3240/3240/2796
f 3241/3241/2797 4517/4517/2798 3242/3242/2799
f 4448/4448/2800 3243/3243/2801 4449/4449/2802
f 3244/3244/2803 4518/4518/2804 3245/3245/2805
f 3246/3246/2806 3247/3247/2807 4519/4519/2808
f 3249/3249/2809 3250/3250/2810 3251/3251/2811
f 4520/4520/2812 3252/3252/2813 4498/4498/2755
f 3253/3253/2814 4521/4521/2815 4522/4522/2816
f 3254/3254/2817 4523/4523/2818 4524/4524/2819
f 4525/4525/2820 3255/3255/2821 3256/3256/2822
f 4526/4526/2823 4527/4527/2824 3257/3257/2825
f 4528/4528/2826 3258/3258/2827 4529/4529/2828
f 4530/4530/2829 3259/3259/2830 3260/3260/2831
f 3262/3262/2832 4464/4464/2833 4531/4531/2834
f 4532/4532/2835 3263/3263/2836 4533/4533/2837
f 3264/3264/2838 3265/3265/2839 4451/4451/2840
f 3266/3266/2841 4534/4534/2842 3267/3267/2843
f 3268/3268/2844 3269/3269/2845 4535/4535/2846
f 4537/4537/2847 4538/4538/2848 3270/3270/2849
f 3271/3271/2850 4539/4539/2851 3272/3272/2852
f 3273/3273/2853 4540/4540/2854 3274/3274/2855
f 4543/4543/2856 3264/3264/2838 4544/4544/2857
f 3275/3275/2858 3276/3276/2859 3277/3277/2860
f 4545/4545/2861 3278/3278/2862 3279/3279/2863
f 4546/4546/2864 4547/4547/2865 3280/3280/2866
f 3281/3281/2867 4548/4548/2868 3282/3282/2869
f 4552/4552/2870 3283/3283/2871 3284/3284/2872
f 4553/4553/2873 4554/4554/2874 3285/3285/2875
f 3286/3286/2876 4555/4555/2877 4556/4556/2878
f 3287/3287/2879 3288/3288/2880 4557/4557/2881
f 3169/3169/2676 4558/4558/2882 3167/3167/2674
f 3289/3289/2883 3290/3290/2884 3291/3291/2885
f 4559/4559/2886 3292/3292/2887 4560/4560/2888
f 4561/4561/2889 3293/3293/2890 4562/4562/2891
f 4503/4503/2775 3229/3229/2774 4563/4563/2892
f 3294/3294/2893 3296/3296/2894 3297/3297/2895
f 4564/4564/2896 4565/4565/2897 3298/3298/2898
f 4566/4566/2899 3299/3299/2900 4567/4567/2901
f 4568/4568/2902 4569/4569/2903 3300/3300/2904
f 3301/3301/2905 3302/3302/2906 3303/3303/2907
f 3187/3187/2703 3304/3304/2908 3305/3305/2909
f 4570/4570/2910 3306/3306/2911 3307/3307/2912
f 3309/3309/2913 3310/3310/2914 4572/4572/2915
f 4573/4573/2916 3311/3311/2917 3312/3312/2918
f 3313/3313/2919 3314/3314/2920 4574/4574/2921
f 3315/3315/2922 4575/4575/2923 4576/4576/2924
f 3316/3316/2925 4577/4577/2926 4578/4578/2927
f 3207/3207/2737 4582/4582/2928 3208/3208/2738
f 3184/3184/2699 3317/3317/2929 3318/3318/2930
f 3319/3319/2931 3320/3320/2932 3321/3321/2933
f 3195/3195/2714 4583/4583/2934 4465/4465/2715
f 3322/3322/2935 4584/4584/2936 3323/3323/2937
f 3192/3192/2712 3191/3191/2711 3324/3324/2938
f 3325/3325/2939 4588/4588/2940 4589/4589/2941
f 3326/3326/2942 4590/4590/2943 4591/4591/2944
f 4592/4592/2945 3327/3327/2946 4593/4593/2947
f 4597/4597/2948 4598/4598/2949 3328/3328/2950
f 3319/3319/2931 4599/4599/2951 3320/3320/2932
f 3171/3171/2682 3329/3329/2952 3330/3330/2953
f 3331/3331/2954 3332/3332/2955 3333/3333/2956
f 4604/4604/2957 3334/3334/2958 4605/4605/2959
f 3309/3309/2913 3335/3335/2960 4606/4606/2961
f 4607/4607/2962 3336/3336/2963 4608/4608/2964
f 3337/3337/2965 3338/3338/2966 3339/3339/2967
f 4530/4530/2829 3260/3260/2831 3340/3340/2968
f 4612/4612/2969 3341/3341/2970 3342/3342/2971
f 3343/3343/2972 4613/4613/2973 3344/3344/2974
f 4614/4614/2975 4615/4615/2976 3295/3295/2894
f 4616/4616/2977 3236/3236/2789 4510/4510/2788
f 3345/3345/2978 3288/3288/2880 4623/4623/2979
f 3346/3346/2980 4624/4624/2981 3348/3348/2982
f 4626/4626/2983 3349/3349/2984 4627/4627/2985
f 4628/4628/2986 3350/3350/2987 4629/4629/2988
f 3351/3351/2989 4630/4630/2990 4631/4631/2991
f 4633/4633/2992 4634/4634/2993 3354/3354/2994
f 3355/3355/2995 3276/3276/2859 3275/3275/2858
f 3356/3356/2996 3357/3357/2997 3358/3358/2998
f 3359/3359/2999 4635/4635/3000 3360/3360/3001
f 3219/3219/2762 3361/3361/3002 4636/4636/3003
f 3362/3362/3004 3363/3363/3005 4637/4637/3006
f 3364/3364/3007 3365/3365/3008 4638/4638/3009
f 4639/4639/3010 4640/4640/3011 3366/3366/3012
f 3367/3367/3013 3370/3370/3014 4643/4643/3015
f 4538/4538/2848 4644/4644/3016 3371/3371/3017
f 3372/3372/3018 4645/4645/3019 4646/4646/3020
f 4647/4647/3021 4648/4648/3022 3373/3373/3023
f 3240/3240/2796 4649/4649/3024 3374/3374/3025
f 3375/3375/3026 4653/4653/3027 3376/3376/3028
f 4494/4494/2751 3377/3377/3029 4654/4654/3030
f 3378/3378/3031 3379/3379/3032 4655/4655/3033
f 3380/3380/3034 4656/4656/3035 4657/4657/3036
f 4658/4658/3037 3381/3381/3038 4555/4555/2877
f 4659/4659/3039 3382/3382/3040 3383/3383/3041
f 3384/3384/3042 3385/3385/3043 3386/3386/3044
f 3387/3387/3045 4660/4660/3046 3388/3388/3047
f 4665/4665/3048 3390/3390/3049 4666/4666/3050
f 4667/4667/3051 4668/4668/3052 3391/3391/3053
f 4669/4669/3054 4670/4670/3055 3392/3392/3056
f 4671/4671/3057 4672/4672/3058 3393/3393/3059
f 3395/3395/3060 3396/3396/3061 4673/4673/3062
f 3397/3397/3063 3398/3398/3064 4674/4674/3065
f 4675/4675/3066 4676/4676/3067 3340/3340/2968
f 3399/3399/3068 4677/4677/3069 3401/3401/3070
f 4679/4679/3071 3402/3402/3072 4680/4680/3073
f 3403/3403/3074 4686/4686/3075 3404/3404/3076
f 3405/3405/3077 3406/3406/3078 3198/3198/2723
f 4687/4687/3079 3407/3407/3080 3361/3361/3002
f 4688/4688/3081 4690/4690/3082 3408/3408/3083
f 3409/3409/3084 3410/3410/3085 4691/4691/3086
f 4434/4434/2670 3412/3412/3087 3163/3163/2671
f 4692/4692/3088 3413/3413/3089 3414/3414/3090
f 4693/4693/3091 3415/3415/3092 3416/3416/3093
f 4695/4695/3094 4696/4696/3095 3417/3417/3096
f 3418/3418/3097 4697/4697/3098 3419/3419/3099
f 3420/3420/3100 3421/3421/3101 4698/4698/3102
f 3422/3422/3103 3423/3423/3104 3424/3424/3105
f 3384/3384/3042 4702/4702/3106 4703/4703/3107
f 3425/3425/3108 3426/3426/3109 3427/3427/3110
f 3428/3428/3111 4704/4704/3112 4705/4705/3113
f 3387/3387/3045 3429/3429/3114 4706/4706/3115
f 3431/3431/3116 3432/3432/3117 4707/4707/3118
f 3433/3433/3119 4708/4708/3120 3205/3205/2734
f 2985/2985/463 3434/3434/3121 2639/2639/464
f 4710/4710/3122 3436/3436/3123 4711/4711/3124
f 4478/4478/2732 4712/4712/3125 3437/3437/3126
f 3438/3438/3127 3439/3439/3128 3440/3440/3129
f 3224/3224/2768 3441/3441/3130 4713/4713/3131
f 3442/3442/3132 3443/3443/3133 4714/4714/3134
f 3444/3444/3135 3445/3445/3136 3446/3446/3137
f 3447/3447/3138 3448/3448/3139 3449/3449/3140
f 3450/3450/3141 4717/4717/3142 3451/3451/3143
f 3452/3452/3144 3456/3456/3145 3457/3457/3146
f 4718/4718/3147 3458/3458/3148 4719/4719/3149
f 2869/2869/494 2951/2951/496 4720/4720/3150
f 4534/4534/2842 3459/3459/3151 3460/3460/3152
f 4721/4721/3153 3461/3461/3154 3462/3462/3155
f 3463/3463/3156 4726/4726/3157 3233/3233/2783
f 4494/4494/2751 4654/4654/3030 3214/3214/2752
f 3464/3464/3158 4468/4468/2719 4727/4727/3159
f 3465/3465/3160 3458/3458/3148 4718/4718/3147
f 3466/3466/3161 3467/3467/3162 3468/3468/3163
f 3009/3009/510 3469/3469/3164 2915/2915/511
f 3461/3461/3154 3470/3470/3165 4734/4734/3166
f 4735/4735/3167 4736/4736/3168 3471/3471/3169
f 4737/4737/3170 3253/3253/2814 4738/4738/3171
f 3472/3472/3172 4739/4739/3173 3474/3474/3174
f 4741/4741/3175 4742/4742/3176 3442/3442/3132
f 4743/4743/3177 3475/3475/3178 4744/4744/3179
f 3168/3168/2675 3477/3477/3180 3166/3166/2673
f 3478/3478/3181 3242/3242/2799 3479/3479/3182
f 3481/3481/3183 4745/4745/3184 3193/3193/2712
f 2953/2953/533 2641/2641/535 3482/3482/3185
f 4507/4507/2782 3483/3483/3186 3233/3233/2783
f 4751/4751/3187 3484/3484/3188 3485/3485/3189
f 4752/4752/3190 3486/3486/3191 3487/3487/3192
f 4753/4753/3193 3488/3488/3194 3490/3490/3195
f 4754/4754/3196 4503/4503/2775 3492/3492/3197
f 4755/4755/3198 4756/4756/3199 3493/3493/3200
f 3235/3235/2787 4742/4742/3176 3494/3494/3201
f 4757/4757/3202 4758/4758/3203 3495/3495/3204
f 3496/3496/3205 3497/3497/3206 3498/3498/3207
f 3499/3499/3208 3322/3322/2935 4759/4759/3209
f 4760/4760/3210 3500/3500/3211 4761/4761/3212
f 3501/3501/3213 4762/4762/3214 4763/4763/3215
f 3502/3502/3216 4764/4764/3217 4765/4765/3218
f 4766/4766/3219 3420/3420/3100 4698/4698/3102
f 3505/3505/3220 3506/3506/3221 3507/3507/3222
f 3310/3310/2914 4770/4770/3223 4771/4771/3224
f 3202/3202/2729 3248/3248/3225 3203/3203/2730
f 4773/4773/3226 3508/3508/3227 3509/3509/3228
f 3510/3510/3229 4774/4774/3230 3511/3511/3231
f 3513/3513/3232 3380/3380/3034 4657/4657/3036
f 3514/3514/3233 3515/3515/3234 4783/4783/3235
f 4745/4745/3184 3481/3481/3183 3516/3516/3236
f 3517/3517/3237 3204/3204/2733 4478/4478/2732
f 4785/4785/3238 4786/4786/3239 3518/3518/3240
f 3519/3519/3241 4787/4787/3242 4788/4788/3243
f 3520/3520/3244 4789/4789/3245 3521/3521/3246
f 3522/3522/3247 3523/3523/3248 4576/4576/2924
f 3524/3524/3249 3525/3525/3250 3526/3526/3251
f 4790/4790/3252 3528/3528/3253 4791/4791/3254
f 3529/3529/3255 4792/4792/3256 4793/4793/3257
f 4797/4797/3258 4798/4798/3259 3391/3391/3053
f 3530/3530/3260 3531/3531/3261 4799/4799/3262
f 4800/4800/3263 4571/4571/3264 3308/3308/3265
f 4765/4765/3218 4764/4764/3217 3532/3532/3266
f 4801/4801/3267 3533/3533/3268 3534/3534/3269
f 3535/3535/3270 4459/4459/2702 3186/3186/2701
f 3536/3536/3271 4808/4808/3272 4809/4809/3273
f 4810/4810/3274 3176/3176/2690 3537/3537/3275
f 4811/4811/3276 3538/3538/3277 3539/3539/3278
f 3441/3441/3130 3540/3540/3279 3541/3541/3280
f 4812/4812/3281 3477/3477/3180 3168/3168/2675
f 4813/4813/3282 3542/3542/3283 4814/4814/3284
f 4815/4815/3285 4526/4526/2823 3257/3257/2825
f 3543/3543/3286 3544/3544/3287 4816/4816/3288
f 3545/3545/3289 4817/4817/3290 4818/4818/3291
f 3546/3546/3292 4819/4819/3293 3547/3547/3294
f 3548/3548/3295 3549/3549/3296 4822/4822/3297
f 3388/3388/3047 3550/3550/3298 3429/3429/3114
f 3551/3551/3299 3552/3552/3300 4479/4479/2736
f 3486/3486/3191 4752/4752/3190 4823/4823/3301
f 3553/3553/3302 3554/3554/3303 4824/4824/3304
f 4825/4825/3305 4826/4826/3306 3555/3555/3307
f 3557/3557/3308 3558/3558/3309 3559/3559/3310
f 4834/4834/3311 3560/3560/3312 4835/4835/3313
f 3561/3561/3314 3358/3358/2998 4840/4840/3315
f 3282/3282/2869 4842/4842/3316 3281/3281/2867
f 4844/4844/3317 4845/4845/3318 3562/3562/3319
f 3204/3204/2733 4850/4850/3320 3563/3563/3321
f 4851/4851/3322 3564/3564/3323 4852/4852/3324
f 3566/3566/3325 4855/4855/3326 3567/3567/3327
f 4708/4708/3120 3568/3568/3328 3205/3205/2734
f 4857/4857/3329 3569/3569/3330 3570/3570/3331
f 4858/4858/3332 4859/4859/3333 3571/3571/3334
f 3572/3572/3335 4545/4545/2861 3573/3573/3336
f 4523/4523/2818 3574/3574/3337 3575/3575/3338
f 4863/4863/3339 3577/3577/3340 3578/3578/3341
f 3557/3557/3308 3419/3419/3099 3558/3558/3309
f 3579/3579/3342 3580/3580/3343 4864/4864/3344
f 4865/4865/3345 3581/3581/3346 4866/4866/3347
f 3582/3582/3348 4867/4867/3349 3583/3583/3350
f 3441/3441/3130 3584/3584/3351 4713/4713/3131
f 3585/3585/3352 4637/4637/3006 3363/3363/3005
f 4871/4871/3353 3586/3586/3354 3587/3587/3355
f 4815/4815/3285 3257/3257/2825 4872/4872/3356
f 3588/3588/3357 3392/3392/3056 3421/3421/3101
f 4781/4781/3358 3372/3372/3018 4873/4873/3359
f 4464/4464/2833 3193/3193/2712 4531/4531/2834
f 4874/4874/3360 4875/4875/3361 3589/3589/3362
f 4876/4876/3363 3297/3297/2895 3590/3590/3364
f 4877/4877/3365 4755/4755/3198 3591/3591/3366
f 3592/3592/3367 3593/3593/3368 3594/3594/3369
f 4878/4878/3370 4879/4879/3371 3256/3256/2822
f 3595/3595/3372 3596/3596/3373 3597/3597/3374
f 3598/3598/3375 4880/4880/3376 3599/3599/3377
f 3600/3600/3378 4883/4883/3379 4887/4887/3380
f 4756/4756/3199 4529/4529/2828 3493/3493/3200
f 3601/3601/3381 3602/3602/3382 4737/4737/3170
f 3603/3603/3383 4888/4888/3384 3604/3604/3385
f 3603/3603/3383 3604/3604/3385 3605/3605/3386
f 4889/4889/3387 4890/4890/3388 3606/3606/3389
f 3189/3189/2705 4891/4891/3390 4892/4892/3391
f 3607/3607/3392 3608/3608/3393 3609/3609/3394
f 3610/3610/3395 3611/3611/3396 4613/4613/2973
f 3267/3267/2843 3460/3460/3152 3612/3612/3397
f 3613/3613/3398 4815/4815/3285 4896/4896/3399
f 4897/4897/3400 3614/3614/3401 4701/4701/3402
f 3501/3501/3213 3615/3615/3403 4762/4762/3214
f 4732/4732/3404 4787/4787/3242 3519/3519/3241
f 4898/4898/3405 3616/3616/3406 3617/3617/3407
f 4899/4899/3408 3618/3618/3409 3619/3619/3410
f 3196/3196/2718 3620/3620/3411 4466/4466/2716
f 4900/4900/3412 3621/3621/3413 4901/4901/3414
f 4836/4836/3415 3622/3622/3416 4902/4902/3417
f 4903/4903/3418 3623/3623/3419 3625/3625/3420
f 3626/3626/3421 4623/4623/2979 3627/3627/3422
f 4447/4447/3423 3496/3496/3205 4444/4444/3424
f 4905/4905/3425 3628/3628/3426 3404/3404/3076
f 3629/3629/3427 3630/3630/3428 3631/3631/3429
f 3632/3632/3430 4906/4906/3431 3634/3634/3432
f 4908/4908/3433 3344/3344/2974 4613/4613/2973
f 2967/2967/783 3105/3105/785 4470/4470/3434
f 3635/3635/3435 3636/3636/3436 4910/4910/3437
f 4859/4859/3333 4865/4865/3345 3637/3637/3438
f 4911/4911/3439 3638/3638/3440 4912/4912/3441
f 4913/4913/3442 3639/3639/3443 3640/3640/3444
f 4915/4915/3445 3641/3641/3446 3642/3642/3447
f 3501/3501/3213 4763/4763/3215 4661/4661/3448
f 3643/3643/3449 3644/3644/3450 4916/4916/3451
f 4708/4708/3120 3433/3433/3119 3589/3589/3362
f 4852/4852/3324 3645/3645/3452 4917/4917/3453
f 4918/4918/3454 4919/4919/3455 3646/3646/3456
f 3539/3539/3278 3647/3647/3457 4920/4920/3458
f 4921/4921/3459 3542/3542/3283 4644/4644/3016
f 3611/3611/3396 4921/4921/3459 4644/4644/3016
f 3551/3551/3299 3648/3648/3460 4735/4735/3167
f 3377/3377/3029 3649/3649/3461 4654/4654/3030
f 4925/4925/3462 4926/4926/3463 3650/3650/3464
f 3651/3651/3465 4927/4927/3466 3653/3653/3467
f 4928/4928/3468 3395/3395/3060 4673/4673/3062
f 4931/4931/3469 4572/4572/2915 3536/3536/3271
f 4934/4934/3470 4935/4935/3471 3655/3655/3472
f 4936/4936/3473 3656/3656/3474 3657/3657/3475
f 3341/3341/2970 3662/3662/3476 3663/3663/3477
f 3029/3029/829 2979/2979/831 3664/3664/3478
f 3654/3654/3467 3665/3665/3479 3666/3666/3480
f 4765/4765/3218 3532/3532/3266 3667/3667/3481
f 3662/3662/3476 3341/3341/2970 3668/3668/3482
f 4943/4943/3483 3669/3669/3484 3670/3670/3485
f 3671/3671/3486 3672/3672/3487 3385/3385/3043
f 2967/2967/783 4470/4470/3434 2929/2929/841
f 4944/4944/3488 4945/4945/3489 3665/3665/3479
f 4564/4564/2896 3673/3673/3490 3674/3674/3491
f 4858/4858/3332 3571/3571/3334 4946/4946/3492
f 3675/3675/3493 4948/4948/3494 4949/4949/3495
f 4950/4950/3496 4951/4951/3497 3676/3676/3498
f 4769/4769/3499 4952/4952/3500 3677/3677/3501
f 3678/3678/3502 3679/3679/3503 3680/3680/3504
f 3681/3681/3505 4559/4559/2886 3682/3682/3506
f 3242/3242/2799 4953/4953/3507 4954/4954/3508
f 4955/4955/3509 3683/3683/3510 4519/4519/2808
f 3684/3684/3511 4659/4659/3039 3383/3383/3041
f 4956/4956/3512 3685/3685/3513 4957/4957/3514
f 4958/4958/3515 3686/3686/3516 3687/3687/3517
f 4959/4959/3518 3688/3688/3519 3689/3689/3520
f 4960/4960/3521 4961/4961/3522 3690/3690/3523
f 4912/4912/3441 3692/3692/3524 4963/4963/3525
f 3693/3693/3526 3694/3694/3527 3695/3695/3528
f 3696/3696/3529 4966/4966/3530 4967/4967/3531
f 4620/4620/3532 3619/3619/3410 3697/3697/3533
f 3188/3188/2704 3698/3698/3534 3189/3189/2705
f 3602/3602/3382 4970/4970/3535 4737/4737/3170
f 2981/2981/890 3699/3699/3536 2719/2719/891
f 3245/3245/2805 4971/4971/3537 4972/4972/3538
f 3537/3537/3275 4973/4973/3539 4452/4452/3540
f 4891/4891/3390 3700/3700/3541 4976/4976/3542
f 4978/4978/3543 3681/3681/3505 3682/3682/3506
f 4574/4574/2921 3703/3703/3544 3313/3313/2919
f 4813/4813/3282 4814/4814/3284 3704/3704/3545
f 3297/3297/2895 4711/4711/3124 3436/3436/3123
f 3351/3351/2989 4631/4631/2991 4982/4982/3546
f 3705/3705/3547 4562/4562/2891 3706/3706/3548
f 4635/4635/3000 3707/3707/3549 3708/3708/3550
f 3704/3704/3545 3371/3371/3017 4813/4813/3282
f 3709/3709/3551 4987/4987/3552 4988/4988/3553
f 3446/3446/3137 4989/4989/3554 4990/4990/3555
f 3710/3710/3556 3289/3289/2883 4991/4991/3557
f 3246/3246/2806 4519/4519/2808 3683/3683/3510
f 4992/4992/3558 3711/3711/3559 3712/3712/3560
f 3713/3713/3561 4993/4993/3562 3714/3714/3563
f 3715/3715/3564 4994/4994/3565 3716/3716/3566
f 3372/3372/3018 4646/4646/3020 4873/4873/3359
f 3718/3718/3567 4997/4997/3568 3719/3719/3569
f 4998/4998/3570 3467/3467/3162 3466/3466/3161
f 3180/3180/2696 3182/3182/2697 4999/4999/3571
f 5000/5000/3572 3314/3314/2920 5001/5001/3573
f 3720/3720/3574 4920/4920/3458 5002/5002/3575
f 3687/3687/3517 3685/3685/3513 4956/4956/3512
f 5006/5006/3576 5007/5007/3577 3721/3721/3578
f 3651/3651/3465 3722/3722/3579 4927/4927/3466
f 3035/3035/936 3069/3069/938 4843/4843/3580
f 3184/3184/2699 3724/3724/3581 3725/3725/3582
f 4613/4613/2973 3611/3611/3396 5011/5011/3583
f 3726/3726/3584 4597/4597/2948 3328/3328/2950
f 4436/4436/3585 3727/3727/3586 3728/3728/3587
f 4431/4431/2665 4584/4584/2936 3322/3322/2935
f 3729/3729/3588 5012/5012/3589 3730/3730/3590
f 3374/3374/3025 4649/4649/3024 5014/5014/3591
f 3731/3731/3592 5016/5016/3593 4578/4578/2927
f 5017/5017/3594 5018/5018/3595 3732/3732/3596
f 3638/3638/3440 5019/5019/3597 4988/4988/3553
f 3733/3733/3598 5018/5018/3595 4657/4657/3036
f 3157/3157/2662 4427/4427/2661 3734/3734/3599
f 4782/4782/3600 4873/4873/3359 3736/3736/3601
f 3737/3737/3602 3738/3738/3603 3739/3739/3604
f 3740/3740/3605 3741/3741/3606 5020/5020/3607
f 5021/5021/3608 3742/3742/3609 3743/3743/3610
f 5022/5022/3611 3635/3635/3435 4910/4910/3437
f 3658/3658/3612 3524/3524/3249 5023/5023/3613
f 4991/4991/3557 3744/3744/3614 5024/5024/3615
f 3745/3745/3616 5027/5027/3617 3746/3746/3618
f 4902/4902/3417 3622/3622/3416 3747/3747/3619
f 3748/3748/3620 3746/3746/3618 3749/3749/3621
f 3750/3750/3622 5026/5026/3623 3751/3751/3624
f 5028/5028/3625 3752/3752/3626 3753/3753/3627
f 3732/3732/3596 3354/3354/2994 5029/5029/3628
f 4634/4634/2993 3754/3754/3629 3755/3755/3630
f 4857/4857/3329 3570/3570/3331 5031/5031/3631
f 5032/5032/3632 5033/5033/3633 3756/3756/3634
f 5036/5036/3635 5037/5037/3636 3595/3595/3372
f 5038/5038/3637 3406/3406/3078 5039/5039/3638
f 5040/5040/3639 3430/3430/3116 5041/5041/3640
f 4817/4817/3290 3759/3759/3641 5047/5047/3642
f 4440/4440/2681 3172/3172/2684 3171/3171/2682
f 3760/3760/3643 5049/5049/3644 3761/3761/3645
f 3762/3762/3646 5050/5050/3647 4648/4648/3022
f 3763/3763/3648 5051/5051/3649 3671/3671/3486
f 5017/5017/3594 3764/3764/3650 3513/3513/3232
f 4744/4744/3179 3475/3475/3178 5052/5052/3651
f 3765/3765/3652 3678/3678/3502 4533/4533/2837
f 3737/3737/3602 3739/3739/3604 5055/5055/3653
f 3766/3766/3654 3767/3767/3655 4851/4851/3322
f 3768/3768/3656 3447/3447/3138 3449/3449/3140
f 5056/5056/3657 4551/4551/3658 3769/3769/3659
f 5057/5057/3660 3325/3325/2939 4683/4683/3661
f 4655/4655/3033 3379/3379/3032 4969/4969/3662
f 5060/5060/3663 3771/3771/3664 5061/5061/3665
f 5062/5062/3666 5063/5063/3667 3306/3306/2911
f 3331/3331/2954 3290/3290/2884 3772/3772/3668
f 3773/3773/3669 3595/3595/3372 5064/5064/3670
f 3774/3774/3671 5065/5065/3672 3775/3775/3673
f 3776/3776/3674 5067/5067/3675 4853/4853/3676
f 3778/3778/3677 5068/5068/3678 3613/3613/3398
f 3484/3484/3188 4751/4751/3187 4663/4663/3679
f 5071/5071/3680 5072/5072/3681 3779/3779/3682
f 4791/4791/3254 3200/3200/2727 5079/5079/3683
f 3635/3635/3435 5080/5080/3684 3781/3781/3685
f 3596/3596/3373 5081/5081/3686 5082/5082/3687
f 4660/4660/3046 3387/3387/3045 3558/3558/3309
f 3782/3782/3688 3783/3783/3689 5083/5083/3690
f 2965/2965/1050 2969/2969/1051 4470/4470/3434
f 3105/3105/785 2965/2965/1050 4470/4470/3434
f 5084/5084/3691 3784/3784/3692 3615/3615/3403
f 3785/3785/3693 5085/5085/3694 5086/5086/3695
f 4505/4505/2777 5069/5069/3696 3748/3748/3620
f 3786/3786/3697 5087/5087/3698 3787/3787/3699
f 4949/4949/3495 5088/5088/3700 3710/3710/3556
f 4730/4730/3701 3337/3337/2965 3339/3339/2967
f 4700/4700/3702 3788/3788/3703 4701/4701/3402
f 3789/3789/3704 3790/3790/3705 3763/3763/3648
f 5089/5089/3706 3791/3791/3707 3792/3792/3708
f 5090/5090/3709 3793/3793/3710 4868/4868/3711
f 3794/3794/3712 3795/3795/3713 3796/3796/3714
f 3402/3402/3072 3313/3313/2919 4680/4680/3073
f 3551/3551/3299 4479/4479/2736 3648/3648/3460
f 3797/3797/3715 3798/3798/3716 4899/4899/3408
f 3799/3799/3717 4943/4943/3483 3800/3800/3718
f 3504/3504/3719 4543/4543/2856 4544/4544/2857
f 3801/3801/3720 3800/3800/3718 5095/5095/3721
f 4701/4701/3402 5096/5096/3722 3802/3802/3723
f 4501/4501/2763 3219/3219/2762 4636/4636/3003
f 3305/3305/2909 3304/3304/2908 5097/5097/3724
f 5098/5098/3725 5099/5099/3726 3694/3694/3527
f 3803/3803/3727 3804/3804/3728 3797/3797/3715
f 5103/5103/3729 3805/3805/3730 5104/5104/3731
f 5109/5109/3732 5110/5110/3733 3807/3807/3734
f 3808/3808/3735 5064/5064/3670 5111/5111/3736
f 3809/3809/3737 4789/4789/3245 3520/3520/3244
f 3810/3810/3738 5118/5118/3739 4812/4812/3281
f 5119/5119/3740 3811/3811/3741 3812/3812/3742
f 3686/3686/3516 4948/4948/3494 3675/3675/3493
f 5120/5120/3743 3517/3517/3237 3813/3813/3744
f 3814/3814/3745 5121/5121/3746 5122/5122/3747
f 3815/3815/3748 4628/4628/2986 3816/3816/3749
f 5125/5125/3750 3817/3817/3751 5126/5126/3752
f 5128/5128/3753 5010/5010/3754 3819/3819/3755
f 3256/3256/2822 4879/4879/3371 4525/4525/2820
f 5129/5129/3756 3820/3820/3757 5130/5130/3758
f 5131/5131/3759 3397/3397/3063 4674/4674/3065
f 5132/5132/3760 3822/3822/3761 4650/4650/3762
f 4658/4658/3037 4555/4555/2877 3286/3286/2876
f 3464/3464/3158 5133/5133/3763 5134/5134/3764
f 4692/4692/3088 5135/5135/3765 3413/3413/3089
f 3823/3823/3766 5136/5136/3767 3824/3824/3768
f 5137/5137/3769 4517/4517/2798 3241/3241/2797
f 3529/3529/3255 5049/5049/3644 3760/3760/3643
f 3592/3592/3367 3594/3594/3369 3825/3825/3770
f 5138/5138/3771 3826/3826/3772 3320/3320/2932
f 3445/3445/3136 5139/5139/3773 3827/3827/3774
f 3828/3828/3775 3498/3498/3207 5140/5140/3776
f 2989/2989/1138 3173/3173/2687 2991/2991/1139
f 3829/3829/3777 3830/3830/3778 3831/3831/3779
f 5144/5144/3780 4516/4516/3781 3832/3832/3782
f 5145/5145/3783 3785/3785/3693 5146/5146/3784
f 3833/3833/3785 4765/4765/3218 3667/3667/3481
f 5074/5074/3786 3834/3834/3787 4512/4512/2791
f 4563/4563/2892 3229/3229/2774 3835/3835/3788
f 5147/5147/3789 5148/5148/3790 3554/3554/3303
f 2936/2936/1154 2832/2832/1156 4595/4595/3791
f 3746/3746/3618 3748/3748/3620 3836/3836/3792
f 4730/4730/3701 3339/3339/2967 3621/3621/3413
f 3201/3201/2729 4615/4615/2976 4519/4519/2808
f 3629/3629/3427 3631/3631/3429 3837/3837/3793
f 3593/3593/3368 5152/5152/3794 3838/3838/3795
f 5153/5153/3796 3409/3409/3084 5154/5154/3797
f 5155/5155/3798 3477/3477/3180 4812/4812/3281
f 2996/2996/1164 2994/2994/1166 5158/5158/3799
f 4758/4758/3203 3620/3620/3411 3495/3495/3204
f 3839/3839/3800 3840/3840/3801 3745/3745/3616
f 3841/3841/3802 5159/5159/3803 3842/3842/3804
f 3524/3524/3249 3526/3526/3251 5023/5023/3613
f 3844/3844/3805 3847/3847/3806 3848/3848/3807
f 4467/4467/2717 4466/4466/2716 3281/3281/2867
f 4931/4931/3469 3335/3335/2960 3309/3309/2913
f 3849/3849/3808 5146/5146/3784 3293/3293/2890
f 2911/2911/1176 2927/2927/1178 3850/3850/3809
f 3852/3852/3810 5162/5162/3811 3854/3854/3812
f 3855/3855/3813 5163/5163/3814 5164/5164/3815
f 5165/5165/3816 3658/3658/3612 5023/5023/3613
f 5166/5166/3817 5167/5167/3818 3856/3856/3819
f 5168/5168/3820 3371/3371/3017 3857/3857/3821
f 4997/4997/3568 3858/3858/3822 5169/5169/3823
f 4865/4865/3345 5130/5130/3758 3350/3350/2987
f 3476/3476/3824 3451/3451/3143 3860/3860/3825
f 3471/3471/3169 4736/4736/3168 5088/5088/3700
f 5172/5172/3826 5174/5174/3827 3861/3861/3828
f 3117/3117/1198 2937/2937/1200 4596/4596/3829
f 5175/5175/3830 3624/3624/3420 5176/5176/3831
f 3863/3863/3832 3864/3864/3833 3865/3865/3834
f 3448/3448/3139 3866/3866/3835 4693/4693/3091
f 4736/4736/3168 3274/3274/2855 5177/5177/3836
f 5178/5178/3837 3867/3867/3838 5179/5179/3839
f 3868/3868/3840 3869/3869/3841 4794/4794/3842
f 5180/5180/3843 5182/5182/3844 3511/3511/3231
f 5156/5156/3845 3870/3870/3846 5184/5184/3847
f 3871/3871/3848 3872/3872/3849 4947/4947/3850
f 4991/4991/3557 3289/3289/2883 5185/5185/3851
f 3873/3873/3852 5186/5186/3853 3874/3874/3854
f 3875/3875/3855 5142/5142/3856 5141/5141/3857
f 3781/3781/3685 5187/5187/3858 5043/5043/3859
f 3287/3287/2879 5133/5133/3763 5189/5189/3860
f 4673/4673/3062 3396/3396/3061 3876/3876/3861
f 3878/3878/3862 4830/4830/3863 3476/3476/3824
f 5108/5108/3864 3563/3563/3321 3879/3879/3865
f 3880/3880/3866 3881/3881/3867 5192/5192/3868
f 3787/3787/3699 4696/4696/3095 4695/4695/3094
f 5193/5193/3869 3505/3505/3220 3882/3882/3870
f 3883/3883/3871 3213/3213/2748 4979/4979/3872
f 3350/3350/2987 5130/5130/3758 4671/4671/3057
f 3281/3281/2867 4842/4842/3316 5197/5197/3873
f 5198/5198/3874 4735/4735/3167 3471/3471/3169
f 3884/3884/3875 3885/3885/3876 3886/3886/3877
f 4649/4649/3024 3887/3887/3878 3888/3888/3879
f 4467/4467/2717 3281/3281/2867 4558/4558/2882
f 3421/3421/3101 3392/3392/3056 4670/4670/3055
f 3889/3889/3880 5053/5053/3881 3890/3890/3882
f 5174/5174/3827 3891/3891/3883 3892/3892/3884
f 5201/5201/3885 3893/3893/3886 5019/5019/3597
f 3894/3894/3887 3501/3501/3213 4661/4661/3448
f 5203/5203/3888 5204/5204/3889 3895/3895/3890
f 3587/3587/3355 3716/3716/3566 3896/3896/3891
f 3897/3897/3892 3494/3494/3201 3898/3898/3893
f 5205/5205/3894 3899/3899/3895 3713/3713/3561
f 4903/4903/3418 3901/3901/3896 3902/3902/3897
f 3903/3903/3898 3904/3904/3899 3455/3455/3145
f 3631/3631/3429 4783/4783/3235 4547/4547/2865
f 3421/3421/3101 3420/3420/3100 3588/3588/3357
f 3640/3640/3444 3639/3639/3443 3905/3905/3900
f 5207/5207/3901 3906/3906/3902 3689/3689/3520
f 3907/3907/3903 5208/5208/3904 5209/5209/3905
f 3909/3909/3906 4848/4848/3907 5210/5210/3908
f 3910/3910/3909 5211/5211/3910 5212/5212/3911
f 3730/3730/3590 4616/4616/2977 3729/3729/3588
f 3911/3911/3912 3912/3912/3913 5215/5215/3914
f 3801/3801/3720 3394/3394/3059 3914/3914/3915
f 5052/5052/3651 3915/3915/3916 3916/3916/3917
f 5219/5219/3918 5220/5220/3919 3918/3918/3920
f 3919/3919/3921 4969/4969/3662 5198/5198/3874
f 3225/3225/2769 3224/3224/2768 4713/4713/3131
f 3548/3548/3295 4822/4822/3297 3920/3920/3922
f 3794/3794/3712 5187/5187/3858 3781/3781/3685
f 3285/3285/2875 4861/4861/3923 3921/3921/3924
f 3922/3922/3925 5221/5221/3926 5225/5225/3927
f 3922/3922/3925 5225/5225/3927 5227/5227/3928
f 5229/5229/3929 3923/3923/3930 3924/3924/3931
f 5230/5230/3932 3873/3873/3852 5232/5232/3933
f 3270/3270/2849 4538/4538/2848 3371/3371/3017
f 3051/3051/1305 2647/2647/1307 3503/3503/3934
f 3925/3925/3935 3926/3926/3936 3928/3928/3937
f 3293/3293/2890 5146/5146/3784 5086/5086/3695
f 5233/5233/3938 3930/3930/3939 3508/3508/3227
f 3831/3831/3779 3816/3816/3749 3931/3931/3940
f 5234/5234/3941 3282/3282/2869 4548/4548/2868
f 4768/4768/3942 3559/3559/3310 5029/5029/3628
f 5195/5195/3943 4495/4495/2753 3459/3459/3151
f 5237/5237/3944 3932/3932/3945 3915/3915/3916
f 3450/3450/3141 5238/5238/3946 4717/4717/3142
f 3512/3512/3231 4471/4471/2722 5239/5239/3947
f 5240/5240/3948 3280/3280/2866 3933/3933/3949
f 4902/4902/3417 4606/4606/2961 3934/3934/3950
f 4659/4659/3039 3935/3935/3951 5242/5242/3952
f 3201/3201/2729 4519/4519/2808 3247/3247/2807
f 3936/3936/3953 3609/3609/3394 5243/5243/3954
f 3937/3937/3955 5245/5245/3956 3938/3938/3957
f 3472/3472/3172 3474/3474/3174 5174/5174/3827
f 5071/5071/3680 3939/3939/3958 4647/4647/3021
f 3940/3940/3959 5246/5246/3960 3941/3941/3961
f 5100/5100/3962 5250/5250/3963 3942/3942/3964
f 3469/3469/3164 3359/3359/2999 3521/3521/3246
f 3792/3792/3708 5090/5090/3709 4868/4868/3711
f 5037/5037/3636 3596/3596/3373 3595/3595/3372
f 5252/5252/3965 5253/5253/3966 3945/3945/3967
f 3946/3946/3968 5081/5081/3686 3947/3947/3969
f 5194/5194/3970 5196/5196/3971 3217/3217/2760
f 3948/3948/3972 3949/3949/3973 3911/3911/3912
f 4873/4873/3359 5254/5254/3974 3736/3736/3601
f 5083/5083/3690 3783/3783/3689 4972/4972/3538
f 3417/3417/3096 4696/4696/3095 5255/5255/3975
f 3950/3950/3976 3951/3951/3977 3952/3952/3978
f 5256/5256/3979 3953/3953/3980 5204/5204/3889
f 3342/3342/2971 3341/3341/2970 4998/4998/3570
f 3954/3954/3981 5257/5257/3982 4849/4849/3983
f 4637/4637/3006 4965/4965/3984 3695/3695/3528
f 5260/5260/3985 3634/3634/3432 4586/4586/3986
f 3698/3698/3534 3955/3955/3987 5263/5263/3988
f 3496/3496/3205 4447/4447/3423 3497/3497/3206
f 3001/3001/1362 2855/2855/1364 3956/3956/3989
f 4999/4999/3571 3957/3957/3990 3958/3958/3991
f 5266/5266/3992 5267/5267/3993 3776/3776/3674
f 4726/4726/3157 3832/3832/3782 4508/4508/2784
f 4523/4523/2818 3959/3959/3994 4524/4524/2819
f 3214/3214/2752 4654/4654/3030 5183/5183/3995
f 3520/3520/3244 4692/4692/3088 3414/3414/3090
f 4443/4443/2686 3960/3960/3996 3961/3961/3997
f 4799/4799/3262 3962/3962/3998 5275/5275/3999
f 3963/3963/4000 5276/5276/4001 5260/5260/3985
f 3537/3537/3275 3175/3175/2689 3462/3462/3155
f 2958/2958/1377 3004/3004/4002 3367/3367/3013
f 3964/3964/4003 5279/5279/4004 3965/3965/4005
f 3966/3966/4006 3967/3967/4007 4834/4834/3311
f 3965/3965/4005 3968/3968/4008 3641/3641/3446
f 5121/5121/3746 3969/3969/4009 5122/5122/3747
f 5280/5280/4010 3970/3970/4011 3740/3740/3605
f 3250/3250/2810 4622/4622/4012 5282/5282/4013
f 5218/5218/4014 3971/3971/4015 5283/5283/4016
f 3972/3972/4017 3767/3767/3655 3766/3766/3654
f 4804/4804/4018 4807/4807/4019 3973/3973/4020
f 3358/3358/2998 3774/3774/3671 3454/3454/4021
f 4790/4790/3252 3974/3974/4022 3975/3975/4023
f 3185/3185/2700 3318/3318/2930 3695/3695/3528
f 3532/3532/3266 5287/5287/4024 3343/3343/2972
f 3903/3903/3898 3453/3453/3144 3774/3774/3671
f 5134/5134/3764 3976/3976/4025 3464/3464/3158
f 3977/3977/4026 5062/5062/3666 4570/4570/2910
f 4623/4623/2979 3287/3287/2879 3627/3627/3422
f 5077/5077/4027 5212/5212/3911 3227/3227/2771
f 5291/5291/4028 3979/3979/4029 5292/5292/4030
f 3623/3623/3419 4878/4878/3370 4827/4827/3306
f 3426/3426/3109 3980/3980/4031 3427/3427/3110
f 4616/4616/2977 3414/3414/3090 3236/3236/2789
f 4653/4653/3027 3375/3375/3026 3580/3580/3343
f 3981/3981/4032 5293/5293/4033 4989/4989/3554
f 4937/4937/4034 4939/4939/4035 3982/3982/4036
f 4528/4528/2826 4529/4529/2828 3983/3983/4037
f 3984/3984/4038 4528/4528/2826 3983/3983/4037
f 4903/4903/3418 3902/3902/3897 3623/3623/3419
f 3985/3985/4039 5294/5294/4040 3518/3518/3240
f 4951/4951/3497 5295/5295/4041 3986/3986/4042
f 3299/3299/2900 4712/4712/3125 4567/4567/2901
f 4681/4681/4043 4683/4683/3661 3930/3930/3939
f 3736/3736/3601 4715/4715/4044 3987/3987/4045
f 3876/3876/3861 3988/3988/4046 4894/4894/4047
f 3432/3432/3117 3688/3688/3519 4512/4512/2791
f 3808/3808/3735 5291/5291/4028 5296/5296/4048
f 3528/3528/3253 3691/3691/3523 4791/4791/3254
f 5292/5292/4030 3979/3979/4029 3989/3989/4049
f 3990/3990/4050 5004/5004/4051 3159/3159/2666
f 3788/3788/3703 4700/4700/3702 3991/3991/4052
f 3993/3993/4053 3995/3995/4054 3525/3525/3250
f 5217/5217/4055 3971/3971/4015 5218/5218/4014
f 3670/3670/3485 3669/3669/3484 5300/5300/4056
f 3996/3996/4057 4535/4535/2846 3326/3326/2942
f 3768/3768/3656 5302/5302/4058 3997/3997/4059
f 3754/3754/3629 3998/3998/4060 3662/3662/3476
f 3999/3999/4061 4655/4655/3033 4968/4968/4062
f 4548/4548/2868 3281/3281/2867 4466/4466/2716
f 5303/5303/4063 4000/4000/4064 5193/5193/3869
f 4001/4001/4065 5304/5304/4066 4002/4002/4067
f 3621/3621/3413 5306/5306/4068 4901/4901/3414
f 5085/5085/3694 5049/5049/3644 3529/3529/3255
f 2817/2817/1444 3125/3125/1445 5229/5229/3929
f 3515/3515/3234 4943/4943/3483 4832/4832/4069
f 4757/4757/3202 3495/3495/3204 5307/5307/4070
f 3901/3901/3896 3629/3629/3427 3902/3902/3897
f 4003/4003/4071 5308/5308/4072 4004/4004/4073
f 3011/3011/1451 2857/2857/1453 3843/3843/4074
f 3169/3169/2676 3166/3166/2673 4542/4542/4075
f 4005/4005/4076 4002/4002/4067 3618/3618/3409
f 4968/4968/4062 3919/3919/3921 5309/5309/4077
f 3376/3376/3028 4990/4990/3555 4989/4989/3554
f 4006/4006/4078 3263/3263/2836 3572/3572/3335
f 5310/5310/4079 4007/4007/4080 3577/3577/3340
f 3497/3497/3206 5290/5290/4081 4757/4757/3202
f 4008/4008/4082 5150/5150/4083 5149/5149/4084
f 5238/5238/3946 4011/4011/4085 4012/4012/4086
f 3675/3675/3493 4949/4949/3495 3685/3685/3513
f 4435/4435/2670 3165/3165/4087 4013/4013/4088
f 4762/4762/3214 5313/5313/4089 3964/3964/4003
f 5314/5314/4090 5315/5315/4091 4014/4014/4092
f 5316/5316/4093 3299/3299/2900 4607/4607/2962
f 4015/4015/4094 3282/3282/2869 5234/5234/3941
f 4016/4016/4095 4017/4017/4096 3967/3967/4007
f 4018/4018/4097 5317/5317/4098 4019/4019/4099
f 5318/5318/4100 5319/5319/4101 3711/3711/3559
f 4020/4020/4102 3966/3966/4006 4834/4834/3311
f 4792/4792/3256 3529/3529/3255 3760/3760/3643
f 4021/4021/4103 5321/5321/4104 5322/5322/4105
f 4022/4022/4106 5323/5323/4107 5324/5324/4108
f 4427/4427/2661 3728/3728/3587 5325/5325/4109
f 3212/3212/2747 3842/3842/3804 5087/5087/3698
f 4611/4611/4110 4610/4610/4111 3250/3250/2810
f 4023/4023/4112 5327/5327/4113 5298/5298/4114
f 5328/5328/4115 3776/3776/3674 4732/4732/3404
f 4666/4666/3050 3921/3921/3924 3885/3885/3876
f 5329/5329/4116 4600/4600/4117 3692/3692/3524
f 5330/5330/4118 4024/4024/4119 5331/5331/4120
f 4025/4025/4121 5288/5288/4122 5332/5332/4123
f 5166/5166/3817 3835/3835/3788 4026/4026/4124
f 3622/3622/3416 3548/3548/3295 4845/4845/3318
f 3716/3716/3566 4994/4994/3565 4027/4027/4125
f 3569/3569/3330 4983/4983/4126 3570/3570/3331
f 5123/5123/4127 4738/4738/3171 4028/4028/4128
f 3174/3174/2688 3682/3682/3506 3175/3175/2689
f 3647/3647/3457 4029/4029/4129 5333/5333/4130
f 4030/4030/4131 4031/4031/4132 5288/5288/4122
f 4032/4032/4133 4033/4033/4134 3828/3828/3775
f 3699/3699/3536 3765/3765/3652 4533/4533/2837
f 4034/4034/4135 4035/4035/4136 3786/3786/3697
f 4036/4036/4137 3912/3912/3913 4037/4037/4138
f 5140/5140/3776 3498/3498/3207 5307/5307/4070
f 5140/5140/3776 5307/5307/4070 4038/4038/4139
f 5334/5334/4140 3480/3480/3183 4039/4039/4141
f 4831/4831/4142 3853/3853/3812 4040/4040/4143
f 5203/5203/3888 3895/3895/3890 5336/5336/4144
f 5162/5162/3811 4041/4041/4143 3854/3854/3812
f 3185/3185/2700 4042/4042/4145 3598/3598/3375
f 5337/5337/4146 3522/3522/3247 4576/4576/2924
f 5338/5338/4147 4043/4043/4148 3283/3283/2871
f 3019/3019/1528 2931/2931/91 4493/4493/2750
f 4044/4044/4149 4045/4045/4150 5339/5339/4151
f 4427/4427/2661 4046/4046/4152 4047/4047/4153
f 4490/4490/4154 4492/4492/4155 4048/4048/4156
f 3462/3462/3155 4950/4950/3496 3676/3676/3498
f 4049/4049/4157 4051/4051/4158 5341/5341/4159
f 4049/4049/4157 5341/5341/4159 5342/5342/4160
f 5343/5343/4161 3410/3410/3085 4053/4053/4162
f 3210/3210/2742 5345/5345/4163 3968/3968/4008
f 5346/5346/4164 4054/4054/4165 3795/3795/3713
f 5347/5347/4166 3706/3706/3548 4676/4676/3067
f 3323/3323/2937 5348/5348/4167 5349/5349/4168
f 4860/4860/4169 5051/5051/3649 3763/3763/3648
f 3206/3206/2735 3273/3273/2853 3648/3648/3460
f 3343/3343/2972 5354/5354/4170 3610/3610/3395
f 3575/3575/3338 5302/5302/4058 4057/4057/4171
f 4058/4058/4172 4059/4059/4173 5355/5355/4174
f 4060/4060/4175 5357/5357/4176 3531/3531/3261
f 4679/4679/3071 4060/4060/4175 3531/3531/3261
f 5182/5182/3844 3510/3510/3229 3511/3511/3231
f 3334/3334/2958 3500/3500/3211 5361/5361/4177
f 3604/3604/3385 4888/4888/3384 4765/4765/3218
f 3618/3618/3409 5362/5362/4178 3697/3697/3533
f 5363/5363/4179 3900/3900/4180 4904/4904/3418
f 5364/5364/4181 4061/4061/4182 5344/5344/4183
f 4058/4058/4172 4462/4462/2709 4059/4059/4173
f 5274/5274/4184 5273/5273/4185 3351/3351/2989
f 4546/4546/2864 3631/3631/3429 4547/4547/2865
f 4062/4062/4186 4612/4612/2969 5365/5365/4187
f 2852/2852/1568 2646/2646/1570 4063/4063/4188
f 3520/3520/3244 4064/4064/4189 3809/3809/3737
f 3380/3380/3034 3982/3982/4036 4656/4656/3035
f 4065/4065/4190 5366/5366/4191 5367/5367/4192
f 3463/3463/3156 4532/4532/2835 5144/5144/3780
f 3278/3278/2862 5368/5368/4193 5369/5369/4194
f 4066/4066/4195 5007/5007/3577 4067/4067/4196
f 4068/4068/4197 4069/4069/4198 5370/5370/4199
f 4062/4062/4186 5371/5371/4200 3820/3820/3757
f 4612/4612/2969 3668/3668/3482 3341/3341/2970
f 4649/4649/3024 3888/3888/3879 5374/5374/4201
f 3445/3445/3136 3827/3827/3774 5375/5375/4202
f 5376/5376/4203 3812/3812/3742 4945/4945/3489
f 3297/3297/2895 3202/3202/2729 3590/3590/3364
f 3292/3292/2887 4432/4432/2668 3160/3160/2667
f 4070/4070/4204 4668/4668/3052 3258/3258/2827
f 3792/3792/3708 3540/3540/3279 5380/5380/4205
f 5381/5381/4206 4071/4071/4207 5383/5383/4208
f 3986/3986/4042 5384/5384/4209 4021/4021/4103
f 5037/5037/3636 3947/3947/3969 3596/3596/3373
f 4487/4487/4210 3945/3945/3967 4488/4488/4211
f 3224/3224/2768 5089/5089/3706 5380/5380/4205
f 4981/4981/4212 3883/3883/3871 4979/4979/3872
f 4766/4766/3219 4072/4072/4213 3420/3420/3100
f 3666/3666/3480 3652/3652/4214 3654/3654/3467
f 5010/5010/3754 5009/5009/4215 4073/4073/4216
f 4074/4074/4217 3726/3726/3584 5387/5387/4218
f 4015/4015/4094 5110/5110/3733 3282/3282/2869
f 4998/4998/3570 5390/5390/4219 3467/3467/3162
f 5392/5392/4220 4075/4075/4221 3757/3757/3634
f 4076/4076/4222 4077/4077/4223 4078/4078/4224
f 5393/5393/4225 3548/3548/3295 4079/4079/4226
f 4080/4080/4227 4081/4081/4228 3276/3276/2859
f 3594/3594/3369 5395/5395/4229 3825/3825/3770
f 4942/4942/4230 4072/4072/4213 4766/4766/3219
f 3688/3688/3519 4959/4959/3518 3237/3237/2792
f 4082/4082/4231 3515/3515/3234 4083/4083/4232
f 3222/3222/2766 4480/4480/2739 4085/4085/4233
f 4920/4920/3458 3647/3647/3457 4087/4087/4234
f 3698/3698/3534 5263/5263/3988 4746/4746/4235
f 3754/3754/3629 5397/5397/4236 3428/3428/3111
f 5376/5376/4203 5119/5119/3740 3812/3812/3742
f 5085/5085/3694 3529/3529/3255 3259/3259/2830
f 3279/3279/2863 3278/3278/2862 5369/5369/4194
f 3997/3997/4059 5302/5302/4058 3574/3574/3337
f 5398/5398/4237 3305/3305/2909 5097/5097/3724
f 3817/3817/3751 5125/5125/3750 4572/4572/2915
f 4088/4088/4238 5044/5044/4239 5046/5046/4240
f 3656/3656/3474 4089/4089/4241 3883/3883/3871
f 5386/5386/4242 3738/3738/3603 4090/4090/4243
f 4071/4071/4207 3808/3808/3735 5296/5296/4048
f 4647/4647/3021 3373/3373/3023 5401/5401/4244
f 4450/4450/4245 4091/4091/4246 5402/5402/4247
f 4092/4092/4248 5291/5291/4028 5403/5403/4249
f 5404/5404/4250 4093/4093/4251 3315/3315/2922
f 4094/4094/4252 4972/4972/3538 4971/4971/3537
f 4025/4025/4121 5332/5332/4123 5405/5405/4253
f 3812/3812/3742 3665/3665/3479 4945/4945/3489
f 3242/3242/2799 4095/4095/4254 4953/4953/3507
f 4096/4096/4255 4028/4028/4128 5179/5179/3839
f 3829/3829/3777 3831/3831/3779 5081/5081/3686
f 5406/5406/4256 5408/5408/4257 3992/3992/4258
f 4859/4859/3333 3637/3637/3438 3571/3571/3334
f 3968/3968/4008 4722/4722/4259 3641/3641/3446
f 5409/5409/4260 3916/3916/3917 5410/5410/4261
f 3875/3875/3855 3226/3226/2770 3228/3228/2772
f 3272/3272/2852 3563/3563/3321 4850/4850/3320
f 3841/3841/3802 3842/3842/3804 5367/5367/4192
f 4548/4548/2868 4466/4466/2716 3620/3620/3411
f 4097/4097/4262 3518/3518/3240 5411/5411/4263
f 3803/3803/3727 5117/5117/4264 3804/3804/3728
f 4098/4098/4265 4099/4099/4266 5412/5412/4267
f 3750/3750/3622 5413/5413/4268 5348/5348/4167
f 5311/5311/4269 4653/4653/3027 3580/3580/3343
f 3964/3964/4003 5414/5414/4270 4482/4482/2740
f 3427/3427/3110 5416/5416/4271 3782/3782/3688
f 4100/4100/4272 4101/4101/4273 4499/4499/2758
f 4102/4102/4274 4927/4927/3466 5417/5417/4275
f 5047/5047/3642 5418/5418/4276 3271/3271/2850
f 4827/4827/3306 4878/4878/3370 3556/3556/3307
f 5244/5244/4277 3408/3408/3083 4103/4103/4278
f 4105/4105/4279 3644/3644/3450 5164/5164/3815
f 4106/4106/4280 5218/5218/4014 3835/3835/3788
f 4107/4107/4281 3240/3240/2796 3374/3374/3025
f 3956/3956/3989 5419/5419/4282 4800/4800/3263
f 4108/4108/4283 4109/4109/4284 5039/5039/3638
f 4080/4080/4227 4896/4896/3399 4081/4081/4228
f 4870/4870/4285 5157/5157/4286 4110/4110/4287
f 3711/3711/3559 4048/4048/4156 5420/5420/4288
f 3196/3196/2718 4467/4467/2717 4038/4038/4139
f 5274/5274/4184 3351/3351/2989 5421/5421/4289
f 5211/5211/3910 5338/5338/4147 3283/3283/2871
f 5422/5422/4290 3477/3477/3180 3932/3932/3945
f 3611/3611/3396 4644/4644/3016 4862/4862/4291
f 3815/3815/3748 3816/3816/3749 3831/3831/3779
f 3549/3549/3296 3548/3548/3295 5393/5393/4225
f 3303/3303/2907 3302/3302/2906 5258/5258/4292
f 4816/4816/3288 3612/3612/3397 5423/5423/4293
f 3508/3508/3227 4568/4568/2902 4111/4111/4294
f 3186/3186/2701 3187/3187/2703 3305/3305/2909
f 4758/4758/3203 3760/3760/3643 4112/4112/4295
f 3650/3650/3464 3784/3784/3692 4113/4113/4296
f 5424/5424/4297 5425/5425/4298 4114/4114/4299
f 5426/5426/4300 4096/4096/4255 4797/4797/3258
f 3929/3929/4301 3927/3927/3936 4115/4115/4302
f 5333/5333/4130 3505/3505/3220 5427/5427/4303
f 4116/4116/4304 3471/3471/3169 4948/4948/3494
f 3827/3827/3774 4117/4117/4305 4118/4118/4306
f 4515/4515/4307 4119/4119/4308 5048/5048/4309
f 5430/5430/4310 5128/5128/3753 3819/3819/3755
f 5431/5431/4311 3857/3857/3821 3704/3704/3545
f 3487/3487/3192 5320/5320/4312 4062/4062/4186
f 5432/5432/4313 4120/4120/4314 5433/5433/4315
f 5434/5434/4316 3530/3530/3260 5435/5435/4317
f 4121/4121/4318 4108/4108/4283 5039/5039/3638
f 3947/3947/3969 5081/5081/3686 3596/3596/3373
f 5436/5436/4319 5437/5437/4320 4122/4122/4321
f 5438/5438/4322 4023/4023/4112 3785/3785/3693
f 4900/4900/3412 3257/3257/2825 3621/3621/3413
f 5295/5295/4041 4058/4058/4172 5384/5384/4209
f 3736/3736/3601 5254/5254/3974 3607/3607/3392
f 4124/4124/4323 4126/4126/4324 3502/3502/3216
f 3619/3619/3410 3618/3618/3409 3697/3697/3533
f 3886/3886/3877 3885/3885/3876 4127/4127/4325
f 4128/4128/4326 5203/5203/3888 5439/5439/4327
f 3365/3365/3008 5123/5123/4127 5426/5426/4300
f 5379/5379/4328 4129/4129/4329 4686/4686/3075
f 3522/3522/3247 4585/4585/4330 5311/5311/4269
f 3523/3523/3248 3522/3522/3247 5311/5311/4269
f 4952/4952/3500 3755/3755/3630 3677/3677/3501
f 4130/4130/4331 3687/3687/3517 4131/4131/4332
f 3592/3592/3367 5413/5413/4268 3593/3593/3368
f 5441/5441/4333 4523/4523/2818 3254/3254/2817
f 5127/5127/3752 3818/3818/3751 5121/5121/3746
f 3996/3996/4057 3326/3326/2942 4591/4591/2944
f 4132/4132/4334 4803/4803/4335 5442/5442/4336
f 4036/4036/4137 4133/4133/4337 3912/3912/3913
f 4673/4673/3062 4134/4134/4338 4135/4135/4339
f 4452/4452/3540 4810/4810/3274 3537/3537/3275
f 4092/4092/4248 5403/5403/4249 5443/5443/4340
f 3541/3541/3280 3540/3540/3279 4110/4110/4287
f 4737/4737/3170 4970/4970/3535 3253/3253/2814
f 5068/5068/3678 5444/5444/4341 3613/3613/3398
f 3009/3009/510 3025/3025/1724 3469/3469/3164
f 4586/4586/3986 4136/4136/4342 4587/4587/4343
f 3240/3240/2796 3887/3887/3878 4649/4649/3024
f 3242/3242/2799 4954/4954/3508 3241/3241/2797
f 5445/5445/4344 3877/3877/3862 4743/4743/3177
f 3315/3315/2922 4137/4137/4345 4138/4138/4346
f 3862/3862/3828 4438/4438/2679 5446/5446/4347
f 4890/4890/3388 5445/5445/4344 4139/4139/4348
f 5206/5206/4349 3682/3682/3506 3174/3174/2688
f 3759/3759/3641 5418/5418/4276 5047/5047/3642
f 4922/4922/4350 3284/3284/2872 4923/4923/4351
f 5448/5448/4352 5095/5095/3721 3514/3514/3233
f 5401/5401/4244 3336/3336/2963 4140/4140/4353
f 4117/4117/4305 5401/5401/4244 4140/4140/4353
f 4448/4448/2800 3258/3258/2827 5449/5449/4354
f 3921/3921/3924 4861/4861/3923 3790/3790/3705
f 3027/3027/1738 3133/3133/1739 4858/4858/3332
f 4664/4664/4355 3679/3679/3503 3678/3678/3502
f 4141/4141/4356 4072/4072/4213 5453/5453/4357
f 4143/4143/4358 4537/4537/2847 3270/3270/2849
f 5454/5454/4359 4912/4912/3441 4120/4120/4314
f 3379/3379/3032 5455/5455/4360 4969/4969/3662
f 4144/4144/4361 5456/5456/4362 5147/5147/3789
f 4587/4587/4343 4136/4136/4342 5040/5040/3639
f 5120/5120/3743 3204/3204/2733 3517/3517/3237
f 5457/5457/4363 3875/3875/3855 4145/4145/4364
f 5458/5458/4365 3380/3380/3034 3764/3764/3650
f 5460/5460/4366 4146/4146/4367 4924/4924/4368
f 4147/4147/4369 4148/4148/4370 4149/4149/4371
f 5462/5462/4372 4108/4108/4283 3826/3826/3772
f 3761/3761/3645 5464/5464/4373 4112/4112/4295
f 4152/4152/4374 4602/4602/4375 4600/4600/4117
f 4146/4146/4367 4922/4922/4350 4924/4924/4368
f 3857/3857/3821 3371/3371/3017 3704/3704/3545
f 4153/4153/4376 4154/4154/4377 4013/4013/4088
f 3491/3491/4378 5465/5465/4379 3605/3605/3386
f 4155/4155/4380 4809/4809/3273 4627/4627/2985
f 3359/3359/2999 3360/3360/3001 3521/3521/3246
f 4156/4156/4381 3768/3768/3656 3997/3997/4059
f 3842/3842/3804 5159/5159/3803 3533/3533/3268
f 4104/4104/4382 4157/4157/4383 5037/5037/3636
f 1713/1713/1769 4158/4158/4384 4760/4760/3210
f 3646/3646/3456 4919/4919/3455 5030/5030/4385
f 5469/5469/4386 5470/5470/4387 4159/4159/4388
f 4160/4160/4389 4161/4161/4390 4109/4109/4284
f 4162/4162/4391 4163/4163/4392 3767/3767/3655
f 3209/3209/2742 4483/4483/2741 5344/5344/4183
f 5471/5471/4393 5050/5050/3647 3762/3762/3646
f 3638/3638/3440 4987/4987/3552 3692/3692/3524
f 4164/4164/4394 5472/5472/4395 5473/5473/4396
f 3460/3460/3152 3898/3898/3893 5474/5474/4397
f 5479/5479/4398 4130/4130/4331 4165/4165/4399
f 4861/4861/3923 4860/4860/4169 3790/3790/3705
f 5480/5480/4400 4166/4166/4401 4156/4156/4381
f 3595/3595/3372 3597/3597/3374 5111/5111/3736
f 4167/4167/4402 3993/3993/4053 3525/3525/3250
f 3340/3340/2968 3260/3260/2831 4169/4169/4403
f 4802/4802/4404 4490/4490/4154 4048/4048/4156
f 5481/5481/4405 5131/5131/3759 4170/4170/4406
f 5482/5482/4407 4084/4084/4233 5483/5483/4408
f 3304/3304/2908 5466/5466/4409 5467/5467/4410
f 5487/5487/4411 3585/3585/3352 5432/5432/4313
f 5316/5316/4093 4712/4712/3125 3299/3299/2900
f 5404/5404/4250 3315/3315/2922 5488/5488/4412
f 5123/5123/4127 4028/4028/4128 5426/5426/4300
f 4054/4054/4165 3640/3640/3444 3795/3795/3713
f 3830/3830/3778 4946/4946/3492 3815/3815/3748
f 4061/4061/4182 5489/5489/4413 4454/4454/2691
f 4484/4484/2743 4485/4485/2745 4113/4113/4296
f 4171/4171/4414 3585/3585/3352 4173/4173/4415
f 4145/4145/4364 5141/5141/3857 5490/5490/4416
f 4752/4752/3190 3487/3487/3192 5129/5129/3756
f 4175/4175/4417 4687/4687/3079 3218/3218/2761
f 3584/3584/3351 3541/3541/3280 4928/4928/3468
f 5491/5491/4418 4685/4685/4419 3742/3742/3609
f 4963/4963/3525 5433/5433/4315 4120/4120/4314
f 3324/3324/2938 4176/4176/4420 4177/4177/4421
f 4430/4430/2664 4178/4178/4422 5494/5494/4423
f 3968/3968/4008 4497/4497/2754 4722/4722/4259
f 4089/4089/4241 4486/4486/2746 3213/3213/2748
f 5082/5082/3687 5081/5081/3686 3831/3831/3779
f 3599/3599/3377 4929/4929/4424 5366/5366/4191
f 4686/4686/3075 3403/3403/3074 4179/4179/4425
f 3559/3559/3310 4768/4768/3942 4180/4180/4426
f 3699/3699/3536 4533/4533/2837 5495/5495/4427
f 5427/5427/4303 3507/3507/3222 4181/4181/4428
f 3626/3626/3421 3627/3627/3422 5496/5496/4429
f 2659/2659/1816 4183/4183/4430 3128/3128/4431
f 4124/4124/4323 3179/3179/2694 3181/3181/2696
f 3953/3953/3980 3769/3769/3659 3895/3895/3890
f 3562/3562/3319 4771/4771/3224 4770/4770/3223
f 4814/4814/3284 3300/3300/2904 4569/4569/2903
f 4185/4185/4432 3561/3561/3314 4186/4186/4433
f 3591/3591/3366 4755/4755/3198 4188/4188/4434
f 3674/3674/3491 4825/4825/3305 4565/4565/2897
f 4189/4189/4435 4524/4524/2819 3433/3433/3119
f 3248/3248/3225 4152/4152/4374 3203/3203/2730
f 3235/3235/2787 5322/5322/4105 5497/5497/4436
f 4190/4190/4437 4191/4191/4438 4192/4192/4439
f 3590/3590/3364 3709/3709/3551 4876/4876/3363
f 3458/3458/3148 5498/5498/4440 4003/4003/4071
f 3976/3976/4025 4193/4193/4441 5170/5170/4442
f 5249/5249/4443 3526/3526/3251 4914/4914/3442
f 3606/3606/3389 4139/4139/4348 4042/4042/4145
f 3531/3531/3261 4194/4194/4444 4679/4679/3071
f 5499/5499/4445 4195/4195/4446 5500/5500/4447
f 4140/4140/4353 4567/4567/2901 4196/4196/4448
f 3642/3642/3447 4197/4197/4449 4662/4662/4450
f 4664/4664/4355 3389/3389/4451 4198/4198/4452
f 3409/3409/3084 4577/4577/2926 3316/3316/2925
f 5501/5501/4453 4199/4199/4454 5502/5502/4455
f 3880/3880/3866 5394/5394/4456 3881/3881/3867
f 4553/4553/2873 3960/3960/3996 4554/4554/2874
f 4200/4200/4457 3223/3223/2767 3225/3225/2769
f 5505/5505/4458 4678/4678/3069 4148/4148/4370
f 5505/5505/4458 4148/4148/4370 4147/4147/4369
f 3744/3744/3614 3725/3725/3582 4486/4486/2746
f 5020/5020/3607 4455/4455/2692 3740/3740/3605
f 4820/4820/4459 4201/4201/4460 5103/5103/3729
f 5387/5387/4218 4202/4202/4461 4203/4203/4462
f 4204/4204/4463 5338/5338/4147 5211/5211/3910
f 3258/3258/2827 4448/4448/2800 4529/4529/2828
f 5422/5422/4290 3723/3723/3579 4205/4205/4464
f 3257/3257/2825 4527/4527/2824 4730/4730/3701
f 5387/5387/4218 3328/3328/2950 4202/4202/4461
f 3493/3493/3200 5402/5402/4247 3381/3381/3038
f 5507/5507/4465 5136/5136/3767 3578/3578/3341
f 4970/4970/3535 4521/4521/2815 3253/3253/2814
f 3505/3505/3220 3507/3507/3222 5427/5427/4303
f 3192/3192/2712 3324/3324/2938 4039/4039/4141
f 4206/4206/4466 3587/3587/3355 3896/3896/3891
f 4199/4199/4454 5508/5508/4467 5509/5509/4468
f 3204/3204/2733 5108/5108/3864 5107/5107/4469
f 4916/4916/3451 3644/3644/3450 4105/4105/4279
f 4072/4072/4213 4207/4207/4470 3767/3767/3655
f 5121/5121/3746 3818/3818/3751 3969/3969/4009
f 4835/4835/3313 4208/4208/4471 5288/5288/4122
f 3321/3321/2933 3320/3320/2932 3826/3826/3772
f 3837/3837/3793 5240/5240/3948 4878/4878/3370
f 3797/3797/3715 3804/3804/3728 3798/3798/3716
f 4153/4153/4376 4766/4766/3219 4154/4154/4377
f 3342/3342/2971 4998/4998/3570 3466/3466/3161
f 5137/5137/3769 3241/3241/2797 4209/4209/4472
f 4674/4674/3065 5510/5510/4473 4170/4170/4406
f 4168/4168/4474 3884/3884/3875 3617/3617/3407
f 3489/3489/3194 5055/5055/3653 5465/5465/4379
f 4210/4210/4475 4514/4514/4476 5511/5511/4477
f 4165/4165/4399 4131/4131/4332 5512/5512/4478
f 4211/4211/4479 3893/3893/3886 4212/4212/4480
f 3191/3191/2711 5513/5513/4481 3324/3324/2938
f 3886/3886/3877 4127/4127/4325 5514/5514/4482
f 4452/4452/3540 4451/4451/2840 3265/3265/2839
f 2727/2727/1872 3031/3031/1873 4104/4104/4382
f 3271/3271/2850 3272/3272/2852 4850/4850/3320
f 5515/5515/4483 4213/4213/4484 4491/4491/4485
f 3568/3568/3328 4175/4175/4417 3218/3218/2761
f 4918/4918/3454 3427/3427/3110 4919/4919/3455
f 4498/4498/2755 3216/3216/2757 3923/3923/3930
f 3782/3782/3688 5416/5416/4271 3783/3783/3689
f 5075/5075/4486 4209/4209/4472 3241/3241/2797
f 4085/4085/4233 4480/4480/2739 4215/4215/4487
f 3634/3634/3432 4906/4906/3431 4136/4136/4342
f 3053/3053/4488 3616/3616/3406 2767/2767/1880
f 3827/3827/3774 4118/4118/4306 5375/5375/4202
f 3788/3788/3703 3991/3991/4052 5199/5199/4489
f 3687/3687/3517 3675/3675/3493 3685/3685/3513
f 5025/5025/4490 3976/3976/4025 5170/5170/4442
f 3279/3279/2863 5369/5369/4194 4216/4216/4491
f 3296/3296/2894 3202/3202/2729 3297/3297/2895
f 4573/4573/2916 3984/3984/4038 5161/5161/4492
f 3197/3197/2721 5516/5516/4493 4727/4727/3159
f 5031/5031/3631 4217/4217/4494 3447/3447/3138
f 3956/3956/3989 5517/5517/4495 5518/5518/4496
f 3830/3830/3778 3815/3815/3748 3831/3831/3779
f 3745/3745/3616 3746/3746/3618 4218/4218/4497
f 4791/4791/3254 3691/3691/3523 4474/4474/2725
f 3433/3433/3119 4874/4874/3360 3589/3589/3362
f 4650/4650/3762 3822/3822/3761 5059/5059/4498
f 5069/5069/3696 5440/5440/4499 4219/4219/4500
f 4074/4074/4217 5315/5315/4091 5314/5314/4090
f 3940/3940/3959 3941/3941/3961 4099/4099/4266
f 4545/4545/2861 3572/3572/3335 5521/5521/4501
f 4585/4585/4330 4587/4587/4343 3446/3446/3137
f 4116/4116/4304 4948/4948/3494 3686/3686/3516
f 3195/3195/2714 4222/4222/4502 4583/4583/2934
f 3474/3474/3174 3891/3891/3883 5174/5174/3827
f 3346/3346/2980 3348/3348/2982 4551/4551/3658
f 4223/4223/4503 5522/5522/4504 4071/4071/4207
f 4829/4829/4505 3330/3330/2953 5238/5238/3946
f 3465/3465/3160 4159/4159/4388 5524/5524/4506
f 4225/4225/4507 5525/5525/4508 5526/5526/4509
f 3641/3641/3446 4710/4710/3122 3642/3642/3447
f 3224/3224/2768 5380/5380/4205 3441/3441/3130
f 4687/4687/3079 3361/3361/3002 3219/3219/2762
f 3568/3568/3328 4708/4708/3120 4175/4175/4417
f 5087/5087/3698 3533/3533/3268 4801/4801/3267
f 5410/5410/4261 3916/3916/3917 5155/5155/3798
f 5008/5008/4510 3729/3729/3588 5009/5009/4215
f 3761/3761/3645 4112/4112/4295 3760/3760/3643
f 3843/3843/4074 4789/4789/3245 3809/3809/3737
f 3972/3972/4017 4072/4072/4213 3767/3767/3655
f 3898/3898/3893 4226/4226/4511 3863/3863/3832
f 4627/4627/2985 4227/4227/4512 4626/4626/2983
f 3446/3446/3137 3445/3445/3136 5375/5375/4202
f 4455/4455/2692 4985/4985/4513 3740/3740/3605
f 4820/4820/4459 4821/4821/4514 4018/4018/4097
f 3865/3865/3834 5252/5252/3965 4228/4228/4515
f 5200/5200/4516 3810/3810/3738 5529/5529/4517
f 4072/4072/4213 3972/3972/4017 3420/3420/3100
f 5127/5127/3752 5121/5121/3746 3814/3814/3745
f 3349/3349/2984 3440/3440/3129 5530/5530/4518
f 4627/4627/2985 3349/3349/2984 5530/5530/4518
f 3720/3720/3574 3705/3705/3547 5531/5531/4519
f 3581/3581/3346 4823/4823/3301 4866/4866/3347
f 5426/5426/4300 4638/4638/3009 3365/3365/3008
f 4563/4563/2892 5166/5166/3817 3856/3856/3819
f 4229/4229/4520 3220/3220/2764 5536/5536/4521
f 3550/3550/3298 3764/3764/3650 5017/5017/3594
f 3538/3538/3277 4029/4029/4129 3647/3647/3457
f 3994/3994/4054 3992/3992/4258 3639/3639/3443
f 5353/5353/4522 3828/3828/3775 5140/5140/3776
f 4535/4535/2846 5428/5428/4523 3326/3326/2942
f 3946/3946/3968 3829/3829/3777 5081/5081/3686
f 3927/3927/3936 4230/4230/4524 4828/4828/4525
f 5304/5304/4066 5538/5538/4526 4179/4179/4425
f 3221/3221/2765 5539/5539/4527 5540/5540/4528
f 4435/4435/2670 4013/4013/4088 4185/4185/4432
f 4232/4232/4529 5542/5542/4530 4645/4645/3019
f 4115/4115/4302 3927/3927/3936 4828/4828/4525
f 2923/2923/4531 2825/2825/1924 5406/5406/4256
f 4234/4234/4532 4235/4235/4533 4236/4236/4534
f 4204/4204/4463 5211/5211/3910 3910/3910/3909
f 4016/4016/4095 4132/4132/4334 5442/5442/4336
f 5317/5317/4098 4237/4237/4535 5256/5256/3979
f 3306/3306/2911 5063/5063/3667 3188/3188/2704
f 4097/4097/4262 4663/4663/3679 4785/4785/3238
f 4781/4781/3358 5546/5546/4536 3372/3372/3018
f 5358/5358/4537 5053/5053/3881 3889/3889/3880
f 5345/5345/4163 4497/4497/2754 3968/3968/4008
f 4222/4222/4502 5260/5260/3985 5337/5337/4146
f 3695/3695/3528 3318/3318/2930 3693/3693/3526
f 3357/3357/2997 3890/3890/3882 5547/5547/4538
f 4786/4786/3239 4662/4662/4450 4197/4197/4449
f 3404/3404/3076 5534/5534/4539 5533/5533/4540
f 4848/4848/3907 4239/4239/4541 5396/5396/4542
f 3277/3277/2860 5213/5213/4543 5214/5214/4544
f 3649/3649/3461 4021/4021/4103 3234/3234/2786
f 3860/3860/3825 3451/3451/3143 5068/5068/3678
f 2923/2923/4531 5406/5406/4256 2742/2742/4545
f 3451/3451/3143 5444/5444/4341 5068/5068/3678
f 5263/5263/3988 4229/4229/4520 5548/5548/4546
f 3519/3519/3241 4729/4729/4547 4240/4240/4548
f 4627/4627/2985 5530/5530/4518 4155/4155/4380
f 2726/2726/1943 3044/3044/1945 5247/5247/4549
f 3259/3259/2830 3529/3529/3255 4793/4793/3257
f 4032/4032/4133 5467/5467/4410 4033/4033/4134
f 4241/4241/4550 4069/4069/4198 4242/4242/4551
f 4975/4975/4552 3719/3719/3569 4984/4984/4553
f 3324/3324/2938 5504/5504/4554 4039/4039/4141
f 5550/5550/4555 5551/5551/4556 3286/3286/2876
f 2771/2771/1953 3045/3045/1954 3961/3961/3997
f 5357/5357/4176 3962/3962/3998 4799/4799/3262
f 5334/5334/4140 3970/3970/4011 5280/5280/4010
f 3972/3972/4017 3588/3588/3357 3420/3420/3100
f 3413/3413/3089 4243/4243/4557 4244/4244/4558
f 5275/5275/3999 3226/3226/2770 4022/4022/4106
f 4513/4513/2795 4245/4245/4559 3240/3240/2796
f 4145/4145/4364 3875/3875/3855 5141/5141/3857
f 3609/3609/3394 3936/3936/3953 3607/3607/3392
f 3277/3277/2860 4872/4872/3356 5213/5213/4543
f 5552/5552/4560 3689/3689/3520 3688/3688/3519
f 4246/4246/4561 5553/5553/4562 3935/3935/3951
f 4957/4957/3514 3685/3685/3513 3656/3656/3474
f 4769/4769/3499 3668/3668/3482 4062/4062/4186
f 5510/5510/4473 5554/5554/4563 4247/4247/4564
f 5466/5466/4409 3775/3775/3673 5065/5065/3672
f 3553/3553/3302 5470/5470/4387 5555/5555/4565
f 3251/3251/2811 5556/5556/4566 5473/5473/4396
f 4249/4249/4567 4940/4940/4568 4153/4153/4376
f 5305/5305/4569 3270/3270/2849 4250/4250/4570
f 4251/4251/4571 5557/5557/4572 4252/4252/4573
f 5559/5559/4574 4254/4254/4575 5544/5544/4576
f 3670/3670/3485 3851/3851/3810 4831/4831/4142
f 4257/4257/4577 4213/4213/4484 3366/3366/3012
f 4804/4804/4018 3973/3973/4020 5560/5560/4578
f 5561/5561/4579 4258/4258/4580 3906/3906/3902
f 5519/5519/4581 4260/4260/4582 4892/4892/3391
f 5334/5334/4140 4261/4261/4583 3970/3970/4011
f 4235/4235/4533 4262/4262/4584 4263/4263/4585
f 4778/4778/4586 5404/5404/4250 3438/3438/3127
f 5111/5111/3736 3597/3597/3374 4264/4264/4587
f 4159/4159/4388 5274/5274/4184 5421/5421/4289
f 4265/4265/4588 3881/3881/3867 4019/4019/4099
f 4500/4500/2759 5194/5194/3970 3217/3217/2760
f 5501/5501/4453 5502/5502/4455 4165/4165/4399
f 3604/3604/3385 4765/4765/3218 3833/3833/3785
f 4266/4266/4589 5132/5132/3760 4019/4019/4099
f 5567/5567/4590 4828/4828/4525 3878/3878/3862
f 4052/4052/4158 5568/5568/4591 3738/3738/3603
f 3789/3789/3704 4241/4241/4550 5569/5569/4592
f 4598/4598/2949 3974/3974/4022 5571/5571/4593
f 5572/5572/4594 3624/3624/3420 4826/4826/3306
f 3542/3542/3283 4813/4813/3282 4644/4644/3016
f 4003/4003/4071 4267/4267/4595 5308/5308/4072
f 3384/3384/3042 3386/3386/3044 4268/4268/4596
f 3855/3855/3813 5317/5317/4098 5163/5163/3814
f 2661/2661/1995 4233/4233/4597 2821/2821/1996
f 3412/3412/3087 4187/4187/4598 4461/4461/2707
f 3231/3231/2780 4506/4506/2779 5575/5575/4599
f 3785/3785/3693 4023/4023/4112 5049/5049/3644
f 3953/3953/3980 5056/5056/3657 3769/3769/3659
f 5423/5423/4293 4228/4228/4515 4269/4269/4600
f 3389/3389/4451 5578/5578/4601 4198/4198/4452
f 3754/3754/3629 3428/3428/3111 3998/3998/4060
f 5579/5579/4602 3417/3417/3096 5255/5255/3975
f 4269/4269/4600 5252/5252/3965 5580/5580/4603
f 5215/5215/3914 3948/3948/3972 3911/3911/3912
f 3622/3622/3416 4079/4079/4226 3548/3548/3295
f 3636/3636/3436 3635/3635/3435 4270/4270/4604
f 3766/3766/3654 5557/5557/4572 4251/4251/4571
f 3976/3976/4025 4272/4272/4605 4193/4193/4441
f 3395/3395/3060 4936/4936/3473 5582/5582/4606
f 5220/5220/3919 4273/4273/4607 3918/3918/3920
f 5060/5060/3663 5061/5061/3665 4275/4275/4608
f 3782/3782/3688 5083/5083/3690 4919/4919/3455
f 5583/5583/4609 4276/4276/4610 5215/5215/3914
f 4818/4818/3291 4272/4272/4605 5134/5134/3764
f 3334/3334/2958 4761/4761/3212 3500/3500/3211
f 5461/5461/4611 5180/5180/3843 3913/3913/3915
f 4885/4885/3380 5032/5032/3632 3756/3756/3634
f 4016/4016/4095 5442/5442/4336 4017/4017/4096
f 5283/5283/4016 3971/3971/4015 4277/4277/4612
f 5587/5587/4613 3339/3339/2967 4133/4133/4337
f 3953/3953/3980 5256/5256/3979 4237/4237/4535
f 5536/5536/4521 3220/3220/2764 4085/4085/4233
f 3848/3848/3807 4278/4278/4614 5364/5364/4181
f 3600/3600/3378 3238/3238/2793 3237/3237/2792
f 3531/3531/3261 5357/5357/4176 4799/4799/3262
f 4030/4030/4131 5288/5288/4122 5589/5589/4615
f 4730/4730/3701 4729/4729/4547 3337/3337/2965
f 3344/3344/2974 4908/4908/3433 4961/4961/3522
f 4035/4035/4136 5087/5087/3698 3786/3786/3697
f 3047/3047/2016 2869/2869/494 4720/4720/3150
f 5590/5590/4616 4006/4006/4078 3905/3905/3900
f 5476/5476/4617 3731/3731/3592 4577/4577/2926
f 3459/3459/3151 3898/3898/3893 3460/3460/3152
f 5157/5157/4286 5184/5184/3847 4110/4110/4287
f 5591/5591/4618 3291/3291/2885 5098/5098/3725
f 4607/4607/2962 4566/4566/2899 3336/3336/2963
f 4638/4638/3009 4279/4279/4619 3364/3364/3007
f 5438/5438/4322 5327/5327/4113 4023/4023/4112
f 3863/3863/3832 3865/3865/3834 4228/4228/4515
f 5198/5198/3874 3471/3471/3169 5593/5593/4620
f 4595/4595/3791 4063/4063/4188 4281/4281/4621
f 4282/4282/4622 4276/4276/4610 5583/5583/4609
f 5143/5143/4623 5142/5142/3856 3948/3948/3972
f 4707/4707/3118 3432/3432/3117 4512/4512/2791
f 4283/4283/4624 5502/5502/4455 4199/4199/4454
f 3905/3905/3900 4006/4006/4078 5594/5594/4625
f 4737/4737/3170 5124/5124/4626 4284/4284/4627
f 3399/3399/3068 3482/3482/3185 4677/4677/3069
f 3183/3183/2698 3598/3598/3375 3599/3599/3377
f 4779/4779/4628 3989/3989/4049 3194/3194/2713
f 3920/3920/3922 4285/4285/4629 4551/4551/3658
f 5514/5514/4482 5569/5569/4592 4286/4286/4630
f 4287/4287/4631 3730/3730/3590 5012/5012/3589
f 5596/5596/4632 4261/4261/4583 5416/5416/4271
f 3252/3252/2813 3504/3504/3719 4544/4544/2857
f 4714/4714/3134 4014/4014/4092 3345/3345/2978
f 3283/3283/2871 4552/4552/2870 5211/5211/3910
f 3861/3861/3828 3892/3892/3884 4436/4436/3585
f 5185/5185/3851 3289/3289/2883 5591/5591/4618
f 3316/3316/2925 5499/5499/4445 5154/5154/3797
f 4784/4784/4633 3388/3388/3047 4660/4660/3046
f 4564/4564/2896 3674/3674/3491 4565/4565/2897
f 5005/5005/4634 4267/4267/4595 5498/5498/4440
f 5597/5597/4635 4288/4288/4636 3997/3997/4059
f 2749/2749/2038 4837/4837/4637 3049/3049/2039
f 3640/3640/3444 3905/3905/3900 3795/3795/3713
f 5344/5344/4183 4061/4061/4182 4496/4496/2754
f 4486/4486/2746 5367/5367/4192 3212/3212/2747
f 4289/4289/4638 4156/4156/4381 4288/4288/4636
f 2751/2751/2042 3252/3252/2813 3023/3023/2043
f 3826/3826/3772 3405/3405/3077 3321/3321/2933
f 3962/3962/3998 5357/5357/4176 5078/5078/4639
f 5474/5474/4397 3898/3898/3893 3863/3863/3832
f 4588/4588/2940 5598/5598/4640 4290/4290/4641
f 5063/5063/3667 3955/3955/3987 3698/3698/3534
f 3792/3792/3708 4870/4870/4285 3540/3540/3279
f 3451/3451/3143 4717/4717/3142 5444/5444/4341
f 5336/5336/4144 4024/4024/4119 5330/5330/4118
f 5315/5315/4091 4203/4203/4462 5599/5599/4642
f 5240/5240/3948 4546/4546/2864 3280/3280/2866
f 4291/4291/4643 4673/4673/3062 4135/4135/4339
f 4057/4057/4171 3485/3485/3189 4875/4875/3361
f 5525/5525/4508 3516/3516/3236 3327/3327/2946
f 3578/3578/3341 4020/4020/4102 4292/4292/4644
f 3406/3406/3078 4121/4121/4318 5039/5039/3638
f 5105/5105/3731 5528/5528/4645 3347/3347/2980
f 4293/4293/4646 4053/4053/4162 3220/3220/2764
f 4771/4771/3224 3817/3817/3751 3310/3310/2914
f 3263/3263/2836 3463/3463/3156 3572/3572/3335
f 3989/3989/4049 4564/4564/2896 3298/3298/2898
f 5429/5429/4647 3269/3269/2845 4294/4294/4648
f 4486/4486/2746 4065/4065/4190 5367/5367/4192
f 4295/4295/4649 5600/5600/4650 5338/5338/4147
f 3468/3468/3163 3467/3467/3162 4296/4296/4651
f 4633/4633/2992 3733/3733/3598 4634/4634/2993
f 3207/3207/2737 5154/5154/3797 5602/5602/4652
f 4797/4797/3258 4096/4096/4255 4798/4798/3259
f 3816/3816/3749 5363/5363/4179 3931/3931/3940
f 3465/3465/3160 5498/5498/4440 3458/3458/3148
f 4297/4297/4653 5605/5605/4654 5532/5532/4655
f 3797/3797/3715 3619/3619/3410 5592/5592/4656
f 3415/3415/3092 3894/3894/3887 4661/4661/3448
f 4430/4430/2664 4489/4489/4657 4178/4178/4422
f 4242/4242/4551 4298/4298/4658 4027/4027/4125
f 4955/4955/3509 3741/3741/3606 5606/5606/4659
f 4155/4155/4380 4667/4667/3051 5607/5607/4660
f 3679/3679/3503 4664/4664/4355 4198/4198/4452
f 3626/3626/3421 3345/3345/2978 4623/4623/2979
f 5321/5321/4104 4299/4299/4661 5608/5608/4662
f 3439/3439/3128 3438/3438/3127 5404/5404/4250
f 4212/4212/4480 5609/5609/4663 4211/4211/4479
f 3980/3980/4031 5596/5596/4632 5416/5416/4271
f 4940/4940/4568 4942/4942/4230 4153/4153/4376
f 3662/3662/3476 5553/5553/4562 3663/3663/3477
f 5535/5535/4664 5193/5193/3869 3882/3882/3870
f 4534/4534/2842 3460/3460/3152 3267/3267/2843
f 3692/3692/3524 4987/4987/3552 5329/5329/4116
f 5593/5593/4620 3471/3471/3169 4116/4116/4304
f 4076/4076/4222 3958/3958/3991 4077/4077/4223
f 5610/5610/4665 3500/3500/3211 4760/4760/3210
f 4835/4835/3313 3560/3560/3312 4208/4208/4471
f 5590/5590/4616 5611/5611/4666 4006/4006/4078
f 5612/5612/4667 4300/4300/4668 4239/4239/4541
f 5377/5377/4669 4301/4301/4670 5117/5117/4264
f 4302/4302/4671 5615/5615/4672 3303/3303/2907
f 3612/3612/3397 5474/5474/4397 4228/4228/4515
f 3649/3649/3461 3986/3986/4042 4021/4021/4103
f 5432/5432/4313 3363/3363/3005 4120/4120/4314
f 5129/5129/3756 3487/3487/3192 3820/3820/3757
f 4441/4441/2683 5565/5565/4673 3907/3907/3903
f 5111/5111/3736 4264/4264/4587 3673/3673/3490
f 4303/4303/4674 4858/4858/3332 4946/4946/3492
f 3392/3392/3056 4252/4252/4573 4669/4669/3054
f 4807/4807/4019 4805/4805/4675 4248/4248/4567
f 4798/4798/3259 5179/5179/3839 3867/3867/3838
f 5541/5541/4676 3714/3714/3563 3602/3602/3382
f 3459/3459/3151 3897/3897/3892 3898/3898/3893
f 2877/2877/2082 2701/2701/2083 4610/4610/4111
f 4568/4568/2902 3930/3930/3939 4683/4683/3661
f 3728/3728/3587 4427/4427/2661 4428/4428/2663
f 4304/4304/4677 4626/4626/2983 5617/5617/4678
f 3806/3806/3730 5527/5527/4679 5105/5105/3731
f 4012/4012/4086 5328/5328/4115 4732/4732/3404
f 4305/4305/4680 5535/5535/4664 3538/3538/3277
f 3612/3612/3397 4228/4228/4515 5423/5423/4293
f 3887/3887/3878 4245/4245/4559 3824/3824/3768
f 3328/3328/2950 4306/4306/4681 4202/4202/4461
f 4307/4307/4682 4802/4802/4404 5319/5319/4101
f 4715/4715/4044 3736/3736/3601 4716/4716/4683
f 4290/4290/4641 5243/5243/3954 4589/4589/2941
f 4308/4308/4684 5620/5620/4685 3906/3906/3902
f 4309/4309/4686 4695/4695/3094 3417/3417/3096
f 4244/4244/4558 5441/5441/4333 3236/3236/2789
f 2835/2835/2094 2697/2697/2096 4930/4930/4687
f 5546/5546/4536 5622/5622/4688 3372/3372/3018
f 4949/4949/3495 5024/5024/3615 3685/3685/3513
f 4598/4598/2949 5571/5571/4593 3328/3328/2950
f 4489/4489/4657 4430/4430/2664 3159/3159/2666
f 3627/3627/3422 3197/3197/2721 4310/4310/4689
f 5316/5316/4093 3437/3437/3126 4712/4712/3125
f 4779/4779/4628 5292/5292/4030 3989/3989/4049
f 4251/4251/4571 3588/3588/3357 3766/3766/3654
f 4719/4719/3149 4311/4311/4690 4312/4312/4691
f 4574/4574/2921 3958/3958/3991 4076/4076/4222
f 4864/4864/3344 3580/3580/3343 5551/5551/4556
f 3226/3226/2770 5624/5624/4692 3227/3227/2771
f 5190/5190/4693 4146/4146/4367 5460/5460/4366
f 4772/4772/4694 3969/3969/4009 3818/3818/3751
f 5625/5625/4695 3456/3456/3145 3737/3737/3602
f 4462/4462/2709 5626/5626/4696 4059/4059/4173
f 4134/4134/4338 3876/3876/3861 4894/4894/4047
f 3499/3499/3208 5308/5308/4072 3990/3990/4050
f 5527/5527/4679 3721/3721/3578 4066/4066/4195
f 5527/5527/4679 4066/4066/4195 5528/5528/4645
f 3564/3564/3323 3645/3645/3452 4852/4852/3324
f 5522/5522/4504 5064/5064/3670 3808/3808/3735
f 5628/5628/4697 5109/5109/3732 3807/3807/3734
f 5413/5413/4268 3750/3750/3622 3751/3751/3624
f 3509/3509/3228 4921/4921/3459 5354/5354/4170
f 3572/3572/3335 3463/3463/3156 5521/5521/4501
f 5107/5107/4469 5106/5106/4698 4314/4314/4699
f 4159/4159/4388 5421/5421/4289 5524/5524/4506
f 4206/4206/4466 5089/5089/3706 3224/3224/2768
f 3733/3733/3598 4315/4315/4700 5397/5397/4236
f 4634/4634/2993 3733/3733/3598 5397/5397/4236
f 3334/3334/2958 5361/5361/4177 5453/5453/4357
f 4552/4552/2870 3284/3284/2872 4922/4922/4350
f 4316/4316/4701 4317/4317/4702 5509/5509/4468
f 4875/4875/3361 4932/4932/4703 3589/3589/3362
f 5631/5631/4704 4552/4552/2870 4146/4146/4367
f 5417/5417/4275 4318/4318/4705 4080/4080/4227
f 4319/4319/4706 4291/4291/4643 4803/4803/4335
f 5210/5210/3908 3532/3532/3266 4764/4764/3217
f 5633/5633/4707 4927/4927/3466 4102/4102/4274
f 4735/4735/3167 3648/3648/3460 3274/3274/2855
f 3565/3565/3325 5505/5505/4458 4147/4147/4369
f 3739/3739/3604 3696/3696/3529 4967/4967/3531
f 4729/4729/4547 4788/4788/3243 3337/3337/2965
f 3677/3677/3501 3755/3755/3630 3662/3662/3476
f 3879/3879/3865 3655/3655/3472 5634/5634/4708
f 4226/4226/4511 3864/3864/3833 3863/3863/3832
f 5635/5635/4709 5312/5312/4710 4320/4320/4711
f 4315/4315/4700 5312/5312/4710 5635/5635/4709
f 3899/3899/3895 5330/5330/4118 3713/3713/3561
f 4247/4247/4564 3720/3720/3574 5372/5372/4712
f 5240/5240/3948 3933/3933/3949 4879/4879/3371
f 4305/4305/4680 5533/5533/4540 5535/5535/4664
f 4298/4298/4658 4321/4321/4713 3793/3793/3710
f 3068/3068/2123 2862/2862/2124 4098/4098/4265
f 5374/5374/4201 3888/3888/3879 5303/5303/4063
f 4087/4087/4234 4322/4322/4714 5002/5002/3575
f 5415/5415/4270 3844/3844/3805 3848/3848/3807
f 3516/3516/3236 5525/5525/4508 4745/4745/3184
f 3579/3579/3342 5311/5311/4269 3580/3580/3343
f 3414/3414/3090 3413/3413/3089 4244/4244/4558
f 4046/4046/4152 5325/5325/4109 5637/5637/4715
f 4132/4132/4334 4319/4319/4706 4803/4803/4335
f 5539/5539/4527 3409/3409/3084 5153/5153/3796
f 5197/5197/3873 5529/5529/4517 3167/3167/2674
f 4940/4940/4568 4249/4249/4567 4806/4806/4716
f 4323/4323/4717 5638/5638/4718 4324/4324/4719
f 4659/4659/3039 3684/3684/3511 4296/4296/4651
f 3974/3974/4022 5079/5079/3683 5571/5571/4593
f 3304/3304/2908 5467/5467/4410 4032/4032/4133
f 3221/3221/2765 4480/4480/2739 3222/3222/2766
f 3221/3221/2765 5540/5540/4528 4480/4480/2739
f 3915/3915/3916 3932/3932/3945 3916/3916/3917
f 3918/3918/3920 4273/4273/4607 5227/5227/3928
f 3377/3377/3029 5639/5639/4720 3649/3649/3461
f 3813/3813/3744 3517/3517/3237 5152/5152/3794
f 4505/4505/2777 5349/5349/4168 3592/3592/3367
f 4304/4304/4677 3349/3349/2984 4626/4626/2983
f 4129/4129/4329 4905/4905/3425 4686/4686/3075
f 3573/3573/3336 3279/3279/2863 4216/4216/4491
f 3385/3385/3043 5265/5265/4721 3386/3386/3044
f 3524/3524/3249 4167/4167/4402 3525/3525/3250
f 5026/5026/3623 5120/5120/3743 3813/3813/3744
f 3976/3976/4025 5134/5134/3764 4272/4272/4605
f 3375/3375/3026 5640/5640/4722 5641/5641/4723
f 4221/4221/4724 3617/3617/3407 5278/5278/4725
f 3619/3619/3410 3797/3797/3715 4899/4899/3408
f 3364/3364/3007 4279/4279/4619 4325/4325/4726
f 4702/4702/3106 3384/3384/3042 4268/4268/4596
f 3338/3338/2966 5583/5583/4609 5642/5642/4727
f 3263/3263/2836 4532/4532/2835 3463/3463/3156
f 5001/5001/3573 3313/3313/2919 3402/3402/3072
f 3538/3538/3277 3647/3647/3457 3539/3539/3278
f 3537/3537/3275 3176/3176/2690 3175/3175/2689
f 3666/3666/3480 4326/4326/4728 4205/4205/4464
f 5271/5271/4729 3937/3937/3955 3938/3938/3957
f 5404/5404/4250 5488/5488/4412 3439/3439/3128
f 3627/3627/3422 5516/5516/4493 3197/3197/2721
f 5094/5094/4730 5508/5508/4467 4327/4327/4731
f 5082/5082/3687 3831/3831/3779 3931/3931/3940
f 4094/4094/4252 5643/5643/4732 4506/4506/2779
f 4762/4762/3214 4328/4328/4733 5313/5313/4089
f 5405/5405/4253 5145/5145/3783 4329/4329/4734
f 3549/3549/3296 5393/5393/4225 4330/4330/4735
f 4331/4331/4736 4957/4957/3514 3656/3656/3474
f 4501/4501/2763 4636/4636/3003 4211/4211/4479
f 4309/4309/4686 3417/3417/3096 5579/5579/4602
f 5001/5001/3573 3314/3314/2920 3313/3313/2919
f 4573/4573/2916 3312/3312/2918 3984/3984/4038
f 5417/5417/4275 4080/4080/4227 3276/3276/2859
f 5132/5132/3760 5644/5644/4737 4019/4019/4099
f 5540/5540/4528 5153/5153/3796 3207/3207/2737
f 4314/4314/4699 5293/5293/4033 3981/3981/4032
f 3239/3239/2794 3492/3492/3197 4513/4513/2795
f 4565/4565/2897 3963/3963/4000 4222/4222/4502
f 4311/4311/4690 4004/4004/4073 4312/4312/4691
f 4105/4105/4279 5646/5646/4738 5203/5203/3888
f 4459/4459/2702 5647/5647/4739 3775/3775/3673
f 5648/5648/4740 4332/4332/4741 5649/5649/4742
f 4647/4647/3021 3939/3939/3958 4648/4648/3022
f 5373/5373/4743 4252/4252/4573 4917/4917/3453
f 4125/4125/4324 4123/4123/4323 5000/5000/3572
f 4125/4125/4324 5000/5000/3572 3908/3908/3906
f 4955/4955/3509 4615/4615/2976 3741/3741/3606
f 3309/3309/2913 4606/4606/2961 5650/5650/4744
f 3830/3830/3778 4303/4303/4674 4946/4946/3492
f 5061/5061/3665 3721/3721/3578 5527/5527/4679
f 3278/3278/2862 3483/3483/3186 5368/5368/4193
f 5268/5268/4745 3601/3601/3381 3937/3937/3955
f 3571/3571/3334 3350/3350/2987 4628/4628/2986
f 5086/5086/3695 5085/5085/3694 3259/3259/2830
f 4528/4528/2826 3984/3984/4038 3312/3312/2918
f 4853/4853/3676 4334/4334/4746 4788/4788/3243
f 5550/5550/4555 4556/4556/2878 3439/3439/3128
f 5471/5471/4393 4335/4335/4747 5038/5038/3637
f 4318/4318/4705 5236/5236/3944 4080/4080/4227
f 5037/5037/3636 4157/4157/4383 3947/3947/3969
f 5046/5046/4240 5340/5340/4748 4225/4225/4507
f 3251/3251/2811 3250/3250/2810 5282/5282/4013
f 3573/3573/3336 4545/4545/2861 3279/3279/2863
f 4237/4237/4535 4821/4821/4514 5056/5056/3657
f 4939/4939/4035 3924/3924/3931 4100/4100/4272
f 3956/3956/3989 4800/4800/3263 5517/5517/4495
f 5500/5500/4447 4195/4195/4446 5122/5122/3747
f 4337/4337/4749 3726/3726/3584 4074/4074/4217
f 3015/3015/2163 3061/3061/2164 4810/4810/3274
f 4179/4179/4425 3403/3403/3074 4002/4002/4067
f 3777/3777/4750 3915/3915/3916 5052/5052/3651
f 5497/5497/4436 3443/3443/3133 3442/3442/3132
f 4831/4831/4142 4833/4833/4751 3670/3670/3485
f 3678/3678/3502 4532/4532/2835 4533/4533/2837
f 3390/3390/3049 3961/3961/3997 4553/4553/2873
f 4202/4202/4461 3582/3582/3348 5653/5653/4752
f 4281/4281/4621 5165/5165/3816 5249/5249/4443
f 3221/3221/2765 4053/4053/4162 5539/5539/4527
f 3602/3602/3382 4536/4536/2847 4142/4142/4358
f 4319/4319/4706 4673/4673/3062 4291/4291/4643
f 3641/3641/3446 3436/3436/3123 4710/4710/3122
f 3749/3749/3621 4505/4505/2777 3748/3748/3620
f 3986/3986/4042 5295/5295/4041 5384/5384/4209
f 4265/4265/4588 5317/5317/4098 3855/3855/3813
f 4313/4313/4753 3946/3946/3968 4157/4157/4383
f 4011/4011/4085 3330/3330/2953 3329/3329/2952
f 5183/5183/3995 4509/4509/2785 3494/3494/3201
f 5655/5655/4754 4469/4469/2720 3750/3750/3622
f 3761/3761/3645 5297/5297/4755 5464/5464/4373
f 4056/4056/4756 5284/5284/4757 4780/4780/4758
f 4998/4998/3570 3663/3663/3477 5390/5390/4219
f 3393/3393/3059 5461/5461/4611 3913/3913/3915
f 5390/5390/4219 5553/5553/4562 4246/4246/4561
f 3672/3672/3487 5264/5264/4759 3385/3385/3043
f 5169/5169/3823 3858/3858/3822 4339/4339/4760
f 4932/4932/4703 4175/4175/4417 4708/4708/3120
f 4709/4709/4761 4036/4036/4137 4581/4581/4762
f 5656/5656/4763 3544/3544/3287 3543/3543/3286
f 5657/5657/4764 3395/3395/3060 4928/4928/3468
f 3301/3301/2905 4340/4340/4765 3302/3302/2906
f 4828/4828/4525 4341/4341/4766 4829/4829/4505
f 4605/4605/2959 3435/3435/3121 4604/4604/2957
f 4048/4048/4156 4492/4492/4155 5420/5420/4288
f 3605/3605/3386 3604/3604/3385 4960/4960/3521
f 5442/5442/4336 4802/4802/4404 4307/4307/4682
f 4473/4473/2724 3478/3478/3181 5301/5301/4767
f 3523/3523/3248 3579/3579/3342 4576/4576/2924
f 5660/5660/4768 4027/4027/4125 4994/4994/3565
f 5328/5328/4115 5266/5266/3992 3776/3776/3674
f 3741/3741/3606 3970/3970/4011 5596/5596/4632
f 4198/4198/4452 3987/3987/4045 5661/5661/4769
f 5504/5504/4554 4177/4177/4421 3231/3231/2780
f 4095/4095/4254 5662/5662/4770 4953/4953/3507
f 4149/4149/4371 5343/5343/4161 4293/4293/4646
f 4118/4118/4306 4117/4117/4305 4196/4196/4448
f 3681/3681/3505 4433/4433/2669 4432/4432/2668
f 3337/3337/2965 4282/4282/4622 5583/5583/4609
f 5147/5147/3789 3553/3553/3302 5555/5555/4565
f 3639/3639/3443 5590/5590/4616 3905/3905/3900
f 4342/4342/4771 4044/4044/4149 5663/5663/4772
f 3821/3821/3761 3307/3307/2912 5664/5664/4773
f 4093/4093/4251 4575/4575/2923 3315/3315/2922
f 3557/3557/3308 3559/3559/3310 4180/4180/4426
f 4612/4612/2969 3342/3342/2971 5365/5365/4187
f 3223/3223/2767 4206/4206/4466 3224/3224/2768
f 3464/3464/3158 3976/3976/4025 5025/5025/4490
f 4725/4725/4774 3296/3296/2894 3294/3294/2893
f 5193/5193/3869 4292/4292/4644 3505/3505/3220
f 3428/3428/3111 4705/4705/3113 4343/4343/4775
f 5604/5604/4776 4817/4817/3290 3545/3545/3289
f 4965/4965/3984 4042/4042/4145 3695/3695/3528
f 5548/5548/4546 5536/5536/4521 4344/4344/4777
f 4741/4741/3175 5667/5667/4778 3864/3864/3833
f 3227/3227/2771 5190/5190/4693 3228/3228/2772
f 4654/4654/3030 3649/3649/3461 4509/4509/2785
f 5402/5402/4247 4091/4091/4246 4555/4555/2877
f 3751/3751/3624 5152/5152/3794 3593/3593/3368
f 4138/4138/4346 4137/4137/4345 4864/4864/3344
f 4094/4094/4252 4971/4971/3537 5643/5643/4732
f 4113/4113/4296 5668/5668/4779 5669/5669/4780
f 5638/5638/4718 3225/3225/2769 4713/4713/3131
f 3587/3587/3355 3586/3586/3354 3715/3715/3564
f 3865/3865/3834 5253/5253/3966 5252/5252/3965
f 4174/4174/4415 5173/5173/4781 4230/4230/4524
f 4206/4206/4466 3896/3896/3891 5089/5089/3706
f 4114/4114/4299 5425/5425/4298 4079/4079/4226
f 4059/4059/4173 5626/5626/4696 4346/4346/4782
f 5492/5492/4783 5490/5490/4416 4282/4282/4622
f 4578/4578/2927 5016/5016/3593 3814/3814/3745
f 4270/4270/4604 3781/3781/3685 5043/5043/3859
f 4907/4907/3431 3633/3633/3430 5671/5671/4784
f 4890/4890/3388 4347/4347/4785 5445/5445/4344
f 4436/4436/3585 3892/3892/3884 3727/3727/3586
f 4138/4138/4346 4864/4864/3344 5551/5551/4556
f 4690/4690/3082 4349/4349/4786 5617/5617/4678
f 5532/5532/4655 3709/3709/3551 4988/4988/3553
f 4301/4301/4670 5379/5379/4328 5538/5538/4526
f 5167/5167/3818 4026/4026/4124 3422/3422/3103
f 5205/5205/3894 3714/3714/3563 4231/4231/4787
f 4063/4063/4188 3367/3367/3013 4643/4643/3015
f 4459/4459/2702 3775/3775/3673 5466/5466/4409
f 3824/3824/3768 5507/5507/4465 5303/5303/4063
f 3565/3565/3325 3400/3400/4788 5505/5505/4458
f 3787/3787/3699 5087/5087/3698 4801/4801/3267
f 3903/3903/3898 3455/3455/3145 3453/3453/3144
f 3322/3322/2935 3499/3499/3208 3990/3990/4050
f 3135/3135/2202 3071/3071/2204 4338/4338/4789
f 3925/3925/3935 4964/4964/4790 3926/3926/3936
f 5565/5565/4673 3546/3546/3292 3907/3907/3903
f 4027/4027/4125 4298/4298/4658 3716/3716/3566
f 3933/3933/3949 3280/3280/2866 5672/5672/4791
f 5063/5063/3667 5673/5673/4792 3955/3955/3987
f 5674/5674/4793 5676/5676/4794 3901/3901/3896
f 5330/5330/4118 5331/5331/4120 3713/3713/3561
f 3781/3781/3685 5346/5346/4164 3794/3794/3712
f 5101/5101/4795 4083/4083/4232 5543/5543/4576
f 4484/4484/2743 4113/4113/4296 5669/5669/4780
f 4350/4350/4796 3377/3377/3029 5388/5388/4797
f 5446/5446/4347 4341/4341/4766 4230/4230/4524
f 3642/3642/3447 4710/4710/3122 4197/4197/4449
f 4083/4083/4232 4832/4832/4069 5543/5543/4576
f 3840/3840/3801 4312/4312/4691 3745/3745/3616
f 3185/3185/2700 3598/3598/3375 3183/3183/2698
f 4281/4281/4621 4351/4351/4798 5165/5165/3816
f 4016/4016/4095 5638/5638/4718 4132/4132/4334
f 4875/4875/3361 3484/3484/3188 5616/5616/4799
f 3251/3251/2811 5282/5282/4013 5556/5556/4566
f 5395/5395/4229 3838/3838/3795 5677/5677/4800
f 3897/3897/3892 5183/5183/3995 3494/3494/3201
f 3318/3318/2930 5185/5185/3851 5591/5591/4618
f 5135/5135/3765 3360/3360/3001 3708/3708/3550
f 3172/3172/2684 5678/5678/4801 3329/3329/2952
f 5679/5679/4802 4535/4535/2846 3996/3996/4057
f 3646/3646/3456 5228/5228/4803 5637/5637/4715
f 4073/4073/4216 3378/3378/3031 4655/4655/3033
f 4693/4693/3091 3866/3866/3835 5669/5669/4780
f 5427/5427/4303 4181/4181/4428 5333/5333/4130
f 5186/5186/3853 3941/3941/3961 5680/5680/4804
f 3214/3214/2752 5183/5183/3995 3897/3897/3892
f 5287/5287/4024 5354/5354/4170 3343/3343/2972
f 3543/3543/3286 4816/4816/3288 5272/5272/4805
f 5681/5681/4806 4524/4524/2819 4189/4189/4435
f 3549/3549/3296 4330/4330/4735 5331/5331/4120
f 5202/5202/4807 4295/4295/4649 4204/4204/4463
f 4442/4442/2685 3742/3742/3609 5021/5021/3608
f 3337/3337/2965 5583/5583/4609 3338/3338/2966
f 4764/4764/3217 3909/3909/3906 5210/5210/3908
f 4513/4513/2795 3492/3492/3197 4352/4352/4808
f 4999/4999/3571 3182/3182/2697 3957/3957/3990
f 5273/5273/4185 4630/4630/2990 3351/3351/2989
f 3763/3763/3648 3671/3671/3486 4703/4703/3107
f 4683/4683/3661 4682/4682/4809 4353/4353/4810
f 5093/5093/4811 4316/4316/4701 5508/5508/4467
f 5658/5658/4812 3809/3809/3737 4287/4287/4631
f 3239/3239/2794 3240/3240/2796 4107/4107/4281
f 3749/3749/3621 5027/5027/3617 4759/4759/3209
f 4011/4011/4085 5328/5328/4115 4012/4012/4086
f 5049/5049/3644 4023/4023/4112 3761/3761/3645
f 3372/3372/3018 5360/5360/4813 4232/4232/4529
f 4354/4354/4814 4355/4355/4815 3564/3564/3323
f 4311/4311/4690 4003/4003/4071 4004/4004/4073
f 4156/4156/4381 4166/4166/4401 3768/3768/3656
f 3250/3250/2810 4610/4610/4111 5549/5549/4816
f 4317/4317/4702 5682/5682/4817 4283/4283/4624
f 3473/3473/3172 5487/5487/4411 5432/5432/4313
f 3982/3982/4036 4939/4939/4035 5456/5456/4362
f 3712/3712/3560 5683/5683/4818 5298/5298/4114
f 4354/4354/4814 3564/3564/3323 4163/4163/4392
f 5339/5339/4151 4045/4045/4150 5684/5684/4819
f 4101/4101/4273 3216/3216/2757 4500/4500/2759
f 5650/5650/4744 3310/3310/2914 3309/3309/2913
f 3667/3667/3481 3343/3343/2972 3344/3344/2974
f 3300/3300/2904 4814/4814/3284 3542/3542/3283
f 3227/3227/2771 5631/5631/4704 5190/5190/4693
f 2893/2893/2236 5378/5378/4820 3081/3081/2237
f 3235/3235/2787 3234/3234/2786 5322/5322/4105
f 5297/5297/4755 3807/3807/3734 5464/5464/4373
f 5685/5685/4821 4031/4031/4132 3506/3506/3221
f 4475/4475/2726 3938/3938/3957 5686/5686/4822
f 5149/5149/4084 5651/5651/4823 4008/4008/4082
f 4113/4113/4296 4485/4485/2745 3650/3650/3464
f 4347/4347/4785 5566/5566/4824 5445/5445/4344
f 4429/4429/2663 3158/3158/2662 4819/4819/3293
f 3390/3390/3049 4553/4553/2873 4666/4666/3050
f 4281/4281/4621 4643/4643/3015 4351/4351/4798
f 4356/4356/4825 3254/3254/2817 5681/5681/4806
f 4547/4547/2865 4783/4783/3235 4082/4082/4231
f 3498/3498/3207 3497/3497/3206 5307/5307/4070
f 4845/4845/3318 5687/5687/4826 3562/3562/3319
f 3766/3766/3654 4851/4851/3322 5557/5557/4572
f 4869/4869/4827 4321/4321/4713 5156/5156/3845
f 4264/4264/4587 3674/3674/3491 3673/3673/3490
f 4007/4007/4080 4200/4200/4457 4323/4323/4717
f 4942/4942/4230 4766/4766/3219 4153/4153/4376
f 5673/5673/4792 4147/4147/4369 3955/3955/3987
f 5246/5246/3960 5680/5680/4804 3941/3941/3961
f 3073/3073/2246 3576/3576/4828 3131/3131/2247
f 4136/4136/4342 4906/4906/3431 3430/3430/3116
f 4236/4236/4534 4162/4162/4391 4207/4207/4470
f 5192/5192/3868 4265/4265/4588 3855/3855/3813
f 5147/5147/3789 3554/3554/3303 3553/3553/3302
f 4330/4330/4735 5393/5393/4225 5425/5425/4298
f 4357/4357/4829 4025/4025/4121 4358/4358/4830
f 5191/5191/4831 5460/5460/4366 3949/3949/3973
f 4233/4233/4597 4150/4150/4832 4359/4359/4833
f 4243/4243/4557 4288/4288/4636 5597/5597/4635
f 3322/3322/2935 3323/3323/2937 4759/4759/3209
f 5236/5236/3944 4318/4318/4705 3722/3722/3579
f 5240/5240/3948 3837/3837/3793 4546/4546/2864
f 4187/4187/4598 3190/3190/2708 4461/4461/2707
f 3868/3868/3840 4794/4794/3842 4360/4360/4834
f 5622/5622/4688 5360/5360/4813 3372/3372/3018
f 3865/3865/3834 3864/3864/3833 5667/5667/4778
f 3908/3908/3906 3954/3954/3981 4847/4847/4835
f 5689/5689/4836 3466/3466/3161 3468/3468/3163
f 5514/5514/4482 3790/3790/3705 3789/3789/3704
f 5690/5690/4837 4252/4252/4573 5373/5373/4743
f 4680/4680/3073 3313/3313/2919 3703/3703/3544
f 3570/3570/3331 4983/4983/4126 4217/4217/4494
f 4544/4544/2857 3264/3264/2838 5588/5588/4838
f 4361/4361/4839 4563/4563/2892 3856/3856/3819
f 4151/4151/4374 3247/3247/2807 3246/3246/2806
f 5568/5568/4591 4966/4966/3530 3696/3696/3529
f 3754/3754/3629 4634/4634/2993 5397/5397/4236
f 4128/4128/4326 5439/5439/4327 5330/5330/4118
f 5501/5501/4453 4165/4165/4399 5512/5512/4478
f 4117/4117/4305 3827/3827/3774 5401/5401/4244
f 5293/5293/4033 5634/5634/4708 3375/3375/3026
f 3657/3657/3475 3656/3656/3474 3883/3883/3871
f 5133/5133/3763 3545/3545/3289 5134/5134/3764
f 4198/4198/4452 5578/5578/4601 3987/3987/4045
f 5482/5482/4407 5483/5483/4408 4362/4362/4840
f 4911/4911/3439 5019/5019/3597 3638/3638/3440
f 5326/5326/4841 3581/3581/3346 4865/4865/3345
f 3994/3994/4054 3639/3639/3443 4913/4913/3442
f 3254/3254/2817 4356/4356/4825 4511/4511/2790
f 4432/4432/2668 3292/3292/2887 4559/4559/2886
f 3975/3975/4023 4299/4299/4661 4346/4346/4782
f 3684/3684/3511 5462/5462/4372 3826/3826/3772
f 3977/3977/4026 4854/4854/3326 5062/5062/3666
f 5334/5334/4140 4039/4039/4141 5503/5503/4842
f 3382/3382/3040 5242/5242/3952 4218/4218/4497
f 5403/5403/4249 4349/4349/4786 5443/5443/4340
f 2765/2765/2265 2807/2807/2266 4925/4925/3462
f 4562/4562/2891 3293/3293/2890 4530/4530/2829
f 3707/3707/3549 5480/5480/4400 3708/3708/3550
f 3894/3894/3887 5669/5669/4780 5084/5084/3691
f 5693/5693/4843 3797/3797/3715 5592/5592/4656
f 5636/5636/4844 4240/4240/4548 5066/5066/4845
f 4888/4888/3384 3502/3502/3216 4765/4765/3218
f 4938/4938/4846 3924/3924/3931 4939/4939/4035
f 3970/3970/4011 4261/4261/4583 5596/5596/4632
f 4304/4304/4677 4778/4778/4586 3438/3438/3127
f 4042/4042/4145 4139/4139/4348 3598/3598/3375
f 4339/4339/4760 5526/5526/4509 4364/4364/4847
f 3694/3694/3527 5694/5694/4848 5454/5454/4359
f 5608/5608/4662 4299/4299/4661 4597/4597/2948
f 3541/3541/3280 4110/4110/4287 5657/5657/4764
f 4705/4705/3113 3840/3840/3801 4343/4343/4775
f 4329/4329/4734 5146/5146/3784 3849/3849/3808
f 5696/5696/4849 3444/3444/3135 4365/4365/4850
f 5091/5091/4851 4135/4135/4339 5092/5092/4852
f 3361/3361/3002 4366/4366/4853 4367/4367/4854
f 3759/3759/3641 4368/4368/4855 5418/5418/4276
f 4959/4959/3518 5698/5698/4856 3600/3600/3378
f 3919/3919/3921 5198/5198/3874 5309/5309/4077
f 5699/5699/4857 4354/4354/4814 4262/4262/4584
f 4101/4101/4273 4500/4500/2759 4499/4499/2758
f 4735/4735/3167 3274/3274/2855 4736/4736/3168
f 4021/4021/4103 5322/5322/4105 3234/3234/2786
f 4039/4039/4141 3480/3480/3183 3192/3192/2712
f 5573/5573/4858 4369/4369/4859 4573/4573/2916
f 4289/4289/4638 5480/5480/4400 4156/4156/4381
f 3379/3379/3032 4370/4370/4860 5455/5455/4360
f 3611/3611/3396 4862/4862/4291 5011/5011/3583
f 2988/2988/2285 3076/3076/2286 3678/3678/3502
f 5701/5701/4861 3583/3583/3350 5615/5615/4672
f 3799/3799/3717 5239/5239/3947 3669/3669/3484
f 3301/3301/2905 4867/4867/3349 4340/4340/4765
f 3751/3751/3624 3813/3813/3744 5152/5152/3794
f 4979/4979/3872 3213/3213/2748 3212/3212/2747
f 5629/5629/4862 5423/5423/4293 4269/4269/4600
f 4844/4844/3317 3562/3562/3319 4770/4770/3223
f 3615/3615/3403 3784/3784/3692 4328/4328/4733
f 3771/3771/3664 5006/5006/3576 5061/5061/3665
f 4314/4314/4699 5702/5702/4863 5703/5703/4864
f 5090/5090/3709 3716/3716/3566 4298/4298/4658
f 4822/4822/3297 4285/4285/4629 3920/3920/3922
f 4750/4750/4865 5595/5595/4866 3701/3701/3541
f 3391/3391/3053 4668/4668/3052 5704/5704/4867
f 3581/3581/3346 5705/5705/4868 4823/4823/3301
f 3532/3532/3266 3343/3343/2972 3667/3667/3481
f 4371/4371/4869 3345/3345/2978 3626/3626/3421
f 3427/3427/3110 4918/4918/3454 3425/3425/3108
f 3275/3275/2858 4294/4294/4648 3269/3269/2845
f 3707/3707/3549 3850/3850/3809 5480/5480/4400
f 5341/5341/4159 4032/4032/4133 5584/5584/4870
f 3533/3533/3268 5159/5159/3803 3534/3534/3269
f 3603/3603/3383 3605/3605/3386 5465/5465/4379
f 5055/5055/3653 3603/3603/3383 5465/5465/4379
f 3375/3375/3026 5641/5641/4723 5706/5706/4871
f 4260/4260/4582 3189/3189/2705 4892/4892/3391
f 4460/4460/2706 4260/4260/4582 5664/5664/4773
f 5307/5307/4070 3495/3495/3204 4038/4038/4139
f 4037/4037/4138 3912/3912/3913 5700/5700/4872
f 5707/5707/4873 4034/4034/4135 3988/3988/4046
f 5148/5148/3790 3217/3217/2760 5656/5656/4763
f 5173/5173/4781 5446/5446/4347 4230/4230/4524
f 3637/3637/3438 4865/4865/3345 3350/3350/2987
f 5470/5470/4387 5274/5274/4184 4159/4159/4388
f 3216/3216/2757 5708/5708/4874 5194/5194/3970
f 4298/4298/4658 3793/3793/3710 5090/5090/3709
f 4181/4181/4428 5589/5589/4615 5709/5709/4875
f 5604/5604/4776 4302/4302/4671 4817/4817/3290
f 4721/4721/3153 3470/3470/3165 3461/3461/3154
f 4557/4557/2881 3545/3545/3289 5133/5133/3763
f 3581/3581/3346 4359/4359/4833 5705/5705/4868
f 4650/4650/3762 4274/4274/4876 4651/4651/4877
f 4777/4777/4878 4575/4575/2923 4093/4093/4251
f 4670/4670/3055 4698/4698/3102 3421/3421/3101
f 5232/5232/3933 3873/3873/3852 3874/3874/3854
f 5481/5481/4405 3403/3403/3074 5131/5131/3759
f 5710/5710/4879 4475/4475/2726 4044/4044/4149
f 3576/3576/4828 5711/5711/4880 3550/3550/3298
f 5186/5186/3853 5680/5680/4804 3874/3874/3854
f 5517/5517/4495 3822/3822/3761 5132/5132/3760
f 4350/4350/4796 3986/3986/4042 5639/5639/4720
f 3334/3334/2958 5453/5453/4357 5149/5149/4084
f 4808/4808/3272 4372/4372/4881 4227/4227/4512
f 5538/5538/4526 4686/4686/3075 4179/4179/4425
f 5255/5255/3975 5118/5118/3739 3810/3810/3738
f 4825/4825/3305 5276/5276/4001 3963/3963/4000
f 3644/3644/3450 5712/5712/4882 5164/5164/3815
f 5713/5713/4883 4530/4530/2829 3340/3340/2968
f 3925/3925/3935 4347/4347/4785 4890/4890/3388
f 3629/3629/3427 5676/5676/4794 3630/3630/3428
f 3835/3835/3788 5218/5218/4014 5283/5283/4016
f 3288/3288/2880 5599/5599/4642 5604/5604/4776
f 5713/5713/4883 4676/4676/3067 3706/3706/3548
f 5443/5443/4340 4349/4349/4786 4690/4690/3082
f 2661/2661/1995 2837/2837/2310 4233/4233/4597
f 5418/5418/4276 4368/4368/4855 5259/5259/4884
f 4506/4506/2779 3232/3232/2781 5716/5716/4885
f 4703/4703/3107 3671/3671/3486 3384/3384/3042
f 5653/5653/4752 3583/3583/3350 5701/5701/4861
f 3973/3973/4020 3163/3163/2671 4734/4734/3166
f 3710/3710/3556 4991/4991/3557 5024/5024/3615
f 3438/3438/3127 3349/3349/2984 4304/4304/4677
f 5057/5057/3660 4588/4588/2940 3325/3325/2939
f 4525/4525/2820 4308/4308/4684 3255/3255/2821
f 4488/4488/4211 5717/5717/4886 4178/4178/4422
f 5435/5435/4317 5275/5275/3999 4022/4022/4106
f 3175/3175/2689 4721/4721/3153 3462/3462/3155
f 5457/5457/4363 4145/4145/4364 5493/5493/4887
f 4373/4373/4888 5339/5339/4151 4867/4867/3349
f 3849/3849/3808 4374/4374/4889 4357/4357/4829
f 4168/4168/4474 3617/3617/3407 3616/3616/3406
f 3398/3398/3064 4811/4811/3276 5718/5718/4890
f 3840/3840/3801 4705/4705/3113 4719/4719/3149
f 5387/5387/4218 4203/4203/4462 5315/5315/4091
f 4997/4997/3568 4271/4271/4891 3858/3858/3822
f 4587/4587/4343 3444/3444/3135 3446/3446/3137
f 4237/4237/4535 4018/4018/4097 4821/4821/4514
f 4941/4941/4892 4072/4072/4213 4942/4942/4230
f 4371/4371/4869 3442/3442/3132 4714/4714/3134
f 3405/3405/3077 4121/4121/4318 3406/3406/3078
f 5064/5064/3670 3595/3595/3372 5111/5111/3736
f 3996/3996/4057 4591/4591/2944 4043/4043/4148
f 4524/4524/2819 3959/3959/3994 3433/3433/3119
f 4033/4033/4134 3496/3496/3205 3498/3498/3207
f 4472/4472/2722 4776/4776/4893 3199/3199/2723
f 3538/3538/3277 5535/5535/4664 4029/4029/4129
f 5578/5578/4601 4375/4375/4894 3987/3987/4045
f 3896/3896/3891 3791/3791/3707 5089/5089/3706
f 3260/3260/2831 4793/4793/3257 5719/5719/4895
f 4171/4171/4414 4173/4173/4415 3926/3926/3936
f 5720/5720/4896 4221/4221/4724 5216/5216/4897
f 4055/4055/4756 5412/5412/4267 5285/5285/4898
f 3347/3347/2980 4376/4376/4899 4625/4625/2981
f 5162/5162/3811 5137/5137/3769 4041/4041/4143
f 5679/5679/4802 3268/3268/2844 4535/4535/2846
f 5708/5708/4874 3215/3215/2756 5588/5588/4838
f 4811/4811/3276 3398/3398/3064 3538/3538/3277
f 3833/3833/3785 3344/3344/2974 4960/4960/3521
f 3160/3160/2667 5350/5350/4900 3292/3292/2887
f 4967/4967/3531 4888/4888/3384 3603/3603/3383
f 4683/4683/3661 3325/3325/2939 4569/4569/2903
f 3937/3937/3955 3601/3601/3381 4284/4284/4627
f 5497/5497/4436 4074/4074/4217 3443/3443/3133
f 5088/5088/3700 5177/5177/3836 3772/3772/3668
f 5663/5663/4772 4373/4373/4888 4306/4306/4681
f 4131/4131/4332 4331/4331/4736 3870/3870/3846
f 4317/4317/4702 3951/3951/3977 5682/5682/4817
f 3837/3837/3793 3631/3631/3429 4546/4546/2864
f 4723/4723/4901 4614/4614/2975 3295/3295/2894
f 5197/5197/3873 3167/3167/2674 4558/4558/2882
f 5639/5639/4720 3986/3986/4042 3649/3649/3461
f 3608/3608/3393 3607/3607/3392 5254/5254/3974
f 3998/3998/4060 5242/5242/3952 3935/3935/3951
f 5721/5721/4902 4377/4377/4903 4367/4367/4854
f 5161/5161/4492 3983/3983/4037 4877/4877/3365
f 4225/4225/4507 5340/5340/4748 5525/5525/4508
f 4240/4240/4548 4728/4728/4904 4527/4527/2824
f 4219/4219/4500 3836/3836/3792 5069/5069/3696
f 3605/3605/3386 4960/4960/3521 3690/3690/3523
f 3029/3029/829 3664/3664/3478 2813/2813/4905
f 5260/5260/3985 3632/3632/3430 3634/3634/3432
f 3606/3606/3389 4890/4890/3388 4139/4139/4348
f 3709/3709/3551 5329/5329/4116 4987/4987/3552
f 3537/3537/3275 3462/3462/3155 4973/4973/3539
f 5296/5296/4048 5291/5291/4028 4092/4092/4248
f 4277/4277/4612 5569/5569/4592 3586/3586/3354
f 4798/4798/3259 3867/3867/3838 4667/4667/3051
f 3201/3201/2729 3295/3295/2894 4615/4615/2976
f 4531/4531/2834 3193/3193/2712 4745/4745/3184
f 3653/3653/3467 5665/5665/4906 5722/5722/4907
f 4200/4200/4457 3423/3423/3104 3223/3223/2767
f 4902/4902/3417 3934/3934/3950 5178/5178/3837
f 5285/5285/4898 5412/5412/4267 4378/4378/4908
f 3484/3484/3188 4097/4097/4262 5616/5616/4799
f 4187/4187/4598 4380/4380/4909 4753/4753/3193
f 3526/3526/3251 3525/3525/3250 5724/5724/4910
f 4322/4322/4714 4357/4357/4829 4374/4374/4889
f 5187/5187/3858 3794/3794/3712 3261/3261/2832
f 3655/3655/3472 4935/4935/3471 3591/3591/3366
f 3290/3290/2884 4382/4382/4911 3291/3291/2885
f 3914/3914/3915 3799/3799/3717 3800/3800/3718
f 3334/3334/2958 5149/5149/4084 4605/4605/2959
f 4236/4236/4534 4207/4207/4470 4141/4141/4356
f 3362/3362/3004 4637/4637/3006 3695/3695/3528
f 4651/4651/4877 4274/4274/4876 3805/3805/3730
f 5003/5003/4912 4269/4269/4600 5580/5580/4603
f 5553/5553/4562 3998/3998/4060 3935/3935/3951
f 4102/4102/4274 5417/5417/4275 3355/3355/2995
f 5713/5713/4883 3340/3340/2968 4676/4676/3067
f 5574/5574/4913 4144/4144/4361 5469/5469/4386
f 3339/3339/2967 5587/5587/4613 3621/3621/3413
f 3613/3613/3398 5444/5444/4341 4383/4383/4914
f 5264/5264/4759 5265/5265/4721 3385/3385/3043
f 4384/4384/4915 4102/4102/4274 3355/3355/2995
f 4680/4680/3073 3703/3703/3544 5202/5202/4807
f 5649/5649/4742 4160/4160/4389 5648/5648/4740
f 5135/5135/3765 4243/4243/4557 3413/3413/3089
f 4205/4205/4464 3723/3723/3579 3652/3652/4214
f 5108/5108/3864 3204/3204/2733 3563/3563/3321
f 3256/3256/2822 5671/5671/4784 5277/5277/4001
f 5431/5431/4311 5243/5243/3954 3609/3609/3394
f 4385/4385/4916 3332/3332/2955 5609/5609/4663
f 3610/3610/3395 4921/4921/3459 3611/3611/3396
f 3828/3828/3775 5353/5353/4522 3811/3811/3741
f 4590/4590/2943 4386/4386/4917 4579/4579/4918
f 4302/4302/4671 3759/3759/3641 4817/4817/3290
f 4243/4243/4557 5135/5135/3765 4289/4289/4638
f 4617/4617/4919 4387/4387/4920 4618/4618/4921
f 3504/3504/3719 3503/3503/3934 4543/4543/2856
f 5390/5390/4219 4246/4246/4561 3467/3467/3162
f 4498/4498/2755 3252/3252/2813 3215/3215/2756
f 4618/4618/4921 5221/5221/3926 3922/3922/3925
f 5551/5551/4556 3580/3580/3343 5706/5706/4871
f 3881/3881/3867 4266/4266/4589 4019/4019/4099
f 3373/3373/3023 4388/4388/4922 4608/4608/2964
f 4088/4088/4238 5046/5046/4240 4225/4225/4507
f 4474/4474/2725 4389/4389/4923 4475/4475/2726
f 3777/3777/4750 5237/5237/3944 3915/3915/3916
f 5394/5394/4456 3956/3956/3989 5518/5518/4496
f 4247/4247/4564 5554/5554/4563 3720/3720/3574
f 3236/3236/2789 3414/3414/3090 4244/4244/4558
f 5051/5051/3649 5714/5714/4924 3672/3672/3487
f 4114/4114/4299 4079/4079/4226 4521/4521/2815
f 4814/4814/3284 3325/3325/2939 4589/4589/2941
f 5620/5620/4685 3942/3942/3964 5561/5561/4579
f 5620/5620/4685 5561/5561/4579 3906/3906/3902
f 5725/5725/4925 4790/4790/3252 4390/4390/4926
f 4326/4326/4728 3665/3665/3479 3812/3812/3742
f 4557/4557/2881 5133/5133/3763 3287/3287/2879
f 5331/5331/4120 4330/4330/4735 5424/5424/4297
f 3229/3229/2774 4502/4502/2773 5216/5216/4897
f 4358/4358/4830 4025/4025/4121 5405/5405/4253
f 4871/4871/3353 3423/3423/3104 3422/3422/3103
f 3833/3833/3785 3667/3667/3481 3344/3344/2974
f 4921/4921/3459 3610/3610/3395 5354/5354/4170
f 5140/5140/3776 4038/4038/4139 4541/4541/4927
f 3574/3574/3337 4523/4523/2818 5441/5441/4333
f 3189/3189/2705 4746/4746/4235 4891/4891/3390
f 3879/3879/3865 5634/5634/4708 5106/5106/4698
f 3946/3946/3968 4303/4303/4674 3829/3829/3777
f 5192/5192/3868 3881/3881/3867 4265/4265/4588
f 3663/3663/3477 5553/5553/4562 5390/5390/4219
f 5332/5332/4123 4208/4208/4471 4992/4992/3558
f 3839/3839/3800 3745/3745/3616 4218/4218/4497
f 4962/4962/3522 4389/4389/4923 4474/4474/2725
f 3780/3780/3682 3834/3834/3787 5662/5662/4770
f 3858/3858/3822 4271/4271/4891 4088/4088/4238
f 3259/3259/2830 4793/4793/3257 3260/3260/2831
f 5726/5726/4928 3856/3856/3819 3823/3823/3766
f 4796/4796/4929 4190/4190/4437 3386/3386/3044
f 3835/3835/3788 5283/5283/4016 4026/4026/4124
f 4829/4829/4505 5238/5238/3946 3450/3450/3141
f 4059/4059/4173 4346/4346/4782 5355/5355/4174
f 3715/3715/3564 5660/5660/4768 4994/4994/3565
f 3944/3944/3964 5251/5251/4930 5032/5032/3632
f 5444/5444/4341 5066/5066/4845 4383/4383/4914
f 4003/4003/4071 4311/4311/4690 3458/3458/3148
f 4287/4287/4631 4064/4064/4189 3730/3730/3590
f 5535/5535/4664 3882/3882/3870 4029/4029/4129
f 4471/4471/2722 3512/3512/3231 4775/4775/3230
f 5285/5285/4898 4378/4378/4908 3873/3873/3852
f 5285/5285/4898 3873/3873/3852 5230/5230/3932
f 3306/3306/2911 3188/3188/2704 4460/4460/2706
f 4601/4601/4931 4151/4151/4374 3246/3246/2806
f 3886/3886/3877 5514/5514/4482 4286/4286/4630
f 3985/3985/4039 4197/4197/4449 4711/4711/3124
f 4148/4148/4370 4224/4224/4503 4691/4691/3086
f 3899/3899/3895 4128/4128/4326 5330/5330/4118
f 3902/3902/3897 3629/3629/3427 3837/3837/3793
f 4178/4178/4422 4391/4391/4932 5697/5697/4933
f 4936/4936/3473 3657/3657/3475 5582/5582/4606
f 4798/4798/3259 4667/4667/3051 3391/3391/3053
f 3302/3302/2906 4340/4340/4765 5573/5573/4858
f 4693/4693/3091 3894/3894/3887 3415/3415/3092
f 5486/5486/4411 3472/3472/3172 5174/5174/3827
f 4904/4904/3418 3931/3931/3940 5363/5363/4179
f 4962/4962/3522 4909/4909/4934 4389/4389/4923
f 5388/5388/4797 3377/3377/3029 4494/4494/2751
f 4393/4393/4935 3394/3394/3059 3801/3801/3720
f 5075/5075/4486 3241/3241/2797 4954/4954/3508
f 4332/4332/4741 4388/4388/4922 5649/5649/4742
f 3436/3436/3123 4725/4725/4774 3294/3294/2893
f 3564/3564/3323 5728/5728/4936 3645/3645/3452
f 4368/4368/4855 5258/5258/4292 5259/5259/4884
f 4045/4045/4150 4394/4394/4937 3365/3365/3008
f 3199/3199/2723 4396/4396/4938 4473/4473/2724
f 5092/5092/4852 4134/4134/4338 4894/4894/4047
f 5130/5130/3758 3820/3820/3757 4397/4397/4939
f 4658/4658/3037 5641/5641/4723 3381/3381/3038
f 4399/4399/4940 4846/4846/4941 5729/5729/4942
f 4062/4062/4186 3668/3668/3482 4612/4612/2969
f 5728/5728/4936 5510/5510/4473 3645/3645/3452
f 5369/5369/4194 5368/5368/4193 3232/3232/2781
f 5558/5558/4574 4831/4831/4142 4040/4040/4143
f 3286/3286/2876 4556/4556/2878 5550/5550/4555
f 4553/4553/2873 3285/3285/2875 4666/4666/3050
f 4203/4203/4462 5603/5603/4943 5599/5599/4642
f 5167/5167/3818 4400/4400/4944 4863/4863/3339
f 5502/5502/4455 4283/4283/4624 5479/5479/4398
f 5502/5502/4455 5479/5479/4398 4165/4165/4399
f 4387/4387/4920 4066/4066/4195 4067/4067/4196
f 4808/4808/3272 4227/4227/4512 4809/4809/3273
f 3485/3485/3189 3484/3484/3188 4875/4875/3361
f 4912/4912/3441 4963/4963/3525 4120/4120/4314
f 3710/3710/3556 3772/3772/3668 3289/3289/2883
f 4949/4949/3495 3710/3710/3556 5024/5024/3615
f 4215/4215/4487 4480/4480/2739 3208/3208/2738
f 4388/4388/4922 3373/3373/3023 5645/5645/4945
f 3200/3200/2727 4475/4475/2726 5710/5710/4879
f 4958/4958/3515 3687/3687/3517 4130/4130/4331
f 4955/4955/3509 5606/5606/4659 3683/3683/3510
f 3428/3428/3111 4315/4315/4700 5635/5635/4709
f 5236/5236/3944 4896/4896/3399 4080/4080/4227
f 3601/3601/3381 4737/4737/3170 4284/4284/4627
f 4320/4320/4711 5574/5574/4913 4401/4401/4946
f 5490/5490/4416 5493/5493/4887 4145/4145/4364
f 3608/3608/3393 4646/4646/3020 5431/5431/4311
f 3283/3283/2871 3871/3871/3848 3284/3284/2872
f 4493/4493/2750 3249/3249/2809 4158/4158/4384
f 4235/4235/4533 4234/4234/4532 5473/5473/4396
f 4555/4555/2877 3381/3381/3038 5402/5402/4247
f 4181/4181/4428 4322/4322/4714 4087/4087/4234
f 3936/3936/3953 5243/5243/3954 4290/4290/4641
f 5450/5450/4947 5365/5365/4187 4402/4402/4948
f 2910/2910/2377 2688/2688/2378 3524/3524/3249
f 5120/5120/3743 5171/5171/4949 3204/3204/2733
f 5158/5158/3799 4056/4056/4756 4780/4780/4758
f 4297/4297/4653 5019/5019/3597 3893/3893/3886
f 4212/4212/4480 3893/3893/3886 5201/5201/3885
f 4344/4344/4777 4746/4746/4235 5548/5548/4546
f 4122/4122/4321 5409/5409/4260 3534/3534/3269
f 4273/4273/4607 3922/3922/3925 5227/5227/3928
f 5554/5554/4563 4920/4920/3458 3720/3720/3574
f 5731/5731/4950 3404/3404/3076 4403/4403/4951
f 5579/5579/4602 5255/5255/3975 3810/3810/3738
f 4400/4400/4944 3422/3422/3103 5310/5310/4079
f 3303/3303/2907 5258/5258/4292 4368/4368/4855
f 4404/4404/4952 4300/4300/4668 4047/4047/4153
f 4482/4482/2740 3210/3210/2742 5279/5279/4004
f 5605/5605/4654 5294/5294/4040 3985/3985/4039
f 3492/3492/3197 4563/4563/2892 4361/4361/4839
f 3691/3691/3523 4962/4962/3522 4474/4474/2725
f 3999/3999/4061 4968/4968/4062 3950/3950/3976
f 3183/3183/2698 3724/3724/3581 3184/3184/2699
f 5161/5161/4492 3984/3984/4038 3983/3983/4037
f 5547/5547/4538 4405/4405/4953 5065/5065/3672
f 3767/3767/3655 4163/4163/4392 4851/4851/3322
f 3516/3516/3236 5335/5335/4140 5732/5732/4954
f 3940/3940/3959 5247/5247/4549 5246/5246/3960
f 3630/3630/3428 5676/5676/4794 5448/5448/4352
f 4168/4168/4474 4665/4665/3048 3884/3884/3875
f 4898/4898/3405 3617/3617/3407 4221/4221/4724
f 3314/3314/2920 3958/3958/3991 4574/4574/2921
f 4540/4540/2854 5609/5609/4663 3332/3332/2955
f 4822/4822/3297 4024/4024/4119 5733/5733/4955
f 5471/5471/4393 5039/5039/3638 4161/4161/4390
f 4895/4895/4956 4034/4034/4135 4640/4640/3011
f 3943/3943/3964 4884/4884/3380 5563/5563/4579
f 3769/3769/3659 5733/5733/4955 3895/3895/3890
f 5723/5723/4907 4944/4944/3488 3665/3665/3479
f 4277/4277/4612 4286/4286/4630 5569/5569/4592
f 5615/5615/4672 3583/3583/3350 3301/3301/2905
f 5567/5567/4590 4115/4115/4302 4828/4828/4525
f 4473/4473/2724 4095/4095/4254 3478/3478/3181
f 3798/3798/3716 4002/4002/4067 4005/4005/4076
f 3544/3544/3287 3612/3612/3397 4816/4816/3288
f 5533/5533/4540 4305/4305/4680 4403/4403/4951
f 3565/3565/3325 4147/4147/4369 5673/5673/4792
f 3906/3906/3902 4258/4258/4580 5698/5698/4856
f 5322/5322/4105 4337/4337/4749 5497/5497/4436
f 5734/5734/4957 4296/4296/4651 5138/5138/3771
f 3324/3324/2938 5513/5513/4481 4176/4176/4420
f 3604/3604/3385 3833/3833/3785 4960/4960/3521
f 4038/4038/4139 3495/3495/3204 3196/3196/2718
f 4604/4604/2957 4761/4761/3212 3334/3334/2958
f 3861/3861/3828 5174/5174/3827 3892/3892/3884
f 4899/4899/3408 4005/4005/4076 3618/3618/3409
f 3319/3319/2931 3510/3510/3229 4402/4402/4948
f 5514/5514/4482 3921/3921/3924 3790/3790/3705
f 3245/3245/2805 4518/4518/2804 4971/4971/3537
f 4405/4405/4953 5467/5467/4410 5065/5065/3672
f 3205/3205/2734 3568/3568/3328 3206/3206/2735
f 4325/4325/4726 4045/4045/4150 3364/3364/3007
f 3585/3585/3352 4171/4171/4414 4637/4637/3006
f 4262/4262/4584 4354/4354/4814 4263/4263/4585
f 4123/4123/4323 3180/3180/2696 5000/5000/3572
f 5339/5339/4151 5684/5684/4819 4340/4340/4765
f 3007/3007/2389 3099/3099/2390 4520/4520/2812
f 4934/4934/3470 3272/3272/2852 4539/4539/2851
f 4570/4570/2910 5062/5062/3666 3306/3306/2911
f 4802/4802/4404 4048/4048/4156 5319/5319/4101
f 5539/5539/4527 3410/3410/3085 3409/3409/3084
f 4947/4947/3850 4923/4923/4351 3284/3284/2872
f 5682/5682/4817 3951/3951/3977 3686/3686/3516
f 4406/4406/4958 4212/4212/4480 5201/5201/3885
f 4109/4109/4284 5648/5648/4740 4160/4160/4389
f 3582/3582/3348 3583/3583/3350 5653/5653/4752
f 5181/5181/3843 5239/5239/3947 3799/3799/3717
f 3165/3165/4087 4153/4153/4376 4013/4013/4088
f 3600/3600/3378 4887/4887/3380 4075/4075/4221
f 3664/3664/3478 5192/5192/3868 5712/5712/4882
f 4316/4316/4701 4407/4407/4959 5735/5735/4960
f 3180/3180/2696 4999/4999/3571 5000/5000/3572
f 4378/4378/4908 5186/5186/3853 3873/3873/3852
f 5736/5736/4961 4290/4290/4641 5598/5598/4640
f 3387/3387/3045 3388/3388/3047 3429/3429/3114
f 5035/5035/3633 5391/5391/4220 3758/3758/4962
f 3612/3612/3397 3460/3460/3152 5474/5474/4397
f 2777/2777/2397 4754/4754/3196 3101/3101/2398
f 5333/5333/4130 4087/4087/4234 3647/3647/3457
f 4119/4119/4308 3607/3607/3392 3936/3936/3953
f 3298/3298/2898 3195/3195/2714 3989/3989/4049
f 5737/5737/4963 4408/4408/4964 3485/3485/3189
f 4677/4677/3069 3482/3482/3185 4223/4223/4503
f 4246/4246/4561 4659/4659/3039 4296/4296/4651
f 3747/3747/3619 4845/4845/3318 4844/4844/3317
f 3687/3687/3517 4956/4956/3512 4131/4131/4332
f 3362/3362/3004 5454/5454/4359 3363/3363/3005
f 3599/3599/3377 5366/5366/4191 3724/3724/3581
f 3953/3953/3980 3895/3895/3890 5204/5204/3889
f 3726/3726/3584 3328/3328/2950 5387/5387/4218
f 5463/5463/4965 5159/5159/3803 3841/3841/3802
f 3159/3159/2666 4431/4431/2665 3322/3322/2935
f 4989/4989/3554 3375/3375/3026 3376/3376/3028
f 5571/5571/4593 4342/4342/4771 5663/5663/4772
f 4259/4259/4966 5562/5562/4967 4881/4881/3379
f 3261/3261/2832 3191/3191/2711 4463/4463/2710
f 3535/3535/3270 3186/3186/2701 3904/3904/3899
f 4060/4060/4175 4680/4680/3073 5357/5357/4176
f 5735/5735/4960 4317/4317/4702 4316/4316/4701
f 3477/3477/3180 5422/5422/4290 3166/3166/2673
f 3705/3705/3547 5002/5002/3575 4561/4561/2889
f 3869/3869/3841 5659/5659/4968 4794/4794/3842
f 4748/4748/4969 4345/4345/4777 5482/5482/4407
f 3182/3182/2697 5665/5665/4906 3957/3957/3990
f 5156/5156/3845 5512/5512/4478 3870/3870/3846
f 4409/4409/4970 5313/5313/4089 4328/4328/4733
f 5634/5634/4708 5640/5640/4722 3375/3375/3026
f 4057/4057/4171 5302/5302/4058 3485/3485/3189
f 3409/3409/3084 3316/3316/2925 5154/5154/3797
f 5076/5076/4971 5202/5202/4807 4204/4204/4463
f 5205/5205/3894 3713/3713/3561 3714/3714/3563
f 3166/3166/2673 5353/5353/4522 4542/4542/4075
f 4722/4722/4259 4725/4725/4774 3436/3436/3123
f 4122/4122/4321 3916/3916/3917 5409/5409/4260
f 4331/4331/4736 4956/4956/3512 4957/4957/3514
f 5415/5415/4270 3848/3848/3807 4483/4483/2741
f 3799/3799/3717 3914/3914/3915 5181/5181/3843
f 4981/4981/4212 4035/4035/4136 5707/5707/4873
f 3870/3870/3846 4331/4331/4736 4936/4936/3473
f 4721/4721/3153 5560/5560/4578 3470/3470/3165
f 5381/5381/4206 4223/4223/4503 4071/4071/4207
f 5411/5411/4263 4410/4410/4972 4411/4411/4973
f 4741/4741/3175 4371/4371/4869 5667/5667/4778
f 5028/5028/3625 3753/3753/3627 5715/5715/4974
f 3778/3778/3677 3613/3613/3398 4896/4896/3399
f 4530/4530/2829 3293/3293/2890 5086/5086/3695
f 3273/3273/2853 3206/3206/2735 3568/3568/3328
f 5181/5181/3843 3512/3512/3231 5239/5239/3947
f 5489/5489/4413 3717/3717/4975 4454/4454/2691
f 4365/4365/4850 5041/5041/3640 5696/5696/4849
f 3217/3217/2760 3266/3266/2841 5656/5656/4763
f 3872/3872/3849 3871/3871/3848 4043/4043/4148
f 4026/4026/4124 5283/5283/4016 4871/4871/3353
f 4833/4833/4751 4943/4943/3483 3670/3670/3485
f 4240/4240/4548 4729/4729/4547 4728/4728/4904
f 5705/5705/4868 3486/3486/3191 4823/4823/3301
f 3762/3762/3646 4335/4335/4747 5471/5471/4393
f 4443/4443/2686 4412/4412/4976 3960/3960/3996
f 4766/4766/3219 5358/5358/4537 4154/4154/4377
f 5616/5616/4799 4097/4097/4262 4411/4411/4973
f 3494/3494/3201 4742/4742/3176 4741/4741/3175
f 4731/4731/4977 5238/5238/3946 4012/4012/4086
f 3881/3881/3867 5394/5394/4456 5518/5518/4496
f 3563/3563/3321 3272/3272/2852 4934/4934/3470
f 4403/4403/4951 4305/4305/4680 3398/3398/3064
f 5325/5325/4109 4918/4918/3454 3646/3646/3456
f 3486/3486/3191 4767/4767/4978 5320/5320/4312
f 4394/4394/4937 5686/5686/4822 4413/4413/4979
f 5739/5739/4980 5496/5496/4429 4391/4391/4932
f 5717/5717/4886 5739/5739/4980 4391/4391/4932
f 3625/3625/3420 3623/3623/3419 4827/4827/3306
f 3793/3793/3710 4869/4869/4827 4868/4868/3711
f 4914/4914/3442 5724/5724/4910 3995/3995/4054
f 3925/3925/3935 3928/3928/3937 4347/4347/4785
f 5677/5677/4800 4609/4609/4981 4414/4414/4982
f 3254/3254/2817 4524/4524/2819 5681/5681/4806
f 4207/4207/4470 4162/4162/4391 3767/3767/3655
f 5588/5588/4838 3264/3264/2838 5400/5400/4983
f 4374/4374/4889 3849/3849/3808 4561/4561/2889
f 4194/4194/4444 5614/5614/4984 4679/4679/3071
f 3876/3876/3861 5740/5740/4985 3988/3988/4046
f 3243/3243/2801 5449/5449/4354 4668/4668/3052
f 3875/3875/3855 3228/3228/2772 5142/5142/3856
f 4169/4169/4403 5054/5054/4986 4675/4675/3066
f 4393/4393/4935 3801/3801/3720 4415/4415/4987
f 5674/5674/4793 4415/4415/4987 5676/5676/4794
f 4162/4162/4391 4263/4263/4585 4163/4163/4392
f 5476/5476/4617 5478/5478/4988 3731/3731/3592
f 5063/5063/3667 3698/3698/3534 3188/3188/2704
f 5412/5412/4267 4099/4099/4266 4378/4378/4908
f 3950/3950/3976 5593/5593/4620 3951/3951/3977
f 5422/5422/4290 4205/4205/4464 3166/3166/2673
f 5520/5520/4581 5006/5006/3576 3771/3771/3664
f 4272/4272/4605 5047/5047/3642 4193/4193/4441
f 4427/4427/2661 5325/5325/4109 4046/4046/4152
f 3237/3237/2792 4959/4959/3518 3600/3600/3378
f 4332/4332/4741 3230/3230/2778 4414/4414/4982
f 3167/3167/2674 5529/5529/4517 4812/4812/3281
f 3258/3258/2827 4668/4668/3052 5449/5449/4354
f 4051/4051/4158 5385/5385/4242 5341/5341/4159
f 4667/4667/3051 3867/3867/3838 5607/5607/4660
f 5245/5245/3956 4413/4413/4979 5686/5686/4822
f 3643/3643/3449 5712/5712/4882 3644/3644/3450
f 3982/3982/4036 5456/5456/4362 4656/4656/3035
f 3315/3315/2922 4576/4576/2924 4137/4137/4345
f 4166/4166/4401 3447/3447/3138 3768/3768/3656
f 5139/5139/3773 5401/5401/4244 3827/3827/3774
f 4993/4993/3562 4970/4970/3535 3602/3602/3382
f 4278/4278/4614 3636/3636/3436 5489/5489/4413
f 3556/3556/3307 4878/4878/3370 3256/3256/2822
f 3929/3929/4301 4115/4115/4302 4348/4348/4785
f 5597/5597/4635 3997/3997/4059 3574/3574/3337
f 4491/4491/4485 4213/4213/4484 4257/4257/4577
f 4433/4433/2669 3681/3681/3505 4978/4978/3543
f 4388/4388/4922 4332/4332/4741 4609/4609/4981
f 3821/3821/3761 5664/5664/4773 3770/3770/3664
f 4111/4111/4294 4568/4568/2902 3300/3300/2904
f 4966/4966/3530 3179/3179/2694 4124/4124/4323
f 5275/5275/3999 5624/5624/4692 3226/3226/2770
f 4279/4279/4619 4070/4070/4204 3311/3311/2917
f 3381/3381/3038 5641/5641/4723 4188/4188/4434
f 3870/3870/3846 5512/5512/4478 4131/4131/4332
f 3628/3628/3426 5534/5534/4539 3404/3404/3076
f 4237/4237/4535 5056/5056/3657 3953/3953/3980
f 5627/5627/4989 3969/3969/4009 4617/4617/4919
f 4554/4554/2874 3960/3960/3996 5051/5051/3649
f 3536/3536/3271 4809/4809/3273 4931/4931/3469
f 4023/4023/4112 5297/5297/4755 3761/3761/3645
f 4023/4023/4112 5298/5298/4114 5297/5297/4755
f 4591/4591/2944 3872/3872/3849 4043/4043/4148
f 4001/4001/4065 4301/4301/4670 5304/5304/4066
f 3562/3562/3319 5687/5687/4826 3348/3348/2982
f 3358/3358/2998 3357/3357/2997 5547/5547/4538
f 3358/3358/2998 3561/3561/3314 4185/4185/4432
f 5473/5473/4396 4234/4234/4532 5610/5610/4665
f 3164/3164/2672 3163/3163/2671 3973/3973/4020
f 3110/3110/2426 2786/2786/2427 5578/5578/4601
f 5302/5302/4058 5737/5737/4963 3485/3485/3189
f 4383/4383/4914 4526/4526/2823 4815/4815/3285
f 3714/3714/3563 4993/4993/3562 3602/3602/3382
f 4015/4015/4094 3807/3807/3734 5110/5110/3733
f 5235/5235/4990 4855/4855/3326 3978/3978/4026
f 5348/5348/4167 5655/5655/4754 3750/3750/3622
f 4973/4973/3539 3676/3676/3498 4453/4453/4991
f 3277/3277/2860 5214/5214/4544 5429/5429/4647
f 4970/4970/3535 4114/4114/4299 4521/4521/2815
f 4042/4042/4145 3185/3185/2700 3695/3695/3528
f 3653/3653/3467 4927/4927/3466 5665/5665/4906
f 4049/4049/4157 5376/5376/4203 3178/3178/2694
f 4192/4192/4439 4191/4191/4438 5735/5735/4960
f 4190/4190/4437 3819/3819/3755 4191/4191/4438
f 4355/4355/4815 5728/5728/4936 3564/3564/3323
f 4093/4093/4251 5404/5404/4250 4778/4778/4586
f 5702/5702/4863 4196/4196/4448 5703/5703/4864
f 5453/5453/4357 4072/4072/4213 4941/4941/4892
f 3288/3288/2880 5604/5604/4776 4557/4557/2881
f 3670/3670/3485 5300/5300/4056 3851/3851/3810
f 4953/4953/3507 3834/3834/3787 5074/5074/3786
f 3283/3283/2871 4043/4043/4148 3871/3871/3848
f 5613/5613/4667 4846/4846/4941 4399/4399/4940
f 4516/4516/3781 4515/4515/4307 3832/3832/3782
f 4178/4178/4422 5697/5697/4933 5494/5494/4423
f 4923/4923/4351 4581/4581/4762 4037/4037/4138
f 4324/4324/4719 5638/5638/4718 4016/4016/4095
f 3975/3975/4023 3974/3974/4022 4598/4598/2949
f 4897/4897/3400 5741/5741/4992 3614/3614/3401
f 4449/4449/2802 4091/4091/4246 4450/4450/4245
f 3577/3577/3340 4400/4400/4944 5310/5310/4079
f 4709/4709/4761 4133/4133/4337 4036/4036/4137
f 3548/3548/3295 3920/3920/3922 4845/4845/3318
f 4058/4058/4172 5355/5355/4174 5384/5384/4209
f 3246/3246/2806 3683/3683/3510 3891/3891/3883
f 4416/4416/4993 4323/4323/4717 3966/3966/4006
f 63/63/2749 3250/3250/2810 3249/3249/2809
f 3820/3820/3757 3487/3487/3192 4062/4062/4186
f 5275/5275/3999 3962/3962/3998 5624/5624/4692
f 5566/5566/4824 3877/3877/3862 5445/5445/4344
f 4819/4819/3293 5729/5729/4942 3547/3547/3294
f 5742/5742/4994 3539/3539/3278 4920/4920/3458
f 4176/4176/4420 3573/3573/3336 4216/4216/4491
f 4135/4135/4339 4134/4134/4338 5092/5092/4852
f 4960/4960/3521 3344/3344/2974 4961/4961/3522
f 3220/3220/2764 3222/3222/2766 4085/4085/4233
f 5151/5151/4083 4009/4009/4995 4433/4433/2669
f 3277/3277/2860 5429/5429/4647 4294/4294/4648
f 5117/5117/4264 4301/4301/4670 4001/4001/4065
f 4579/4579/4918 4386/4386/4917 4580/4580/4996
f 5075/5075/4486 3238/3238/2793 4209/4209/4472
f 4870/4870/4285 4110/4110/4287 3540/3540/3279
f 3183/3183/2698 3599/3599/3377 3724/3724/3581
f 5399/5399/4997 5386/5386/4242 4090/4090/4243
f 4811/4811/3276 3539/3539/3278 5742/5742/4994
f 3177/3177/2693 4455/4455/2692 4614/4614/2975
f 4081/4081/4228 4872/4872/3356 3276/3276/2859
f 3433/3433/3119 3205/3205/2734 4189/4189/4435
f 3724/3724/3581 4065/4065/4190 3725/3725/3582
f 5425/5425/4298 5393/5393/4225 4079/4079/4226
f 3449/3449/3140 3448/3448/3139 3416/3416/3093
f 5526/5526/4509 5525/5525/4508 3327/3327/2946
f 4337/4337/4749 5608/5608/4662 3726/3726/3584
f 3415/3415/3092 4661/4661/3448 4663/4663/3679
f 4201/4201/4460 4651/4651/4877 5103/5103/3729
f 3591/3591/3366 4188/4188/4434 3655/3655/3472
f 4397/4397/4939 5371/5371/4200 4672/4672/3058
f 4406/4406/4958 4911/4911/3439 5098/5098/3725
f 4417/4417/4998 5435/5435/4317 4022/4022/4106
f 3403/3403/3074 3404/3404/3076 5731/5731/4950
f 4607/4607/2962 3299/3299/2900 4566/4566/2899
f 4104/4104/4382 4313/4313/4753 4157/4157/4383
f 4443/4443/2686 4442/4442/2685 4412/4412/4976
f 5257/5257/3982 3954/3954/3981 3402/3402/3072
f 3360/3360/3001 4635/4635/3000 3708/3708/3550
f 3661/3661/4999 4351/4351/4798 4643/4643/3015
f 4236/4236/4534 4263/4263/4585 4162/4162/4391
f 5359/5359/4813 5205/5205/3894 4231/4231/4787
f 5670/5670/5000 3578/3578/3341 4000/4000/4064
f 5010/5010/3754 4073/4073/4216 3819/3819/3755
f 3894/3894/3887 5084/5084/3691 3501/3501/3213
f 5615/5615/4672 3301/3301/2905 3303/3303/2907
f 4325/4325/4726 4369/4369/4859 5684/5684/4819
f 4477/4477/2731 3204/3204/2733 5107/5107/4469
f 4856/4856/5001 4018/4018/4097 4652/4652/5002
f 4894/4894/4047 3988/3988/4046 4895/4895/4956
f 4933/4933/5003 3407/3407/3080 4687/4687/3079
f 3291/3291/2885 4382/4382/4911 4406/4406/4958
f 5594/5594/4625 3572/3572/3335 3573/3573/3336
f 5387/5387/4218 5315/5315/4091 4074/4074/4217
f 3713/3713/3561 5331/5331/4120 4993/4993/3562
f 5364/5364/4181 5489/5489/4413 4061/4061/4182
f 4370/4370/4860 5681/5681/4806 5455/5455/4360
f 3888/3888/3879 3824/3824/3768 5303/5303/4063
f 3899/3899/3895 3874/3874/3854 4128/4128/4326
f 4218/4218/4497 3746/3746/3618 3836/3836/3792
f 4100/4100/4272 5447/5447/5004 4939/4939/4035
f 4950/4950/3496 4418/4418/5005 4058/4058/4172
f 3921/3921/3924 5514/5514/4482 4127/4127/4325
f 5632/5632/5006 3440/3440/3129 3439/3439/3128
f 4788/4788/3243 4282/4282/4622 3337/3337/2965
f 4345/4345/4777 5537/5537/4521 5482/5482/4407
f 3949/3949/3973 5700/5700/4872 3911/3911/3912
f 5518/5518/4496 5517/5517/4495 4266/4266/4589
f 5271/5271/4729 3938/3938/3957 4909/4909/4934
f 5744/5744/5007 4648/4648/3022 3939/3939/3958
f 3779/3779/3682 5744/5744/5007 3939/3939/3958
f 3588/3588/3357 4251/4251/4571 3392/3392/3056
f 3191/3191/2711 3796/3796/3714 5513/5513/4481
f 4341/4341/4766 5446/5446/4347 3171/3171/2682
f 4454/4454/2691 4496/4496/2754 4061/4061/4182
f 4620/4620/3532 3697/3697/3533 4621/4621/5008
f 5503/5503/4842 4518/4518/2804 3244/3244/2803
f 3443/3443/3133 5314/5314/4090 4714/4714/3134
f 4809/4809/3273 4227/4227/4512 4627/4627/2985
f 5252/5252/3965 3945/3945/3967 4487/4487/4210
f 4441/4441/2683 3907/3907/3903 5209/5209/3905
f 3314/3314/2920 4999/4999/3571 3958/3958/3991
f 4491/4491/4485 4257/4257/4577 4492/4492/4155
f 5560/5560/4578 3973/3973/4020 3470/3470/3165
f 3979/3979/4029 4564/4564/2896 3989/3989/4049
f 4901/4901/3414 4386/4386/4917 5429/5429/4647
f 5130/5130/3758 4397/4397/4939 4671/4671/3057
f 3356/3356/2996 4013/4013/4088 4154/4154/4377
f 5395/5395/4229 5677/5677/4800 4414/4414/4982
f 3302/3302/2906 5573/5573/4858 5289/5289/5009
f 3712/3712/3560 3711/3711/3559 5683/5683/4818
f 5482/5482/4407 4362/4362/4840 3917/3917/3920
f 3992/3992/4258 5743/5743/5010 3639/3639/3443
f 5000/5000/3572 3954/3954/3981 3908/3908/3906
f 3340/3340/2968 4169/4169/4403 4675/4675/3066
f 4031/4031/4132 4834/4834/3311 5288/5288/4122
f 4359/4359/4833 3557/3557/3308 4180/4180/4426
f 5012/5012/3589 3729/3729/3588 5008/5008/4510
f 3883/3883/3871 4089/4089/4241 3213/3213/2748
f 3814/3814/3745 4689/4689/3081 5127/5127/3752
f 4779/4779/4628 4778/4778/4586 4349/4349/4786
f 4137/4137/4345 3579/3579/3342 4864/4864/3344
f 3187/3187/2703 4459/4459/2702 5466/5466/4409
f 3332/3332/2955 4385/4385/4916 3333/3333/2956
f 3437/3437/3126 5316/5316/4093 3838/3838/3795
f 3323/3323/2937 4584/4584/2936 5348/5348/4167
f 3507/3507/3222 4030/4030/4131 5589/5589/4615
f 5581/5581/5011 4809/4809/3273 4155/4155/4380
f 4920/4920/3458 4087/4087/4234 5002/5002/3575
f 3522/3522/3247 4586/4586/3986 4585/4585/4330
f 5431/5431/4311 3704/3704/3545 4814/4814/3284
f 5000/5000/3572 4999/4999/3571 3314/3314/2920
f 4601/4601/4931 3246/3246/2806 3474/3474/3174
f 4276/4276/4610 3948/3948/3972 5215/5215/3914
f 5076/5076/4971 4204/4204/4463 3910/3910/3909
f 5382/5382/4206 4691/4691/3086 4224/4224/4503
f 4417/4417/4998 4022/4022/4106 5324/5324/4108
f 5166/5166/3817 4026/4026/4124 5167/5167/3818
f 4315/4315/4700 3428/3428/3111 5397/5397/4236
f 5169/5169/3823 4339/4339/4760 4364/4364/4847
f 5219/5219/3918 3918/3918/3920 4363/4363/4840
f 4132/4132/4334 3584/3584/3351 4319/4319/4706
f 4317/4317/4702 3952/3952/3978 3951/3951/3977
f 3396/3396/3061 5582/5582/4606 5740/5740/4985
f 3739/3739/3604 3738/3738/3603 3696/3696/3529
f 3171/3171/2682 3172/3172/2684 3329/3329/2952
f 3682/3682/3506 4721/4721/3153 3175/3175/2689
f 4111/4111/4294 4921/4921/3459 3509/3509/3228
f 3342/3342/2971 3466/3466/3161 5689/5689/4836
f 3658/3658/3612 5165/5165/3816 3661/3661/4999
f 4007/4007/4080 5310/5310/4079 4200/4200/4457
f 4734/4734/3166 3163/3163/2671 4461/4461/2707
f 4731/4731/4977 4012/4012/4086 4732/4732/3404
f 3492/3492/3197 4503/4503/2775 4563/4563/2892
f 3920/3920/3922 4551/4551/3658 4845/4845/3318
f 5723/5723/4907 3665/3665/3479 3654/3654/3467
f 4469/4469/2720 5026/5026/3623 3750/3750/3622
f 4274/4274/4876 4650/4650/3762 5059/5059/4498
f 3494/3494/3201 4741/4741/3175 4226/4226/4511
f 4004/4004/4073 5027/5027/3617 3745/3745/3616
f 4221/4221/4724 5278/5278/4725 5216/5216/4897
f 4419/4419/5012 5013/5013/5013 4538/4538/2848
f 3645/3645/3452 5510/5510/4473 4247/4247/4564
f 4499/4499/2758 5241/5241/5014 4100/4100/4272
f 3594/3594/3369 3593/3593/3368 5395/5395/4229
f 4536/4536/2847 3601/3601/3381 4420/4420/5015
f 4547/4547/2865 4082/4082/4231 5101/5101/4795
f 4997/4997/3568 5169/5169/3823 3719/3719/3569
f 4018/4018/4097 4019/4019/4099 5644/5644/4737
f 5605/5605/4654 3985/3985/4039 4711/4711/3124
f 2713/2713/2454 4502/4502/2773 2745/2745/2455
f 3686/3686/3516 3675/3675/3493 3687/3687/3517
f 4591/4591/2944 4590/4590/2943 3872/3872/3849
f 5743/5743/5010 5590/5590/4616 3639/3639/3443
f 5071/5071/3680 3779/3779/3682 3939/3939/3958
f 3882/3882/3870 3505/3505/3220 5333/5333/4130
f 4896/4896/3399 4815/4815/3285 4081/4081/4228
f 4993/4993/3562 5424/5424/4297 4114/4114/4299
f 3198/3198/2723 3321/3321/2933 3405/3405/3077
f 5294/5294/4040 5721/5721/4902 4366/4366/4853
f 4410/4410/4972 5294/5294/4040 4366/4366/4853
f 5027/5027/3617 3749/3749/3621 3746/3746/3618
f 3631/3631/3429 3630/3630/3428 4783/4783/3235
f 3459/3459/3151 3214/3214/2752 3897/3897/3892
f 4444/4444/3424 3496/3496/3205 4405/4405/4953
f 3981/3981/4032 4118/4118/4306 5702/5702/4863
f 4968/4968/4062 4969/4969/3662 3919/3919/3921
f 5145/5145/3783 5438/5438/4322 3785/3785/3693
f 5705/5705/4868 4767/4767/4978 3486/3486/3191
f 5613/5613/4667 4238/4238/5016 4846/4846/4941
f 5589/5589/4615 5288/5288/4122 4025/4025/4121
f 5450/5450/4947 4402/4402/4948 3510/3510/3229
f 5182/5182/3844 5450/5450/4947 3510/3510/3229
f 4946/4946/3492 4628/4628/2986 3815/3815/3748
f 3463/3463/3156 5144/5144/3780 4726/4726/3157
f 4177/4177/4421 4176/4176/4420 4216/4216/4491
f 3482/3482/3185 4930/4930/4687 5522/5522/4504
f 3887/3887/3878 3824/3824/3768 3888/3888/3879
f 4339/4339/4760 4225/4225/4507 5526/5526/4509
f 4314/4314/4699 5703/5703/4864 5107/5107/4469
f 3945/3945/3967 5739/5739/4980 5717/5717/4886
f 4352/4352/4808 3492/3492/3197 4361/4361/4839
f 3425/3425/3108 3683/3683/3510 3426/3426/3109
f 3839/3839/3800 4218/4218/4497 5242/5242/3952
f 4818/4818/3291 5047/5047/3642 4272/4272/4605
f 5604/5604/4776 5747/5747/5017 4302/4302/4671
f 4733/4733/5018 4732/4732/3404 3519/3519/3241
f 3668/3668/3482 3677/3677/3501 3662/3662/3476
f 4488/4488/4211 4178/4178/4422 4489/4489/4657
f 5437/5437/4320 5052/5052/3651 4122/4122/4321
f 5424/5424/4297 4330/4330/4735 5425/5425/4298
f 3912/3912/3913 3911/3911/3912 5700/5700/4872
f 4367/4367/4854 4377/4377/4903 4636/4636/3003
f 4382/4382/4911 4385/4385/4916 4406/4406/4958
f 3357/3357/2997 4154/4154/4377 3889/3889/3880
f 3165/3165/4087 4249/4249/4567 4153/4153/4376
f 5189/5189/3860 5133/5133/3763 3464/3464/3158
f 5416/5416/4271 3244/3244/2803 3783/3783/3689
f 5392/5392/4220 4209/4209/4472 4075/4075/4221
f 5451/5451/5019 4184/4184/5020 3845/3845/3805
f 4807/4807/4019 3164/3164/2672 3973/3973/4020
f 4077/4077/4223 4384/4384/4915 4078/4078/4224
f 4930/4930/4687 3773/3773/3669 5064/5064/3670
f 3661/3661/4999 5165/5165/3816 4351/4351/4798
f 4716/4716/4683 3736/3736/3601 3607/3607/3392
f 4600/4600/4117 4963/4963/3525 3692/3692/3524
f 3772/3772/3668 3290/3290/2884 3289/3289/2883
f 3549/3549/3296 5331/5331/4120 4024/4024/4119
f 3949/3949/3973 5460/5460/4366 5700/5700/4872
f 3785/3785/3693 5049/5049/3644 5085/5085/3694
f 4890/4890/3388 4964/4964/4790 3925/3925/3935
f 4017/4017/4096 5442/5442/4336 4307/4307/4682
f 3835/3835/3788 3229/3229/2774 4106/4106/4280
f 4552/4552/2870 4922/4922/4350 4146/4146/4367
f 4326/4326/4728 5353/5353/4522 4205/4205/4464
f 3000/3000/2460 3940/3940/3959 2848/2848/2461
f 4392/4392/4935 4671/4671/3057 3393/3393/3059
f 5529/5529/4517 3810/3810/3738 4812/4812/3281
f 5545/5545/4576 4255/4255/4575 5577/5577/5021
f 3255/3255/2821 4308/4308/4684 3906/3906/3902
f 3568/3568/3328 3218/3218/2761 3273/3273/2853
f 3685/3685/3513 5024/5024/3615 4089/4089/4241
f 4119/4119/4308 3936/3936/3953 5048/5048/4309
f 4511/4511/2790 4370/4370/4860 3378/3378/3031
f 3476/3476/3824 4830/4830/3863 3451/3451/3143
f 4716/4716/4683 3607/3607/3392 4119/4119/4308
f 3859/3859/3825 3777/3777/4750 5052/5052/3651
f 3475/3475/3178 3859/3859/3825 5052/5052/3651
f 5061/5061/3665 5527/5527/4679 3806/3806/3730
f 3624/3624/3420 5175/5175/3830 4904/4904/3418
f 5096/5096/3722 4842/4842/3316 3802/3802/3723
f 3760/3760/3643 4758/4758/3203 4757/4757/3202
f 4421/4421/5022 5349/5349/4168 4505/4505/2777
f 4871/4871/3353 3587/3587/3355 3423/3423/3104
f 5036/5036/3635 3595/3595/3372 3773/3773/3669
f 3307/3307/2912 3306/3306/2911 5664/5664/4773
f 5748/5748/5023 3846/3846/5024 5414/5414/4270
f 4049/4049/4157 5342/5342/4160 5376/5376/4203
f 5323/5323/4107 4022/4022/4106 3226/3226/2770
f 5508/5508/4467 4316/4316/4701 5509/5509/4468
f 4071/4071/4207 5296/5296/4048 5383/5383/4208
f 5479/5479/4398 4958/4958/3515 4130/4130/4331
f 4790/4790/3252 4791/4791/3254 3974/3974/4022
f 5411/5411/4263 3518/3518/3240 5294/5294/4040
f 3847/3847/3806 4910/4910/3437 4278/4278/4614
f 4874/4874/3360 4057/4057/4171 4875/4875/3361
f 3500/3500/3211 5610/5610/4665 5361/5361/4177
f 5027/5027/3617 4004/4004/4073 4759/4759/3209
f 4075/4075/4221 4887/4887/3380 3757/3757/3634
f 4969/4969/3662 5455/5455/4360 3551/3551/3299
f 5740/5740/4985 5582/5582/4606 3657/3657/3475
f 3422/3422/3103 3424/3424/3105 5310/5310/4079
f 2901/2901/2466 3115/3115/2468 5459/5459/5025
f 3964/3964/4003 5313/5313/4089 5414/5414/4270
f 5719/5719/4895 5054/5054/4986 4169/4169/4403
f 4390/4390/4926 4790/4790/3252 3975/3975/4023
f 3515/3515/3234 4832/4832/4069 4083/4083/4232
f 4273/4273/4607 4618/4618/4921 3922/3922/3925
f 3211/3211/2744 4220/4220/5026 4485/4485/2745
f 5664/5664/4773 4260/4260/4582 5519/5519/4581
f 3708/3708/3550 5480/5480/4400 4289/4289/4638
f 4325/4325/4726 4279/4279/4619 4369/4369/4859
f 4447/4447/3423 5290/5290/4081 3497/3497/3206
f 3689/3689/3520 3906/3906/3902 5698/5698/4856
f 4928/4928/3468 4673/4673/3062 4319/4319/4706
f 4594/4594/3791 4280/4280/4621 4995/4995/5027
f 3513/3513/3232 4657/4657/3036 5018/5018/3595
f 2793/2793/2471 3027/3027/1738 4858/4858/3332
f 4909/4909/4934 3938/3938/3957 4389/4389/4923
f 4801/4801/3267 3534/3534/3269 5261/5261/5028
f 3733/3733/3598 4657/4657/3036 4315/4315/4700
f 5733/5733/4955 4285/4285/4629 4822/4822/3297
f 3501/3501/3213 5084/5084/3691 3615/3615/3403
f 3842/3842/3804 3533/3533/3268 5087/5087/3698
f 5090/5090/3709 3792/3792/3708 3791/3791/3707
f 4574/4574/2921 4422/4422/5029 4295/4295/4649
f 3824/3824/3768 5136/5136/3767 5507/5507/4465
f 3665/3665/3479 4326/4326/4728 3666/3666/3480
f 3869/3869/3841 3868/3868/3840 3743/3743/3610
f 5446/5446/4347 4439/4439/2680 3171/3171/2682
f 4981/4981/4212 4980/4980/5030 4035/4035/4136
f 5125/5125/3750 5244/5244/4277 3536/3536/3271
f 4561/4561/2889 3849/3849/3808 3293/3293/2890
f 4150/4150/4832 3557/3557/3308 4359/4359/4833
f 3246/3246/2806 3891/3891/3883 3474/3474/3174
f 5097/5097/3724 3304/3304/2908 4032/4032/4133
f 5635/5635/4709 4320/4320/4711 4401/4401/4946
f 3623/3623/3419 3902/3902/3897 3837/3837/3793
f 4404/4404/4952 4047/4047/4153 4773/4773/3226
f 5116/5116/5031 5221/5221/3926 4067/4067/4196
f 4078/4078/4224 5746/5746/5032 4422/4422/5029
f 4358/4358/4830 5405/5405/4253 4329/4329/4734
f 5152/5152/3794 4478/4478/2732 3437/3437/3126
f 4663/4663/3679 4751/4751/3187 3415/3415/3092
f 5242/5242/3952 3382/3382/3040 4659/4659/3039
f 4371/4371/4869 5739/5739/4980 5667/5667/4778
f 4385/4385/4916 5609/5609/4663 4212/4212/4480
f 3276/3276/2859 4872/4872/3356 3277/3277/2860
f 4073/4073/4216 4655/4655/3033 4191/4191/4438
f 5721/5721/4902 5605/5605/4654 4297/4297/4653
f 4164/4164/4394 4158/4158/4384 5472/5472/4395
f 3983/3983/4037 4529/4529/2828 4756/4756/3199
f 5501/5501/4453 5156/5156/3845 4321/4321/4713
f 5327/5327/4113 3712/3712/3560 5298/5298/4114
f 3494/3494/3201 4226/4226/4511 3898/3898/3893
f 5515/5515/4483 4639/4639/3010 4213/4213/4484
f 4435/4435/2670 4185/4185/4432 3411/3411/3087
f 3749/3749/3621 4759/4759/3209 4421/4421/5022
f 4357/4357/4829 5709/5709/4875 4025/4025/4121
f 4419/4419/5012 5269/5269/4745 5013/5013/5013
f 3317/3317/2929 3744/3744/3614 4991/4991/3557
f 5263/5263/3988 4293/4293/4646 4229/4229/4520
f 4917/4917/3453 3645/3645/3452 5372/5372/4712
f 4044/4044/4149 5339/5339/4151 5663/5663/4772
f 5482/5482/4407 3917/3917/3920 5226/5226/3928
f 3041/3041/2477 2827/2827/2478 3765/3765/3652
f 5537/5537/4521 4084/4084/4233 5482/5482/4407
f 4283/4283/4624 5682/5682/4817 5479/5479/4398
f 5570/5570/5033 4660/4660/3046 3558/3558/3309
f 5633/5633/4707 4077/4077/4223 3958/3958/3991
f 3519/3519/3241 4788/4788/3243 4729/4729/4547
f 4933/4933/5003 4411/4411/4973 3407/3407/3080
f 3324/3324/2938 4177/4177/4421 5504/5504/4554
f 3493/3493/3200 4188/4188/4434 4755/4755/3198
f 3493/3493/3200 4529/4529/2828 5402/5402/4247
f 4423/4423/5034 3743/3743/3610 3742/3742/3609
f 5196/5196/3971 3459/3459/3151 3266/3266/2841
f 4308/4308/4684 5672/5672/4791 5620/5620/4685
f 5002/5002/3575 4322/4322/4714 4374/4374/4889
f 4028/4028/4128 4096/4096/4255 5426/5426/4300
f 5693/5693/4843 3803/3803/3727 3797/3797/3715
f 5322/5322/4105 5608/5608/4662 4337/4337/4749
f 5548/5548/4546 4229/4229/4520 5536/5536/4521
f 5663/5663/4772 5339/5339/4151 4373/4373/4888
f 5137/5137/3769 5034/5034/5035 4041/4041/4143
f 3536/3536/3271 5749/5749/5036 4808/4808/3272
f 3579/3579/3342 4137/4137/4345 4576/4576/2924
f 4158/4158/4384 4164/4164/4394 4760/4760/3210
f 3508/3508/3227 3930/3930/3939 4568/4568/2902
f 4879/4879/3371 3933/3933/3949 4525/4525/2820
f 5553/5553/4562 3662/3662/3476 3998/3998/4060
f 4350/4350/4796 5639/5639/4720 3377/3377/3029
f 5448/5448/4352 4783/4783/3235 3630/3630/3428
f 5617/5617/4678 4349/4349/4786 4304/4304/4677
f 5745/5745/5007 5662/5662/4770 4336/4336/4747
f 5079/5079/3683 3200/3200/2727 4342/4342/4771
f 4288/4288/4636 4156/4156/4381 3997/3997/4059
f 3341/3341/2970 3663/3663/3477 4998/4998/3570
f 5413/5413/4268 3751/3751/3624 3593/3593/3368
f 4138/4138/4346 5551/5551/4556 5550/5550/4555
f 3298/3298/2898 4565/4565/2897 3195/3195/2714
f 4004/4004/4073 3499/3499/3208 4759/4759/3209
f 5638/5638/4718 4713/4713/3131 4132/4132/4334
f 3059/3059/2483 2905/2905/2484 4313/4313/4753
f 3358/3358/2998 4185/4185/4432 3356/3356/2996
f 5692/5692/5037 3489/3489/3194 4381/4381/4909
f 3358/3358/2998 3454/3454/4021 4840/4840/3315
f 4727/4727/3159 5189/5189/3860 3464/3464/3158
f 4078/4078/4224 3268/3268/2844 5746/5746/5032
f 3989/3989/4049 3195/3195/2714 3194/3194/2713
f 3796/3796/3714 3905/3905/3900 5594/5594/4625
f 4634/4634/2993 3755/3755/3630 4952/4952/3500
f 4625/4625/2981 4376/4376/4899 4617/4617/4919
f 2651/2651/2486 2988/2988/2285 3678/3678/3502
f 4973/4973/3539 3462/3462/3155 3676/3676/3498
f 4217/4217/4494 3866/3866/3835 3448/3448/3139
f 3554/3554/3303 5656/5656/4763 3543/3543/3286
f 4917/4917/3453 4252/4252/4573 5557/5557/4572
f 4141/4141/4356 4207/4207/4470 4072/4072/4213
f 3672/3672/3487 3671/3671/3486 5051/5051/3649
f 4148/4148/4370 4691/4691/3086 3410/3410/3085
f 4456/4456/2695 5722/5722/4907 3182/3182/2697
f 3560/3560/3312 4017/4017/4096 4307/4307/4682
f 5526/5526/4509 3327/3327/2946 4592/4592/2945
f 3656/3656/3474 3685/3685/3513 4089/4089/4241
f 3366/3366/3012 4640/4640/3011 4700/4700/3702
f 3328/3328/2950 5571/5571/4593 4306/4306/4681
f 4979/4979/3872 3212/3212/2747 4980/4980/5030
f 4081/4081/4228 4815/4815/3285 4872/4872/3356
f 5370/5370/4199 5094/5094/4730 4327/4327/4731
f 4148/4148/4370 3410/3410/3085 5343/5343/4161
f 3471/3471/3169 5088/5088/3700 4948/4948/3494
f 4589/4589/2941 4588/4588/2940 4290/4290/4641
f 3233/3233/2783 4726/4726/3157 4508/4508/2784
f 3518/3518/3240 4786/4786/3239 3985/3985/4039
f 4053/4053/4162 3410/3410/3085 5539/5539/4527
f 4239/4239/4541 4300/4300/4668 4404/4404/4952
f 4824/4824/3304 3554/3554/3303 3543/3543/3286
f 4980/4980/5030 5087/5087/3698 4035/4035/4136
f 5152/5152/3794 3437/3437/3126 3838/3838/3795
f 5697/5697/4933 4310/4310/4689 4469/4469/2720
f 4668/4668/3052 4667/4667/3051 3243/3243/2801
f 4192/4192/4439 5735/5735/4960 4407/4407/4959
f 5021/5021/3608 4360/4360/4834 5265/5265/4721
f 4152/4152/4374 4600/4600/4117 3203/3203/2730
f 4268/4268/4596 4190/4190/4437 4192/4192/4439
f 4142/4142/4358 5541/5541/4676 3602/3602/3382
f 4322/4322/4714 5709/5709/4875 4357/4357/4829
f 5355/5355/4174 4021/4021/4103 5384/5384/4209
f 3094/3094/5038 2680/2680/2488 3370/3370/3014
f 3461/3461/3154 4734/4734/3166 4418/4418/5005
f 4606/4606/2961 3747/3747/3619 5650/5650/4744
f 3509/3509/3228 3508/3508/3227 4111/4111/4294
f 5464/5464/4373 3807/3807/3734 5234/5234/3941
f 5110/5110/3733 4897/4897/3400 3802/3802/3723
f 5632/5632/5006 4556/4556/2878 4091/4091/4246
f 5236/5236/3944 3778/3778/3677 4896/4896/3399
f 3281/3281/2867 5197/5197/3873 4558/4558/2882
f 4719/4719/3149 3458/3458/3148 4311/4311/4690
f 3753/3753/3627 3752/3752/3626 4355/4355/4815
f 4467/4467/2717 4541/4541/4927 4038/4038/4139
f 4629/4629/2988 4392/4392/4935 5675/5675/4793
f 4323/4323/4717 4324/4324/4719 3966/3966/4006
f 4774/4774/3230 3319/3319/2931 3198/3198/2723
f 3679/3679/3503 4198/4198/4452 4210/4210/4475
f 3419/3419/3099 5570/5570/5033 3558/3558/3309
f 5690/5690/4837 3706/3706/3548 5347/5347/4166
f 3457/3457/3146 5692/5692/5037 4841/4841/3315
f 5170/5170/4442 3271/3271/2850 4850/4850/3320
f 3465/3465/3160 5524/5524/4506 5498/5498/4440
f 4253/4253/4575 5558/5558/4574 4040/4040/4143
f 4353/4353/4810 5057/5057/3660 4683/4683/3661
f 5126/5126/3752 4688/4688/3081 3408/3408/3083
f 4703/4703/3107 5691/5691/5039 4241/4241/4550
f 4356/4356/4825 5681/5681/4806 4370/4370/4860
f 5654/5654/5040 3391/3391/3053 5704/5704/4867
f 4572/4572/2915 3310/3310/2914 3817/3817/3751
f 5750/5750/5041 4286/4286/4630 3971/3971/4015
f 5457/5457/4363 5323/5323/4107 3875/3875/3855
f 4375/4375/4894 4780/4780/4758 4782/4782/3600
f 4769/4769/3499 3677/3677/3501 3668/3668/3482
f 5725/5725/4925 3490/3490/3195 4790/4790/3252
f 4006/4006/4078 3572/3572/3335 5594/5594/4625
f 4404/4404/4952 4773/4773/3226 5396/5396/4542
f 5650/5650/4744 4844/4844/3317 3310/3310/2914
f 4946/4946/3492 3571/3571/3334 4628/4628/2986
f 4105/4105/4279 5203/5203/3888 4128/4128/4326
f 3774/3774/3671 5547/5547/4538 5065/5065/3672
f 3858/3858/3822 4225/4225/4507 4339/4339/4760
f 3744/3744/3614 3317/3317/2929 3725/3725/3582
f 4279/4279/4619 5704/5704/4867 4070/4070/4204
f 2688/2688/2378 3120/3120/2492 3524/3524/3249
f 4103/4103/4278 4690/4690/3082 4372/4372/4881
f 5608/5608/4662 4597/4597/2948 3726/3726/3584
f 3249/3249/2809 5472/5472/4395 4158/4158/4384
f 5702/5702/4863 4314/4314/4699 3981/3981/4032
f 5245/5245/3956 4284/4284/4627 4413/4413/4979
f 3436/3436/3123 3294/3294/2893 3297/3297/2895
f 3282/3282/2869 5110/5110/3733 3802/3802/3723
f 5171/5171/4949 4850/4850/3320 3204/3204/2733
f 5268/5268/4745 3937/3937/3955 5271/5271/4729
f 4361/4361/4839 3856/3856/3819 5726/5726/4928
f 4186/4186/4433 3561/3561/3314 4379/4379/5042
f 3734/3734/3599 4427/4427/2661 4047/4047/4153
f 4252/4252/4573 5690/5690/4837 5347/5347/4166
f 4063/4063/4188 4643/4643/3015 4281/4281/4621
f 3285/3285/2875 4554/4554/2874 4861/4861/3923
f 5247/5247/4549 3643/3643/3449 4916/4916/3451
f 4916/4916/3451 4105/4105/4279 5246/5246/3960
f 4947/4947/3850 3284/3284/2872 3871/3871/3848
f 3373/3373/3023 4608/4608/2964 3336/3336/2963
f 4245/4245/4559 4352/4352/4808 5726/5726/4928
f 4331/4331/4736 3656/3656/3474 4936/4936/3473
f 5198/5198/3874 3551/3551/3299 4735/4735/3167
f 5717/5717/4886 4391/4391/4932 4178/4178/4422
f 5308/5308/4072 3499/3499/3208 4004/4004/4073
f 4543/4543/2856 3265/3265/2839 3264/3264/2838
f 4699/4699/5043 3366/3366/3012 4700/4700/3702
f 3938/3938/3957 5245/5245/3956 5686/5686/4822
f 3292/3292/2887 5350/5350/4900 4805/4805/4675
f 3292/3292/2887 4805/4805/4675 4560/4560/2888
f 3218/3218/2761 4501/4501/2763 4540/4540/2854
f 4863/4863/3339 4400/4400/4944 3577/3577/3340
f 4601/4601/4931 3474/3474/3174 4739/4739/3173
f 5302/5302/4058 3575/3575/3338 3574/3574/3337
f 3424/3424/3105 4200/4200/4457 5310/5310/4079
f 3431/3431/3116 4707/4707/3118 5042/5042/5044
f 3801/3801/3720 3914/3914/3915 3800/3800/3718
f 4369/4369/4859 4279/4279/4619 3311/3311/2917
f 5082/5082/3687 3931/3931/3940 5175/5175/3830
f 4734/4734/3166 4462/4462/2709 4418/4418/5005
f 5176/5176/3831 3624/3624/3420 5572/5572/4594
f 4229/4229/4520 4293/4293/4646 3220/3220/2764
f 4111/4111/4294 3300/3300/2904 3542/3542/3283
f 5048/5048/4309 3936/3936/3953 4507/4507/2782
f 3792/3792/3708 4868/4868/3711 4870/4870/4285
f 4718/4718/3147 4401/4401/4946 3465/3465/3160
f 5111/5111/3736 3673/3673/3490 3979/3979/4029
f 4100/4100/4272 5241/5241/5014 5447/5447/5004
f 3335/3335/2960 5581/5581/5011 3934/3934/3950
f 4779/4779/4628 3194/3194/2713 4777/4777/4878
f 4415/4415/4987 3801/3801/3720 5095/5095/3721
f 3593/3593/3368 3838/3838/3795 5395/5395/4229
f 3336/3336/2963 4566/4566/2899 4140/4140/4353
f 4208/4208/4471 5318/5318/4100 4992/4992/3558
f 4791/4791/3254 5079/5079/3683 3974/3974/4022
f 3705/3705/3547 3706/3706/3548 5531/5531/4519
f 3575/3575/3338 4057/4057/4171 4874/4874/3360
f 3216/3216/2757 3215/3215/2756 5708/5708/4874
f 5448/5448/4352 3514/3514/3233 4783/4783/3235
f 3489/3489/3194 5692/5692/5037 5055/5055/3653
f 3950/3950/3976 3952/3952/3978 3999/3999/4061
f 4648/4648/3022 5645/5645/4945 3373/3373/3023
f 3971/3971/4015 4286/4286/4630 4277/4277/4612
f 4301/4301/4670 5538/5538/4526 5304/5304/4066
f 3311/3311/2917 4070/4070/4204 3312/3312/2918
f 5734/5734/4957 4599/4599/2951 3468/3468/3163
f 4715/4715/4044 5661/5661/4769 3987/3987/4045
f 3811/3811/3741 5353/5353/4522 4326/4326/4728
f 5380/5380/4205 3540/3540/3279 3441/3441/3130
f 5368/5368/4193 4424/4424/5045 3232/3232/2781
f 5749/5749/5036 5244/5244/4277 4103/4103/4278
f 4126/4126/4324 4764/4764/3217 3502/3502/3216
f 3527/3527/5046 3605/3605/3386 3690/3690/3523
f 4405/4405/4953 5547/5547/4538 4444/4444/3424
f 4854/4854/3326 3565/3565/3325 5673/5673/4792
f 5413/5413/4268 3592/3592/3367 5751/5751/5047
f 5113/5113/5048 3702/3702/5049 5223/5223/5050
f 3135/3135/2202 4338/4338/4789 2731/2731/2502
f 3184/3184/2699 3318/3318/2930 3185/3185/2700
f 5289/5289/5009 5160/5160/5051 3302/3302/2906
f 3355/3355/2995 3275/3275/2858 3269/3269/2845
f 4934/4934/3470 3655/3655/3472 3563/3563/3321
f 5368/5368/4193 3483/3483/3186 4424/4424/5045
f 4307/4307/4682 5319/5319/4101 5318/5318/4100
f 3354/3354/2994 4634/4634/2993 4952/4952/3500
f 5473/5473/4396 5556/5556/4566 4235/4235/4533
f 5458/5458/4365 3982/3982/4036 3380/3380/3034
f 3944/3944/3964 5032/5032/3632 4885/4885/3380
f 3769/3769/3659 4551/4551/3658 4285/4285/4629
f 5031/5031/3631 3570/3570/3331 4217/4217/4494
f 4965/4965/3984 3606/3606/3389 4042/4042/4145
f 3239/3239/2794 4754/4754/3196 3492/3492/3197
f 3847/3847/3806 4278/4278/4614 3848/3848/3807
f 5648/5648/4740 5070/5070/5052 4332/4332/4741
f 4070/4070/4204 3258/3258/2827 4528/4528/2826
f 4615/4615/2976 5020/5020/3607 3741/3741/3606
f 4700/4700/3702 4309/4309/4686 3991/3991/4052
f 5021/5021/3608 3743/3743/3610 4360/4360/4834
f 3967/3967/4007 4017/4017/4096 3560/3560/3312
f 3356/3356/2996 4154/4154/4377 3357/3357/2997
f 4416/4416/4993 3966/3966/4006 4020/4020/4102
f 4623/4623/2979 3288/3288/2880 3287/3287/2879
f 4338/4338/4789 3569/3569/3330 4857/4857/3329
f 4980/4980/5030 3212/3212/2747 5087/5087/3698
f 3280/3280/2866 4547/4547/2865 5100/5100/3962
f 4640/4640/3011 3786/3786/3697 4695/4695/3094
f 4915/4915/3445 3642/3642/3447 4662/4662/4450
f 5565/5565/4673 4819/4819/3293 3546/3546/3292
f 4405/4405/4953 3496/3496/3205 4033/4033/4134
f 3980/3980/4031 5416/5416/4271 3427/3427/3110
f 4582/4582/2928 5485/5485/4408 3208/3208/2738
f 5028/5028/3625 4621/4621/5008 3752/3752/3626
f 4932/4932/4703 4687/4687/3079 4175/4175/4417
f 3959/3959/3994 4874/4874/3360 3433/3433/3119
f 4076/4076/4222 4078/4078/4224 4422/4422/5029
f 4276/4276/4610 5141/5141/3857 5143/5143/4623
f 5395/5395/4229 3230/3230/2778 3825/3825/3770
f 5283/5283/4016 4277/4277/4612 4871/4871/3353
f 5279/5279/4004 3210/3210/2742 3968/3968/4008
f 3158/3158/2662 3735/3735/3599 4819/4819/3293
f 4505/4505/2777 3592/3592/3367 3825/3825/3770
f 3186/3186/2701 3305/3305/2909 5398/5398/4237
f 4354/4354/4814 5715/5715/4974 4355/4355/4815
f 5111/5111/3736 3979/3979/4029 5291/5291/4028
f 4165/4165/4399 4130/4130/4331 4131/4131/4332
f 3927/3927/3936 4174/4174/4415 4230/4230/4524
f 4513/4513/2795 4352/4352/4808 4245/4245/4559
f 3620/3620/3411 3196/3196/2718 3495/3495/3204
f 3352/3352/5053 4605/4605/2959 5150/5150/4083
f 3923/3923/3930 3216/3216/2757 4101/4101/4273
f 3408/3408/3083 5244/5244/4277 5126/5126/3752
f 4299/4299/4661 4598/4598/2949 4597/4597/2948
f 5682/5682/4817 3686/3686/3516 4958/4958/3515
f 4366/4366/4853 5721/5721/4902 4367/4367/4854
f 4558/4558/2882 3169/3169/2676 4542/4542/4075
f 5600/5600/4650 4422/4422/5029 5746/5746/5032
f 5416/5416/4271 4261/4261/4583 3244/3244/2803
f 3317/3317/2929 4991/4991/3557 5185/5185/3851
f 5726/5726/4928 4352/4352/4808 4361/4361/4839
f 5106/5106/4698 5293/5293/4033 4314/4314/4699
f 3812/3812/3742 3811/3811/3741 4326/4326/4728
f 5600/5600/4650 5679/5679/4802 3996/3996/4057
f 5232/5232/3933 3874/3874/3854 5205/5205/3894
f 4983/4983/4126 3211/3211/2744 4484/4484/2743
f 3270/3270/2849 3371/3371/3017 4250/4250/4570
f 5073/5073/5054 3834/3834/3787 3780/3780/3682
f 5737/5737/4963 3416/3416/3093 4408/4408/4964
f 3739/3739/3604 4967/4967/3531 3603/3603/3383
f 3866/3866/3835 4484/4484/2743 5669/5669/4780
f 3493/3493/3200 3381/3381/3038 4188/4188/4434
f 5695/5695/5055 3351/3351/2989 4982/4982/3546
f 5568/5568/4591 3179/3179/2694 4966/4966/3530
f 5453/5453/4357 5361/5361/4177 4141/4141/4356
f 4950/4950/3496 4058/4058/4172 5295/5295/4041
f 5088/5088/3700 3772/3772/3668 3710/3710/3556
f 3776/3776/3674 4853/4853/3676 4787/4787/3242
f 5184/5184/3847 3870/3870/3846 3395/3395/3060
f 3837/3837/3793 4878/4878/3370 3623/3623/3419
f 5237/5237/3944 3723/3723/3579 5422/5422/4290
f 5277/5277/4001 5671/5671/4784 3633/3633/3430
f 5648/5648/4740 4109/4109/4284 5440/5440/4499
f 5736/5736/4961 5598/5598/4640 4424/4424/5045
f 4383/4383/4914 5066/5066/4845 4526/4526/2823
f 3399/3399/3068 3401/3401/3070 3567/3567/3327
f 3998/3998/4060 3428/3428/3111 4343/4343/4775
f 3290/3290/2884 3333/3333/2956 4382/4382/4911
f 3549/3549/3296 4024/4024/4119 4822/4822/3297
f 5417/5417/4275 3276/3276/2859 3355/3355/2995
f 4572/4572/2915 5125/5125/3750 3536/3536/3271
f 2853/2853/2508 3121/3121/2509 5419/5419/4282
f 4099/4099/4266 3941/3941/3961 4378/4378/4908
f 4408/4408/4964 3415/3415/3092 4751/4751/3187
f 4479/4479/2736 3206/3206/2735 3648/3648/3460
f 3005/3005/2510 3399/3399/3068 3083/3083/2511
f 3682/3682/3506 4559/4559/2886 4721/4721/3153
f 4762/4762/3214 3964/3964/4003 3965/3965/4005
f 5477/5477/4988 5296/5296/4048 4092/4092/4248
f 4629/4629/2988 4671/4671/3057 4392/4392/4935
f 4364/4364/4847 4592/4592/2945 4984/4984/4553
f 3396/3396/3061 5740/5740/4985 3876/3876/3861
f 3521/3521/3246 4692/4692/3088 3520/3520/3244
f 5737/5737/4963 3449/3449/3140 3416/3416/3093
f 5467/5467/4410 4405/4405/4953 4033/4033/4134
f 3752/3752/3626 5728/5728/4936 4355/4355/4815
f 4090/4090/4243 5753/5753/5056 5399/5399/4997
f 4474/4474/2725 3200/3200/2727 4791/4791/3254
f 3586/3586/3354 5660/5660/4768 3715/3715/3564
f 5574/5574/4913 4320/4320/4711 5312/5312/4710
f 3907/3907/3903 3546/3546/3292 5208/5208/3904
f 4068/4068/4197 4321/4321/4713 4298/4298/4658
f 3890/3890/3882 5053/5053/3881 4444/4444/3424
f 5729/5729/4942 5434/5434/4316 3547/3547/3294
f 3874/3874/3854 5680/5680/4804 4128/4128/4326
f 4685/4685/4419 4423/4423/5034 3742/3742/3609
f 5338/5338/4147 3996/3996/4057 4043/4043/4148
f 3795/3795/3713 3905/3905/3900 3796/3796/3714
f 4618/4618/4921 4067/4067/4196 5221/5221/3926
f 5372/5372/4712 3720/3720/3574 5531/5531/4519
f 4649/4649/3024 5374/5374/4201 3628/3628/3426
f 5458/5458/4365 4937/4937/4034 3982/3982/4036
f 4064/4064/4189 3414/3414/3090 4616/4616/2977
f 4413/4413/4979 4284/4284/4627 5124/5124/4626
f 3596/3596/3373 5082/5082/3687 3597/3597/3374
f 5591/5591/4618 3694/3694/3527 3693/3693/3526
f 2655/2655/2514 2942/2942/2515 4055/4055/4756
f 3885/3885/3876 3921/3921/3924 4127/4127/4325
f 3655/3655/3472 5640/5640/4722 5634/5634/4708
f 3790/3790/3705 4860/4860/4169 3763/3763/3648
f 4139/4139/4348 5445/5445/4344 4880/4880/3376
f 3459/3459/3151 4495/4495/2753 3214/3214/2752
f 3189/3189/2705 3698/3698/3534 4746/4746/4235
f 4133/4133/4337 5642/5642/4727 3912/3912/3913
f 3741/3741/3606 3740/3740/3605 3970/3970/4011
f 4927/4927/3466 4318/4318/4705 5417/5417/4275
f 4651/4651/4877 4201/4201/4460 4856/4856/5001
f 4976/4976/3542 3700/3700/3541 5112/5112/5048
f 2763/2763/2516 2943/2943/2518 4684/4684/5057
f 3432/3432/3117 5552/5552/4560 3688/3688/3519
f 4943/4943/3483 3799/3799/3717 3669/3669/3484
f 3955/3955/3987 4149/4149/4371 4293/4293/4646
f 4133/4133/4337 3339/3339/2967 3338/3338/2966
f 3383/3383/3041 4218/4218/4497 3836/3836/3792
f 4036/4036/4137 4037/4037/4138 4581/4581/4762
f 3280/3280/2866 5100/5100/3962 5672/5672/4791
f 4907/4907/3431 5552/5552/4560 3431/3431/3116
f 4252/4252/4573 5347/5347/4166 4669/4669/3054
f 3190/3190/2708 5725/5725/4925 5626/5626/4696
f 4094/4094/4252 4506/4506/2779 5716/5716/4885
f 3632/3632/3430 5260/5260/3985 5276/5276/4001
f 5711/5711/4880 5458/5458/4365 3764/3764/3650
f 3550/3550/3298 5711/5711/4880 3764/3764/3650
f 4713/4713/3131 3584/3584/3351 4132/4132/4334
f 2884/2884/2519 2682/2682/2520 3389/3389/4451
f 3589/3589/3362 4932/4932/4703 4708/4708/3120
f 5664/5664/4773 5519/5519/4581 3770/3770/3664
f 5029/5029/3628 3354/3354/2994 4952/4952/3500
f 4783/4783/3235 3515/3515/3234 4082/4082/4231
f 2961/2961/2521 2689/2689/2522 4220/4220/5026
f 5005/5005/4634 5004/5004/4051 4267/4267/4595
f 4678/4678/3069 4224/4224/4503 4148/4148/4370
f 4556/4556/2878 5632/5632/5006 3439/3439/3128
f 3781/3781/3685 5080/5080/3684 5346/5346/4164
f 4599/4599/2951 5689/5689/4836 3468/3468/3163
f 5649/5649/4742 4388/4388/4922 5645/5645/4945
f 3407/3407/3080 4366/4366/4853 3361/3361/3002
f 3264/3264/2838 4451/4451/2840 5389/5389/5058
f 3129/3129/2524 2895/2895/2525 3707/3707/3549
f 5504/5504/4554 5503/5503/4842 4039/4039/4141
f 3840/3840/3801 3839/3839/3800 4343/4343/4775
f 4037/4037/4138 5576/5576/5059 4923/4923/4351
f 5396/5396/4542 4773/4773/3226 3509/3509/3228
f 3312/3312/2918 4070/4070/4204 4528/4528/2826
f 3869/3869/3841 5658/5658/4812 5659/5659/4968
f 5288/5288/4122 4208/4208/4471 5332/5332/4123
f 3706/3706/3548 4562/4562/2891 5713/5713/4883
f 5488/5488/4412 3315/3315/2922 4138/4138/4346
f 3329/3329/2952 5328/5328/4115 4011/4011/4085
f 5591/5591/4618 5098/5098/3725 3694/3694/3527
f 2705/2705/2527 2841/2841/2528 4784/4784/4633
f 3731/3731/3592 4578/4578/2927 4577/4577/2926
f 3701/3701/3541 5595/5595/4866 5222/5222/5050
f 5635/5635/4709 4401/4401/4946 4704/4704/3112
f 5474/5474/4397 3863/3863/3832 4228/4228/4515
f 3361/3361/3002 4367/4367/4854 4636/4636/3003
f 2889/2889/2529 2797/2797/2530 4635/4635/3000
f 3636/3636/3436 4270/4270/4604 4996/4996/3568
f 3523/3523/3248 5311/5311/4269 3579/3579/3342
f 4507/4507/2782 5736/5736/4961 3483/3483/3186
f 4732/4732/3404 3776/3776/3674 4787/4787/3242
f 4972/4972/3538 4094/4094/4252 4682/4682/4809
f 5468/5468/5060 3546/3546/3292 4417/4417/4998
f 3855/3855/3813 5164/5164/3815 5712/5712/4882
f 5647/5647/4739 3903/3903/3898 3775/3775/3673
f 4193/4193/4441 5047/5047/3642 3271/3271/2850
f 3111/3111/2532 2901/2901/2466 5459/5459/5025
f 4002/4002/4067 3403/3403/3074 5362/5362/4178
f 3614/3614/3401 4699/4699/5043 4701/4701/3402
f 4414/4414/4982 4609/4609/4981 4332/4332/4741
f 5305/5305/4569 4250/4250/4570 5168/5168/3820
f 4068/4068/4197 5370/5370/4199 4327/4327/4731
f 5637/5637/4715 5325/5325/4109 3646/3646/3456
f 5144/5144/3780 3832/3832/3782 4726/4726/3157
f 3242/3242/2799 4517/4517/2798 3479/3479/3182
f 3657/3657/3475 5707/5707/4873 5740/5740/4985
f 4110/4110/4287 5184/5184/3847 5657/5657/4764
f 4028/4028/4128 4522/4522/2816 5179/5179/3839
f 5086/5086/3695 3259/3259/2830 4530/4530/2829
f 4306/4306/4681 4373/4373/4888 3582/3582/3348
f 5012/5012/3589 5658/5658/4812 4287/4287/4631
f 3643/3643/3449 3664/3664/3478 5712/5712/4882
f 5530/5530/4518 3440/3440/3129 5632/5632/5006
f 5738/5738/5061 3961/3961/3997 3390/3390/3049
f 4245/4245/4559 5726/5726/4928 3823/3823/3766
f 3530/3530/3260 4194/4194/4444 3531/3531/3261
f 3383/3383/3041 3836/3836/3792 4219/4219/4500
f 4927/4927/3466 3722/3722/3579 4318/4318/4705
f 3073/3073/2246 2665/2665/2534 3576/3576/4828
f 3435/3435/3121 4605/4605/2959 3352/3352/5053
f 3422/3422/3103 4026/4026/4124 4871/4871/3353
f 3467/3467/3162 4246/4246/4561 4296/4296/4651
f 5257/5257/3982 3402/3402/3072 4679/4679/3071
f 4267/4267/4595 5004/5004/4051 3990/3990/4050
f 4020/4020/4102 5685/5685/4821 4292/4292/4644
f 5363/5363/4179 5675/5675/4793 3900/3900/4180
f 3634/3634/3432 4136/4136/4342 4586/4586/3986
f 4144/4144/4361 5147/5147/3789 5555/5555/4565
f 3969/3969/4009 5627/5627/4989 5122/5122/3747
f 4407/4407/4959 4316/4316/4701 5093/5093/4811
f 4139/4139/4348 4880/4880/3376 3598/3598/3375
f 3729/3729/3588 4616/4616/2977 5009/5009/4215
f 3416/3416/3093 3448/3448/3139 4693/4693/3091
f 4263/4263/4585 4354/4354/4814 4163/4163/4392
f 3793/3793/3710 4321/4321/4713 4869/4869/4827
f 4276/4276/4610 5143/5143/4623 3948/3948/3972
f 5036/5036/3635 4104/4104/4382 5037/5037/3636
f 5504/5504/4554 3231/3231/2780 4518/4518/2804
f 3055/3055/2535 3095/3095/2536 5377/5377/4669
f 4628/4628/2986 4629/4629/2988 3816/3816/3749
f 4590/4590/2943 5429/5429/4647 4386/4386/4917
f 3424/3424/3105 3423/3423/3104 4200/4200/4457
f 4931/4931/3469 3309/3309/2913 4572/4572/2915
f 4409/4409/4970 4328/4328/4733 3784/3784/3692
f 3798/3798/3716 4005/4005/4076 4899/4899/3408
f 5594/5594/4625 3573/3573/3336 5513/5513/4481
f 5023/5023/3613 3526/3526/3251 5249/5249/4443
f 3759/3759/3641 3303/3303/2907 4368/4368/4855
f 5119/5119/3740 5584/5584/4870 3811/3811/3741
f 4244/4244/4558 4243/4243/4557 5597/5597/4635
f 3933/3933/3949 5672/5672/4791 4308/4308/4684
f 4095/4095/4254 3242/3242/2799 3478/3478/3181
f 5016/5016/3593 4689/4689/3081 3814/3814/3745
f 3681/3681/3505 4432/4432/2668 4559/4559/2886
f 3924/3924/3931 4101/4101/4273 4100/4100/4272
f 5598/5598/4640 5716/5716/4885 4424/4424/5045
f 3730/3730/3590 4064/4064/4189 4616/4616/2977
f 4425/4425/5062 4449/4449/2802 3243/3243/2801
f 3551/3551/3299 5455/5455/4360 3552/3552/3300
f 4248/4248/4567 3164/3164/2672 4807/4807/4019
f 4234/4234/4532 4236/4236/4534 4141/4141/4356
f 5518/5518/4496 4266/4266/4589 3881/3881/3867
f 4228/4228/4515 5252/5252/3965 4269/4269/4600
f 3857/3857/3821 5431/5431/4311 5168/5168/3820
f 4773/4773/3226 5233/5233/3938 3508/3508/3227
f 3617/3617/3407 3884/3884/3875 5278/5278/4725
f 4190/4190/4437 4268/4268/4596 3386/3386/3044
f 4475/4475/2726 4389/4389/4923 3938/3938/3957
f 3760/3760/3643 4757/4757/3202 4792/4792/3256
f 5217/5217/4055 5750/5750/5041 3971/3971/4015
f 3716/3716/3566 3791/3791/3707 3896/3896/3891
f 5517/5517/4495 3308/3308/3265 3822/3822/3761
f 4021/4021/4103 5355/5355/4174 5321/5321/4104
f 3202/3202/2729 4476/4476/2728 3590/3590/3364
f 4800/4800/3263 3308/3308/3265 5517/5517/4495
f 4014/4014/4092 5315/5315/4091 5599/5599/4642
f 3804/3804/3728 5117/5117/4264 4001/4001/4065
f 5589/5589/4615 4025/4025/4121 5709/5709/4875
f 4725/4725/4774 4724/4724/4901 3296/3296/2894
f 4876/4876/3363 4711/4711/3124 3297/3297/2895
f 3398/3398/3064 5718/5718/4890 4674/4674/3065
f 3423/3423/3104 4206/4206/4466 3223/3223/2767
f 4844/4844/3317 5650/5650/4744 3747/3747/3619
f 5233/5233/3938 5637/5637/4715 3930/3930/3939
f 5574/5574/4913 5469/5469/4386 4401/4401/4946
f 5578/5578/4601 5618/5618/5063 4375/4375/4894
f 3429/3429/3114 5017/5017/3594 3732/3732/3596
f 5462/5462/4372 3383/3383/3041 4219/4219/4500
f 4209/4209/4472 5392/5392/4220 5137/5137/3769
f 3563/3563/3321 3655/3655/3472 3879/3879/3865
f 5653/5653/4752 5603/5603/4943 4203/4203/4462
f 3462/3462/3155 3461/3461/3154 4950/4950/3496
f 4651/4651/4877 3805/3805/3730 5103/5103/3729
f 5177/5177/3836 3331/3331/2954 3772/3772/3668
f 3427/3427/3110 3782/3782/3688 4919/4919/3455
f 4401/4401/4946 4718/4718/3147 4704/4704/3112
f 5579/5579/4602 3810/3810/3738 5200/5200/4516
f 3349/3349/2984 3438/3438/3127 3440/3440/3129
f 5503/5503/4842 3244/3244/2803 4261/4261/4583
f 3506/3506/3221 4031/4031/4132 4030/4030/4131
f 4768/4768/3942 4767/4767/4978 4180/4180/4426
f 3273/3273/2853 3218/3218/2761 4540/4540/2854
f 4109/4109/4284 4161/4161/4390 5039/5039/3638
f 5004/5004/4051 4489/4489/4657 3159/3159/2666
f 4303/4303/4674 3830/3830/3778 3829/3829/3777
f 4267/4267/4595 3990/3990/4050 5308/5308/4072
f 3319/3319/2931 3321/3321/2933 3198/3198/2723
f 4300/4300/4668 3734/3734/3599 4047/4047/4153
f 4044/4044/4149 4394/4394/4937 4045/4045/4150
f 3999/3999/4061 3952/3952/3978 4317/4317/4702
f 5631/5631/4704 3227/3227/2771 5212/5212/3911
f 4136/4136/4342 3430/3430/3116 5040/5040/3639
f 5647/5647/4739 4459/4459/2702 3535/3535/3270
f 3597/3597/3374 5082/5082/3687 4264/4264/4587
f 3768/3768/3656 3449/3449/3140 5737/5737/4963
f 4357/4357/4829 4358/4358/4830 4329/4329/4734
f 5633/5633/4707 4102/4102/4274 4384/4384/4915
f 5167/5167/3818 3422/3422/3103 4400/4400/4944
f 3187/3187/2703 5466/5466/4409 3304/3304/2908
f 4350/4350/4796 4951/4951/3497 3986/3986/4042
f 4667/4667/3051 4155/4155/4380 4425/4425/5062
f 5735/5735/4960 3999/3999/4061 4317/4317/4702
f 4843/4843/3580 3390/3390/3049 4665/4665/3048
f 4505/4505/2777 3749/3749/3621 4421/4421/5022
f 5625/5625/4695 3737/3737/3602 5055/5055/3653
f 3694/3694/3527 5454/5454/4359 3362/3362/3004
f 3796/3796/3714 5594/5594/4625 5513/5513/4481
f 3727/3727/3586 3425/3425/3108 4426/4426/5064
f 4473/4473/2724 4396/4396/4938 4095/4095/4254
f 3578/3578/3341 5136/5136/3767 4863/4863/3339
f 5681/5681/4806 4189/4189/4435 3552/3552/3300
f 4723/4723/4901 4496/4496/2754 3177/3177/2693
f 4211/4211/4479 4377/4377/4903 3893/3893/3886
f 5017/5017/3594 3513/3513/3232 5018/5018/3595
f 4578/4578/2927 3814/3814/3745 4195/4195/4446
f 5207/5207/3901 3255/3255/2821 3906/3906/3902
f 5469/5469/4386 4159/4159/4388 3465/3465/3160
f 4715/4715/4044 4514/4514/4476 4210/4210/4475
f 5210/5210/3908 5287/5287/4024 3532/3532/3266
f 5496/5496/4429 3627/3627/3422 4391/4391/4932
f 4191/4191/4438 4655/4655/3033 3999/3999/4061
f 3444/3444/3135 5696/5696/4849 3445/3445/3136
f 4385/4385/4916 4212/4212/4480 4406/4406/4958
f 5611/5611/4666 4533/4533/2837 3263/3263/2836
f 4702/4702/3106 4407/4407/4959 5093/5093/4811
f 3429/3429/3114 3550/3550/3298 5017/5017/3594
f 5430/5430/4310 3819/3819/3755 4190/4190/4437
f 3068/3068/2123 4098/4098/4265 2886/2886/2541
f 3490/3490/3195 3528/3528/3253 4790/4790/3252
f 3264/3264/2838 5389/5389/5058 5400/5400/4983
f 3621/3621/3413 3257/3257/2825 4730/4730/3701
f 4265/4265/4588 4019/4019/4099 5317/5317/4098
f 4988/4988/3553 4987/4987/3552 3638/3638/3440
f 3719/3719/3569 4364/4364/4847 4984/4984/4553
f 3991/3991/4052 4309/4309/4686 5579/5579/4602
f 4328/4328/4733 4762/4762/3214 3615/3615/3403
f 3703/3703/3544 4295/4295/4649 5202/5202/4807
f 4115/4115/4302 5567/5567/4590 4348/4348/4785
f 3470/3470/3165 3973/3973/4020 4734/4734/3166
f 5278/5278/4725 3884/3884/3875 5750/5750/5041
f 4047/4047/4153 5233/5233/3938 4773/4773/3226
f 2675/2675/2542 3265/3265/2839 2669/2669/2543
f 4003/4003/4071 5498/5498/4440 4267/4267/4595
f 4702/4702/3106 4268/4268/4596 4407/4407/4959
f 5050/5050/3647 4161/4161/4390 4160/4160/4389
f 5050/5050/3647 4160/4160/4389 5645/5645/4945
f 4360/4360/4834 4794/4794/3842 4796/4796/4929
f 5216/5216/4897 5218/5218/4014 4106/4106/4280
f 3860/3860/3825 5068/5068/3678 3778/3778/3677
f 2900/2900/2544 3658/3658/3612 2972/2972/2545
f 4296/4296/4651 3684/3684/3511 5138/5138/3771
f 5123/5123/4127 4413/4413/4979 5124/5124/4626
f 3406/3406/3078 5038/5038/3637 4395/4395/5065
f 3178/3178/2694 5376/5376/4203 4457/4457/2695
f 5698/5698/4856 4883/4883/3379 3600/3600/3378
f 5712/5712/4882 5192/5192/3868 3855/3855/3813
f 5378/5378/4820 3374/3374/3025 5014/5014/3591
f 4050/4050/5066 3179/3179/2694 5568/5568/4591
f 4082/4082/4231 4083/4083/4232 5101/5101/4795
f 5572/5572/4594 4825/4825/3305 3674/3674/3491
f 3561/3561/3314 4840/4840/3315 4379/4379/5042
f 4710/4710/3122 4711/4711/3124 4197/4197/4449
f 3680/3680/3504 5511/5511/4477 4532/4532/2835
f 3966/3966/4006 4324/4324/4719 3967/3967/4007
f 3721/3721/3578 5007/5007/3577 4066/4066/4195
f 5239/5239/3947 5300/5300/4056 3669/3669/3484
f 4544/4544/2857 3215/3215/2756 3252/3252/2813
f 4706/4706/3115 3732/3732/3596 3559/3559/3310
f 4069/4069/4198 5691/5691/5039 5370/5370/4199
f 5686/5686/4822 4394/4394/4937 4044/4044/4149
f 3170/3170/2678 5565/5565/4673 4441/4441/2683
f 5735/5735/4960 4191/4191/4438 3999/3999/4061
f 3559/3559/3310 3732/3732/3596 5029/5029/3628
f 4000/4000/4064 4292/4292/4644 5193/5193/3869
f 4364/4364/4847 5526/5526/4509 4592/4592/2945
f 3655/3655/3472 4188/4188/4434 5640/5640/4722
f 3547/3547/3294 5434/5434/4316 5435/5435/4317
f 5694/5694/4848 3694/3694/3527 5099/5099/3726
f 3463/3463/3156 3233/3233/2783 5521/5521/4501
f 3819/3819/3755 4073/4073/4216 4191/4191/4438
f 4593/4593/2947 3327/3327/2946 5732/5732/4954
f 3694/3694/3527 3362/3362/3004 3695/3695/3528
f 4876/4876/3363 3709/3709/3551 5532/5532/4655
f 4723/4723/4901 3177/3177/2693 4614/4614/2975
f 3461/3461/3154 4418/4418/5005 4950/4950/3496
f 5188/5188/3858 3262/3262/2832 5045/5045/5067
f 3217/3217/2760 5148/5148/3790 4499/4499/2758
f 4419/4419/5012 4538/4538/2848 4537/4537/2847
f 5153/5153/3796 5154/5154/3797 3207/3207/2737
f 5657/5657/4764 5184/5184/3847 3395/3395/3060
f 5699/5699/4857 5715/5715/4974 4354/4354/4814
f 5173/5173/4781 3862/3862/3828 5446/5446/4347
f 4825/4825/3305 3555/3555/3307 5276/5276/4001
f 5485/5485/4408 5219/5219/3918 4363/4363/4840
f 5355/5355/4174 4346/4346/4782 5321/5321/4104
f 5178/5178/3837 3934/3934/3950 3867/3867/3838
f 3718/3718/3567 3719/3719/3569 4975/4975/4552
f 5248/5248/4443 4913/4913/3442 4054/4054/4165
f 4891/4891/3390 4749/4749/4865 3700/3700/3541
f 4667/4667/3051 4425/4425/5062 3243/3243/2801
f 4000/4000/4064 3578/3578/3341 4292/4292/4644
f 4536/4536/2847 3602/3602/3382 3601/3601/3381
f 5541/5541/4676 4231/4231/4787 3714/3714/3563
f 4983/4983/4126 3866/3866/3835 4217/4217/4494
f 4511/4511/2790 3236/3236/2789 3254/3254/2817
f 3664/3664/3478 3880/3880/3866 5192/5192/3868
f 3577/3577/3340 4323/4323/4717 4416/4416/4993
f 4147/4147/4369 4149/4149/4371 3955/3955/3987
f 3446/3446/3137 5375/5375/4202 4989/4989/3554
f 2865/2865/2549 2773/2773/2550 5235/5235/4990
f 4412/4412/4976 5714/5714/4924 5051/5051/3649
f 5361/5361/4177 4234/4234/4532 4141/4141/4356
f 4215/4215/4487 3208/3208/2738 5485/5485/4408
f 5521/5521/4501 3233/3233/2783 3483/3483/3186
f 5521/5521/4501 3483/3483/3186 3278/3278/2862
f 4279/4279/4619 5654/5654/5040 5704/5704/4867
f 3769/3769/3659 4285/4285/4629 5733/5733/4955
f 4009/4009/4995 3160/3160/2667 4433/4433/2669
f 3762/3762/3646 4648/4648/3022 5744/5744/5007
f 4509/4509/2785 3235/3235/2787 3494/3494/3201
f 5407/5407/4256 3993/3993/4053 4167/4167/4402
f 4545/4545/2861 5521/5521/4501 3278/3278/2862
f 4720/4720/3150 4423/4423/5034 4685/4685/4419
f 4208/4208/4471 4307/4307/4682 5318/5318/4100
f 5577/5577/5021 4255/4255/4575 5033/5033/3633
f 4010/4010/5068 5652/5652/4823 3162/3162/5069
f 5550/5550/4555 5488/5488/4412 4138/4138/4346
f 3514/3514/3233 3800/3800/3718 3515/3515/3234
f 4266/4266/4589 5517/5517/4495 5132/5132/3760
f 4574/4574/2921 4076/4076/4222 4422/4422/5029
f 3587/3587/3355 4206/4206/4466 3423/3423/3104
f 4699/4699/5043 3614/3614/3401 5741/5741/4992
f 3743/3743/3610 3868/3868/3840 4360/4360/4834
f 4402/4402/4948 5689/5689/4836 4599/4599/2951
f 4346/4346/4782 4299/4299/4661 5321/5321/4104
f 3679/3679/3503 5511/5511/4477 3680/3680/3504
f 3291/3291/2885 4406/4406/4958 5098/5098/3725
f 2721/2721/2553 3089/3089/2554 3803/3803/3727
f 4238/4238/5016 4847/4847/4835 4846/4846/4941
f 4970/4970/3535 4993/4993/3562 4114/4114/4299
f 5477/5477/4988 4092/4092/4248 5015/5015/5070
f 3893/3893/3886 4377/4377/4903 4297/4297/4653
f 4121/4121/4318 3826/3826/3772 4108/4108/4283
f 4105/4105/4279 4128/4128/4326 5680/5680/4804
f 4333/4333/5071 5711/5711/4880 3576/3576/4828
f 4357/4357/4829 4329/4329/4734 3849/3849/3808
f 3560/3560/3312 4307/4307/4682 4208/4208/4471
f 3172/3172/2684 4441/4441/2683 5209/5209/3905
f 4829/4829/4505 4341/4341/4766 3330/3330/2953
f 2689/2689/2522 3037/3037/2556 4220/4220/5026
f 4401/4401/4946 5469/5469/4386 3465/3465/3160
f 5077/5077/4027 3910/3910/3909 5212/5212/3911
f 4523/4523/2818 3575/3575/3338 3959/3959/3994
f 5714/5714/4924 5264/5264/4759 3672/3672/3487
f 5489/5489/4413 4996/4996/3568 3717/3717/4975
f 5571/5571/4593 5079/5079/3683 4342/4342/4771
f 4563/4563/2892 3835/3835/3788 5166/5166/3817
f 5672/5672/4791 3942/3942/3964 5620/5620/4685
f 5199/5199/4489 3991/3991/4052 5200/5200/4516
f 3692/3692/3524 4912/4912/3441 3638/3638/3440
f 5727/5727/5072 5738/5738/5061 3390/3390/3049
f 5189/5189/3860 3627/3627/3422 3287/3287/2879
f 5531/5531/4519 3706/3706/3548 5690/5690/4837
f 3697/3697/3533 5362/5362/4178 5481/5481/4405
f 4046/4046/4152 5637/5637/4715 5233/5233/3938
f 5749/5749/5036 4103/4103/4278 4808/4808/3272
f 5542/5542/4530 4143/4143/4358 5305/5305/4569
f 5254/5254/3974 4646/4646/3020 3608/3608/3393
f 4242/4242/4551 4068/4068/4197 4298/4298/4658
f 3316/3316/2925 4578/4578/2927 4195/4195/4446
f 3212/3212/2747 5367/5367/4192 3842/3842/3804
f 5050/5050/3647 5471/5471/4393 4161/4161/4390
f 4981/4981/4212 3657/3657/3475 3883/3883/3871
f 5674/5674/4793 4393/4393/4935 4415/4415/4987
f 5332/5332/4123 3712/3712/3560 5327/5327/4113
f 3752/3752/3626 4170/4170/4406 5728/5728/4936
f 3486/3486/3191 5320/5320/4312 3487/3487/3192
f 3600/3600/3378 4075/4075/4221 3238/3238/2793
f 4983/4983/4126 4484/4484/2743 3866/3866/3835
f 4590/4590/2943 4579/4579/4918 3872/3872/3849
f 5343/5343/4161 4053/4053/4162 4293/4293/4646
f 4292/4292/4644 3506/3506/3221 3505/3505/3220
f 3195/3195/2714 4565/4565/2897 4222/4222/4502
f 4341/4341/4766 3171/3171/2682 3330/3330/2953
f 5075/5075/4486 5074/5074/3786 3238/3238/2793
f 4746/4746/4235 4344/4344/4777 4747/4747/4969
f 5196/5196/3971 3266/3266/2841 3217/3217/2760
f 3393/3393/3059 4672/4672/3058 5461/5461/4611
f 4291/4291/4643 4135/4135/4339 5091/5091/4851
f 5661/5661/4769 4715/4715/4044 4210/4210/4475
f 4203/4203/4462 4202/4202/4461 5653/5653/4752
f 5207/5207/3901 3689/3689/3520 5552/5552/4560
f 4056/4056/4756 5286/5286/4898 5284/5284/4757
f 4830/4830/3863 4829/4829/4505 3450/3450/3141
f 3348/3348/2982 5687/5687/4826 4551/4551/3658
f 4843/4843/3580 5727/5727/5072 3390/3390/3049
f 4889/4889/3387 3606/3606/3389 4965/4965/3984
f 4302/4302/4671 3303/3303/2907 3759/3759/3641
f 3727/3727/3586 4426/4426/5064 3728/3728/3587
f 5647/5647/4739 3904/3904/3899 3903/3903/3898
f 3407/3407/3080 4411/4411/4973 4410/4410/4972
f 4926/4926/3463 5748/5748/5023 4409/4409/4970
f 3244/3244/2803 3245/3245/2805 3783/3783/3689
f 5748/5748/5023 5452/5452/5073 3846/3846/5024
f 3567/3567/3327 3401/3401/3070 3566/3566/3325
f 4032/4032/4133 3828/3828/3775 5584/5584/4870
f 4830/4830/3863 3450/3450/3141 3451/3451/3143
f 4621/4621/5008 5481/5481/4405 3752/3752/3626
f 4413/4413/4979 5123/5123/4127 3365/3365/3008
f 3431/3431/3116 5552/5552/4560 3432/3432/3117
f 4606/4606/2961 3335/3335/2960 3934/3934/3950
f 3510/3510/3229 3319/3319/2931 4774/4774/3230
f 3678/3678/3502 3680/3680/3504 4532/4532/2835
f 5142/5142/3856 5191/5191/4831 3948/3948/3972
f 4480/4480/2739 5540/5540/4528 3207/3207/2737
f 3216/3216/2757 5194/5194/3970 4500/4500/2759
f 4129/4129/4329 5014/5014/3591 4649/4649/3024
f 4129/4129/4329 4649/4649/3024 4905/4905/3425
f 4342/4342/4771 5710/5710/4879 4044/4044/4149
f 5656/5656/4763 3267/3267/2843 3544/3544/3287
f 3901/3901/3896 5676/5676/4794 3629/3629/3427
f 5739/5739/4980 3626/3626/3421 5496/5496/4429
f 3226/3226/2770 3875/3875/3855 5323/5323/4107
f 4397/4397/4939 3820/3820/3757 5371/5371/4200
f 4758/4758/3203 4112/4112/4295 4548/4548/2868
f 3317/3317/2929 5185/5185/3851 3318/3318/2930
f 4004/4004/4073 3745/3745/3616 4312/4312/4691
f 3545/3545/3289 4818/4818/3291 5134/5134/3764
f 4778/4778/4586 4304/4304/4677 4349/4349/4786
f 4052/4052/4158 4050/4050/5066 5568/5568/4591
f 5440/5440/4499 4109/4109/4284 4219/4219/4500
f 3139/3139/2558 2921/2921/2559 3359/3359/2999
f 4386/4386/4917 4901/4901/3414 4580/4580/4996
f 3552/3552/3300 4189/4189/4435 4479/4479/2736
f 4426/4426/5064 3425/3425/3108 4918/4918/3454
f 4245/4245/4559 3823/3823/3766 3824/3824/3768
f 3808/3808/3735 5111/5111/3736 5291/5291/4028
f 4113/4113/4296 3784/3784/3692 5668/5668/4779
f 3834/3834/3787 4707/4707/3118 4512/4512/2791
f 3578/3578/3341 3577/3577/3340 4416/4416/4993
f 4617/4617/4919 4376/4376/4899 4387/4387/4920
f 3889/3889/3880 4154/4154/4377 5358/5358/4537
f 3405/3405/3077 3826/3826/3772 4121/4121/4318
f 5692/5692/5037 3457/3457/3146 5625/5625/4695
f 4177/4177/4421 5369/5369/4194 3231/3231/2780
f 4760/4760/3210 4164/4164/4394 5610/5610/4665
f 2756/2756/2560 2830/2830/2561 4664/4664/4355
f 3428/3428/3111 5635/5635/4709 4704/4704/3112
f 3398/3398/3064 4305/4305/4680 3538/3538/3277
f 3521/3521/3246 3360/3360/3001 5135/5135/3765
f 3521/3521/3246 5135/5135/3765 4692/4692/3088
f 5040/5040/3639 4365/4365/4850 3444/3444/3135
f 4509/4509/2785 3649/3649/3461 3234/3234/2786
f 4375/4375/4894 4782/4782/3600 3736/3736/3601
f 4327/4327/4731 4199/4199/4454 5501/5501/4453
f 3526/3526/3251 5724/5724/4910 4914/4914/3442
f 4196/4196/4448 4567/4567/2901 5703/5703/4864
f 5528/5528/4645 4376/4376/4899 3347/3347/2980
f 2989/2989/1138 3087/3087/2562 3173/3173/2687
f 4310/4310/4689 3197/3197/2721 4469/4469/2720
f 5699/5699/4857 4262/4262/4584 5556/5556/4566
f 4205/4205/4464 3652/3652/4214 3666/3666/3480
f 4847/4847/4835 3954/3954/3981 4849/4849/3983
f 3735/3735/3599 4399/4399/4940 5729/5729/4942
f 3535/3535/3270 3904/3904/3899 5647/5647/4739
f 4360/4360/4834 4796/4796/4929 5265/5265/4721
f 4569/4569/2903 3325/3325/2939 4814/4814/3284
f 4633/4633/2992 5018/5018/3595 3733/3733/3598
f 4029/4029/4129 3882/3882/3870 5333/5333/4130
f 3814/3814/3745 5122/5122/3747 4195/4195/4446
f 4460/4460/2706 3189/3189/2705 4260/4260/4582
f 3323/3323/2937 5349/5349/4168 4421/4421/5022
f 3934/3934/3950 5607/5607/4660 3867/3867/3838
f 5349/5349/4168 5751/5751/5047 3592/3592/3367
f 4387/4387/4920 5528/5528/4645 4066/4066/4195
f 4391/4391/4932 4310/4310/4689 5697/5697/4933
f 5009/5009/4215 3378/3378/3031 4073/4073/4216
f 3517/3517/3237 4478/4478/2732 5152/5152/3794
f 3194/3194/2713 4465/4465/2715 4777/4777/4878
f 3852/3852/3810 3479/3479/3182 5162/5162/3811
f 2802/2802/2563 3058/3058/2564 5618/5618/5063
f 4639/4639/3010 3366/3366/3012 4213/4213/4484
f 5337/5337/4146 4586/4586/3986 3522/3522/3247
f 4504/4504/2776 3230/3230/2778 4332/4332/4741
f 5745/5745/5007 3780/3780/3682 5662/5662/4770
f 3228/3228/2772 5190/5190/4693 5142/5142/3856
f 4968/4968/4062 5309/5309/4077 3950/3950/3976
f 5055/5055/3653 3739/3739/3604 3603/3603/3383
f 3931/3931/3940 4904/4904/3418 5175/5175/3830
f 5396/5396/4542 3509/3509/3228 5354/5354/4170
f 5159/5159/3803 5436/5436/4319 3534/3534/3269
f 5403/5403/4249 4779/4779/4628 4349/4349/4786
f 3585/3585/3352 5487/5487/4411 4173/4173/4415
f 4034/4034/4135 5707/5707/4873 4035/4035/4136
f 3794/3794/3712 3191/3191/2711 3261/3261/2832
f 3856/3856/3819 5167/5167/3818 3823/3823/3766
f 3737/3737/3602 4090/4090/4243 3738/3738/3603
f 3256/3256/2822 3255/3255/2821 5671/5671/4784
f 3716/3716/3566 5090/5090/3709 3791/3791/3707
f 4122/4122/4321 5052/5052/3651 3916/3916/3917
f 5339/5339/4151 4340/4340/4765 4867/4867/3349
f 5235/5235/4990 3978/3978/4026 4571/4571/3264
f 4613/4613/2973 3343/3343/2972 3610/3610/3395
f 4699/4699/5043 4257/4257/4577 3366/3366/3012
f 3808/3808/3735 4071/4071/4207 5522/5522/4504
f 3332/3332/2955 3274/3274/2855 4540/4540/2854
f 4493/4493/2750 63/63/2749 3249/3249/2809
f 3794/3794/3712 3796/3796/3714 3191/3191/2711
f 3411/3411/3087 4185/4185/4432 4186/4186/4433
f 4527/4527/2824 5066/5066/4845 4240/4240/4548
f 5671/5671/4784 3255/3255/2821 5207/5207/3901
f 5616/5616/4799 4411/4411/4973 4933/4933/5003
f 5176/5176/3831 3674/3674/3491 4264/4264/4587
f 3302/3302/2906 5160/5160/5051 5258/5258/4292
f 3167/3167/2674 4812/4812/3281 3168/3168/2675
f 3220/3220/2764 4053/4053/4162 3221/3221/2765
f 4701/4701/3402 3788/3788/3703 5199/5199/4489
f 4241/4241/4550 5691/5691/5039 4069/4069/4198
f 4297/4297/4653 5532/5532/4655 4988/4988/3553
f 5061/5061/3665 5006/5006/3576 3721/3721/3578
f 3862/3862/3828 4437/4437/2677 4438/4438/2679
f 4555/4555/2877 4091/4091/4246 4556/4556/2878
f 5507/5507/4465 3578/3578/3341 5670/5670/5000
f 5303/5303/4063 5670/5670/5000 4000/4000/4064
f 4673/4673/3062 3876/3876/3861 4134/4134/4338
f 5379/5379/4328 5014/5014/3591 4129/4129/4329
f 3397/3397/3063 4403/4403/4951 3398/3398/3064
f 4295/4295/4649 4422/4422/5029 5600/5600/4650
f 4638/4638/3009 5654/5654/5040 4279/4279/4619
f 4565/4565/2897 4825/4825/3305 3963/3963/4000
f 4803/4803/4335 4291/4291/4643 5091/5091/4851
f 5573/5573/4858 5684/5684/4819 4369/4369/4859
f 3266/3266/2841 3267/3267/2843 5656/5656/4763
f 4990/4990/3555 3376/3376/3028 4653/4653/3027
f 4753/4753/3193 3490/3490/3195 5725/5725/4925
f 5581/5581/5011 4155/4155/4380 5607/5607/4660
f 4323/4323/4717 3225/3225/2769 5638/5638/4718
f 3416/3416/3093 3415/3415/3092 4408/4408/4964
f 4372/4372/4881 5617/5617/4678 4227/4227/4512
f 4742/4742/3176 5497/5497/4436 3442/3442/3132
f 3795/3795/3713 3794/3794/3712 5346/5346/4164
f 3870/3870/3846 4936/4936/3473 3395/3395/3060
f 3520/3520/3244 3414/3414/3090 4064/4064/4189
f 4182/4182/4430 3847/3847/3806 3844/3844/3805
f 5497/5497/4436 4337/4337/4749 4074/4074/4217
f 4202/4202/4461 4306/4306/4681 3582/3582/3348
f 5237/5237/3944 5422/5422/4290 3932/3932/3945
f 4442/4442/2685 5491/5491/4418 3742/3742/3609
f 3850/3850/3809 4857/4857/3329 5031/5031/3631
f 2839/2839/2565 2955/2955/5074 3418/3418/3097
f 5146/5146/3784 3785/3785/3693 5086/5086/3695
f 5301/5301/4767 3479/3479/3182 3852/3852/3810
f 5434/5434/4316 4849/4849/3983 4194/4194/4444
f 3884/3884/3875 4665/4665/3048 3885/3885/3876
f 5267/5267/3993 5067/5067/3675 3776/3776/3674
f 5022/5022/3611 5080/5080/3684 3635/3635/3435
f 4587/4587/4343 5040/5040/3639 3444/3444/3135
f 4733/4733/5018 3519/3519/3241 4240/4240/4548
f 5418/5418/4276 4539/4539/2851 3271/3271/2850
f 3274/3274/2855 3332/3332/2955 5177/5177/3836
f 4177/4177/4421 4216/4216/4491 5369/5369/4194
f 5448/5448/4352 4415/4415/4987 5095/5095/3721
f 5514/5514/4482 3789/3789/3704 5569/5569/4592
f 3786/3786/3697 3787/3787/3699 4695/4695/3094
f 3404/3404/3076 5533/5533/4540 4403/4403/4951
f 5705/5705/4868 4359/4359/4833 4180/4180/4426
f 4797/4797/3258 3391/3391/3053 5654/5654/5040
f 5248/5248/4443 4054/4054/4165 5730/5730/5075
f 4608/4608/2964 4388/4388/4922 4609/4609/4981
f 4258/4258/4580 4883/4883/3379 5698/5698/4856
f 3848/3848/3807 5364/5364/4181 4483/4483/2741
f 5279/5279/4004 3968/3968/4008 3965/3965/4005
f 5459/5459/5025 4910/4910/3437 3847/3847/3806
f 3969/3969/4009 4625/4625/2981 4617/4617/4919
f 5732/5732/4954 3327/3327/2946 3516/3516/3236
f 4333/4333/5071 5523/5523/5076 5711/5711/4880
f 3807/3807/3734 4015/4015/4094 5234/5234/3941
f 5672/5672/4791 5100/5100/3962 3942/3942/3964
f 4624/4624/2981 4771/4771/3224 3562/3562/3319
f 4408/4408/4964 4751/4751/3187 3485/3485/3189
f 4275/4275/4608 5061/5061/3665 3806/3806/3730
f 3338/3338/2966 5642/5642/4727 4133/4133/4337
f 4990/4990/3555 4585/4585/4330 3446/3446/3137
f 5587/5587/4613 4133/4133/4337 4709/4709/4761
f 3954/3954/3981 5001/5001/3573 3402/3402/3072
f 4719/4719/3149 4312/4312/4691 3840/3840/3801
f 3609/3609/3394 3608/3608/3393 5431/5431/4311
f 3400/3400/4788 4678/4678/3069 5505/5505/4458
f 4020/4020/4102 3578/3578/3341 4416/4416/4993
f 4666/4666/3050 3285/3285/2875 3921/3921/3924
f 4567/4567/2901 4140/4140/4353 4566/4566/2899
f 3992/3992/4258 5408/5408/4257 5743/5743/5010
f 4239/4239/4541 4404/4404/4952 5396/5396/4542
f 4762/4762/3214 3965/3965/4005 4763/4763/3215
f 3618/3618/3409 4002/4002/4067 5362/5362/4178
f 4155/4155/4380 5530/5530/4518 4425/4425/5062
f 4378/4378/4908 3941/3941/3961 5186/5186/3853
f 3923/3923/3930 4101/4101/4273 3924/3924/3931
f 3388/3388/3047 3576/3576/4828 3550/3550/3298
f 4853/4853/3676 5492/5492/4783 4334/4334/4746
f 3253/3253/2814 4522/4522/2816 4738/4738/3171
f 3260/3260/2831 5719/5719/4895 4169/4169/4403
f 3755/3755/3630 3754/3754/3629 3662/3662/3476
f 3320/3320/2932 4599/4599/2951 5138/5138/3771
f 4163/4163/4392 3564/3564/3323 4851/4851/3322
f 4658/4658/3037 3286/3286/2876 5551/5551/4556
f 4300/4300/4668 5612/5612/4667 4398/4398/4940
f 3858/3858/3822 4088/4088/4238 4225/4225/4507
f 3249/3249/2809 3251/3251/2811 5472/5472/4395
f 4619/4619/5077 4618/4618/4921 4273/4273/4607
f 3316/3316/2925 4195/4195/4446 5499/5499/4445
f 5073/5073/5054 4707/4707/3118 3834/3834/3787
f 4786/4786/3239 4197/4197/4449 3985/3985/4039
f 2715/2715/2570 2803/2803/2571 5720/5720/4896
f 4396/4396/4938 4336/4336/4747 4095/4095/4254
f 4902/4902/3417 3747/3747/3619 4606/4606/2961
f 5235/5235/4990 3567/3567/3327 4855/4855/3326
f 4204/4204/4463 4295/4295/4649 5338/5338/4147
f 5015/5015/5070 4092/4092/4248 5443/5443/4340
f 5626/5626/4696 5725/5725/4925 4390/4390/4926
f 3351/3351/2989 5695/5695/5055 5524/5524/4506
f 4693/4693/3091 5669/5669/4780 3894/3894/3887
f 4282/4282/4622 5490/5490/4416 4276/4276/4610
f 5680/5680/4804 5246/5246/3960 4105/4105/4279
f 3318/3318/2930 5591/5591/4618 3693/3693/3526
f 5524/5524/4506 5421/5421/4289 3351/3351/2989
f 3720/3720/3574 5002/5002/3575 3705/3705/3547
f 3121/3121/2509 2649/2649/2572 5419/5419/4282
f 3200/3200/2727 5710/5710/4879 4342/4342/4771
f 5681/5681/4806 3552/3552/3300 5455/5455/4360
f 5676/5676/4794 4415/4415/4987 5448/5448/4352
f 4720/4720/3150 3869/3869/3841 4423/4423/5034
f 3378/3378/3031 4370/4370/4860 3379/3379/3032
f 3457/3457/3146 3456/3456/3145 5625/5625/4695
f 4679/4679/3071 4680/4680/3073 4060/4060/4175
f 3481/3481/3183 5335/5335/4140 3516/3516/3236
f 4966/4966/3530 4124/4124/4323 3502/3502/3216
f 5162/5162/3811 3479/3479/3182 4517/4517/2798
f 5148/5148/3790 5656/5656/4763 3554/3554/3303
f 4757/4757/3202 5307/5307/4070 3497/3497/3206
f 4006/4006/4078 5611/5611/4666 3263/3263/2836
f 5705/5705/4868 4180/4180/4426 4767/4767/4978
f 3231/3231/2780 5369/5369/4194 3232/3232/2781
f 4045/4045/4150 4325/4325/4726 5684/5684/4819
f 5361/5361/4177 5610/5610/4665 4234/4234/4532
f 4166/4166/4401 5031/5031/3631 3447/3447/3138
f 5040/5040/3639 5041/5041/3640 4365/4365/4850
f 4324/4324/4719 4016/4016/4095 3967/3967/4007
f 4189/4189/4435 3205/3205/2734 4479/4479/2736
f 5747/5747/5017 5615/5615/4672 4302/4302/4671
f 3534/3534/3269 5436/5436/4319 4122/4122/4321
f 5131/5131/3759 4674/4674/3065 4170/4170/4406
f 3628/3628/3426 5374/5374/4201 5534/5534/4539
f 3990/3990/4050 3159/3159/2666 3322/3322/2935
f 4512/4512/2791 3688/3688/3519 3237/3237/2792
f 3821/3821/3761 3770/3770/3664 5058/5058/4498
f 3884/3884/3875 3886/3886/3877 5750/5750/5041
f 5293/5293/4033 3375/3375/3026 4989/4989/3554
f 3275/3275/2858 3277/3277/2860 4294/4294/4648
f 5297/5297/4755 5628/5628/4697 3807/3807/3734
f 4287/4287/4631 3809/3809/3737 4064/4064/4189
f 4241/4241/4550 4242/4242/4551 5660/5660/4768
f 5569/5569/4592 4241/4241/4550 5660/5660/4768
f 3895/3895/3890 5733/5733/4955 4024/4024/4119
f 4518/4518/2804 3231/3231/2780 5575/5575/4599
f 4412/4412/4976 4442/4442/2685 5714/5714/4924
f 4682/4682/4809 4094/4094/4252 4353/4353/4810
f 4428/4428/2663 4436/4436/3585 3728/3728/3587
f 4336/4336/4747 5662/5662/4770 4095/4095/4254
f 4199/4199/4454 5509/5509/4468 4283/4283/4624
f 5097/5097/3724 4032/4032/4133 5341/5341/4159
f 5338/5338/4147 5600/5600/4650 3996/3996/4057
f 4002/4002/4067 5304/5304/4066 4179/4179/4425
f 5707/5707/4873 3657/3657/3475 4981/4981/4212
f 3891/3891/3883 3425/3425/3108 3727/3727/3586
f 5749/5749/5036 3536/3536/3271 5244/5244/4277
f 5434/5434/4316 4194/4194/4444 3530/3530/3260
f 4310/4310/4689 4391/4391/4932 3627/3627/3422
f 5624/5624/4692 5077/5077/4027 3227/3227/2771
f 4836/4836/3415 4079/4079/4226 3622/3622/3416
f 5597/5597/4635 3574/3574/3337 5441/5441/4333
f 4014/4014/4092 3288/3288/2880 3345/3345/2978
f 3553/3553/3302 4824/4824/3304 5470/5470/4387
f 3850/3850/3809 4166/4166/4401 5480/5480/4400
f 3641/3641/3446 4722/4722/4259 3436/3436/3123
f 5024/5024/3615 3744/3744/3614 4089/4089/4241
f 4226/4226/4511 4741/4741/3175 3864/3864/3833
f 4211/4211/4479 4636/4636/3003 4377/4377/4903
f 5095/5095/3721 3800/3800/3718 3514/3514/3233
f 3250/3250/2810 5549/5549/4816 4622/4622/4012
f 3878/3878/3862 4828/4828/4525 4830/4830/3863
f 4753/4753/3193 5725/5725/4925 3190/3190/2708
f 4150/4150/4832 3419/3419/3099 3557/3557/3308
f 4551/4551/3658 4550/4550/5078 3346/3346/2980
f 3585/3585/3352 3363/3363/3005 5432/5432/4313
f 5131/5131/3759 5731/5731/4950 3397/3397/3063
f 3684/3684/3511 3826/3826/3772 5138/5138/3771
f 4640/4640/3011 4034/4034/4135 3786/3786/3697
f 3452/3452/3144 3457/3457/3146 4841/4841/3315
f 4656/4656/3035 4144/4144/4361 5574/5574/4913
f 5038/5038/3637 4335/4335/4747 4395/4395/5065
f 3571/3571/3334 3637/3637/3438 3350/3350/2987
f 4299/4299/4661 3975/3975/4023 4598/4598/2949
f 4841/4841/3315 5692/5692/5037 4381/4381/4909
f 4969/4969/3662 3551/3551/3299 5198/5198/3874
f 4394/4394/4937 4413/4413/4979 3365/3365/3008
f 3586/3586/3354 5569/5569/4592 5660/5660/4768
f 3240/3240/2796 4245/4245/4559 3887/3887/3878
f 5410/5410/4261 3534/3534/3269 5409/5409/4260
f 3229/3229/2774 5216/5216/4897 4106/4106/4280
f 3998/3998/4060 4343/4343/4775 5242/5242/3952
f 5135/5135/3765 3708/3708/3550 4289/4289/4638
f 3635/3635/3435 3781/3781/3685 4270/4270/4604
f 4706/4706/3115 3429/3429/3114 3732/3732/3596
f 5629/5629/4862 4269/4269/4600 5003/5003/4912
f 3326/3326/2942 5428/5428/4523 4590/4590/2943
f 4190/4190/4437 4796/4796/4929 5430/5430/4310
f 3891/3891/3883 3727/3727/3586 3892/3892/3884
f 3753/3753/3627 4355/4355/4815 5715/5715/4974
f 4964/4964/4790 4171/4171/4414 3926/3926/3936
f 3724/3724/3581 5366/5366/4191 4065/4065/4190
f 5334/5334/4140 5503/5503/4842 4261/4261/4583
f 3482/3482/3185 5522/5522/4504 4223/4223/4503
f 4089/4089/4241 3744/3744/3614 4486/4486/2746
f 3353/3353/5079 5151/5151/4083 4632/4632/5080
f 4126/4126/4324 3909/3909/3906 4764/4764/3217
f 4417/4417/4998 3547/3547/3294 5435/5435/4317
f 5753/5753/5056 4090/4090/4243 3737/3737/3602
f 3719/3719/3569 5169/5169/3823 4364/4364/4847
f 3890/3890/3882 4444/4444/3424 5547/5547/4538
f 4236/4236/4534 4235/4235/4533 4263/4263/4585
f 3689/3689/3520 5698/5698/4856 4959/4959/3518
f 4895/4895/4956 3988/3988/4046 4034/4034/4135
f 3955/3955/3987 4293/4293/4646 5263/5263/3988
f 4671/4671/3057 4397/4397/4939 4672/4672/3058
f 3872/3872/3849 4579/4579/4918 4947/4947/3850
f 3891/3891/3883 3683/3683/3510 3425/3425/3108
f 5026/5026/3623 3813/3813/3744 3751/3751/3624
f 4548/4548/2868 3620/3620/3411 4758/4758/3203
f 4687/4687/3079 3219/3219/2762 3218/3218/2761
f 5456/5456/4362 4144/4144/4361 4656/4656/3035
f 3874/3874/3854 3899/3899/3895 5205/5205/3894
f 3163/3163/2671 3412/3412/3087 4461/4461/2707
f 3243/3243/2801 4448/4448/2800 5449/5449/4354
f 5245/5245/3956 3937/3937/3955 4284/4284/4627
f 4897/4897/3400 4701/4701/3402 3802/3802/3723
f 3407/3407/3080 4410/4410/4972 4366/4366/4853
f 5320/5320/4312 4769/4769/3499 4062/4062/4186
f 3626/3626/3421 5739/5739/4980 4371/4371/4869
f 4105/4105/4279 5164/5164/3815 5646/5646/4738
f 3679/3679/3503 4210/4210/4475 5511/5511/4477
f 3697/3697/3533 5481/5481/4405 4621/4621/5008
f 3587/3587/3355 3715/3715/3564 3716/3716/3566
f 3936/3936/3953 4290/4290/4641 5736/5736/4961
f 3372/3372/3018 4232/4232/4529 4645/4645/3019
f 4346/4346/4782 5626/5626/4696 4390/4390/4926
f 4380/4380/4909 3488/3488/3194 4753/4753/3193
f 3674/3674/3491 5176/5176/3831 5572/5572/4594
f 3646/3646/3456 5030/5030/4385 5228/5228/4803
f 4222/4222/4502 5337/5337/4146 4583/4583/2934
f 3544/3544/3287 3267/3267/2843 3612/3612/3397
f 5362/5362/4178 3403/3403/3074 5481/5481/4405
f 5229/5229/3929 4498/4498/2755 3923/3923/3930
f 3203/3203/2730 5329/5329/4116 3709/3709/3551
f 4476/4476/2728 3203/3203/2730 3709/3709/3551
f 4278/4278/4614 4910/4910/3437 3636/3636/3436
f 4219/4219/4500 4109/4109/4284 4108/4108/4283
f 5333/5333/4130 4181/4181/4428 4087/4087/4234
f 3951/3951/3977 5593/5593/4620 4116/4116/4304
f 2927/2927/1178 2677/2677/2576 3850/3850/3809
f 4018/4018/4097 5644/5644/4737 4652/4652/5002
f 4449/4449/2802 5632/5632/5006 4091/4091/4246
f 5748/5748/5023 5313/5313/4089 4409/4409/4970
f 5045/5045/5067 3262/3262/2832 4531/4531/2834
f 4488/4488/4211 3945/3945/3967 5717/5717/4886
f 3238/3238/2793 4075/4075/4221 4209/4209/4472
f 3787/3787/3699 5261/5261/5028 4696/4696/3095
f 4406/4406/4958 5201/5201/3885 4911/4911/3439
f 4144/4144/4361 5555/5555/4565 5469/5469/4386
f 5208/5208/3904 3546/3546/3292 5468/5468/5060
f 4772/4772/4694 4625/4625/2981 3969/3969/4009
f 3357/3357/2997 3889/3889/3880 3890/3890/3882
f 4353/4353/4810 5716/5716/4885 5057/5057/3660
f 2691/2691/2577 3239/3239/2794 2683/2683/2578
f 5395/5395/4229 4414/4414/4982 3230/3230/2778
f 5750/5750/5041 3886/3886/3877 4286/4286/4630
f 4340/4340/4765 5684/5684/4819 5573/5573/4858
f 4118/4118/4306 3981/3981/4032 4989/4989/3554
f 4888/4888/3384 4966/4966/3530 3502/3502/3216
f 3684/3684/3511 3383/3383/3041 5462/5462/4372
f 4985/4985/4513 5280/5280/4010 3740/3740/3605
f 3650/3650/3464 4409/4409/4970 3784/3784/3692
f 5606/5606/4659 5596/5596/4632 3980/3980/4031
f 4501/4501/2763 4211/4211/4479 5609/5609/4663
f 4714/4714/3134 5314/5314/4090 4014/4014/4092
f 5319/5319/4101 4048/4048/4156 3711/3711/3559
f 5677/5677/4800 3838/3838/3795 5316/5316/4093
f 4278/4278/4614 5489/5489/4413 5364/5364/4181
f 3965/3965/4005 3641/3641/3446 4915/4915/3445
f 3491/3491/4378 3489/3489/3194 5465/5465/4379
f 4157/4157/4383 3946/3946/3968 3947/3947/3969
f 5660/5660/4768 4242/4242/4551 4027/4027/4125
f 3176/3176/2690 5206/5206/4349 3174/3174/2688
f 3182/3182/2697 5722/5722/4907 5665/5665/4906
f 2919/2919/2579 3051/3051/1305 3503/3503/3934
f 5606/5606/4659 3741/3741/3606 5596/5596/4632
f 3397/3397/3063 5731/5731/4950 4403/4403/4951
f 4164/4164/4394 5473/5473/4396 5610/5610/4665
f 5645/5645/4945 4160/4160/4389 5649/5649/4742
f 3979/3979/4029 3673/3673/3490 4564/4564/2896
f 3711/3711/3559 5420/5420/4288 5683/5683/4818
f 3266/3266/2841 3459/3459/3151 4534/4534/2842
f 4331/4331/4736 4131/4131/4332 4956/4956/3512
f 4759/4759/3209 3323/3323/2937 4421/4421/5022
f 4149/4149/4371 4148/4148/4370 5343/5343/4161
f 3203/3203/2730 4600/4600/4117 5329/5329/4116
f 3933/3933/3949 4308/4308/4684 4525/4525/2820
f 3455/3455/3145 3904/3904/3899 5752/5752/5056
f 4905/4905/3425 4649/4649/3024 3628/3628/3426
f 3534/3534/3269 5410/5410/4261 5261/5261/5028
f 4369/4369/4859 3311/3311/2917 4573/4573/2916
f 5618/5618/5063 4780/4780/4758 4375/4375/4894
f 4485/4485/2745 4925/4925/3462 3650/3650/3464
f 5089/5089/3706 3792/3792/3708 5380/5380/4205
f 3236/3236/2789 5441/5441/4333 3254/3254/2817
f 3627/3627/3422 5189/5189/3860 5516/5516/4493
f 4111/4111/4294 3542/3542/3283 4921/4921/3459
f 3737/3737/3602 3456/3456/3145 5753/5753/5056
f 4785/4785/3238 3518/3518/3240 4097/4097/4262
f 4550/4550/5078 5104/5104/3731 3346/3346/2980
f 4836/4836/3415 4521/4521/2815 4079/4079/4226
f 3469/3469/3164 3521/3521/3246 4789/4789/3245
f 5584/5584/4870 3828/3828/3775 3811/3811/3741
f 4103/4103/4278 4372/4372/4881 4808/4808/3272
f 4544/4544/2857 5588/5588/4838 3215/3215/2756
f 3583/3583/3350 4867/4867/3349 3301/3301/2905
f 5411/5411/4263 5294/5294/4040 4410/4410/4972
f 5592/5592/4656 3619/3619/3410 4620/4620/3532
f 4112/4112/4295 5464/5464/4373 5234/5234/3941
f 4640/4640/3011 4695/4695/3094 4309/4309/4686
f 3387/3387/3045 4706/4706/3115 3558/3558/3309
f 5242/5242/3952 4343/4343/4775 3839/3839/3800
f 3935/3935/3951 4659/4659/3039 4246/4246/4561
f 3645/3645/3452 4247/4247/4564 5372/5372/4712
f 4118/4118/4306 4196/4196/4448 5702/5702/4863
f 4217/4217/4494 3448/3448/3139 3447/3447/3138
f 5640/5640/4722 4188/4188/4434 5641/5641/4723
f 63/63/2749 4611/4611/4110 3250/3250/2810
f 3957/3957/3990 5633/5633/4707 3958/3958/3991
f 3257/3257/2825 4900/4900/3412 4872/4872/3356
f 4376/4376/4899 5528/5528/4645 4387/4387/4920
f 4426/4426/5064 4918/4918/3454 5325/5325/4109
f 3503/3503/3934 3265/3265/2839 4543/4543/2856
f 3816/3816/3749 4629/4629/2988 5363/5363/4179
f 5513/5513/4481 3573/3573/3336 4176/4176/4420
f 5604/5604/4776 3545/3545/3289 4557/4557/2881
f 4346/4346/4782 4390/4390/4926 3975/3975/4023
f 3375/3375/3026 5706/5706/4871 3580/3580/3343
f 4512/4512/2791 3238/3238/2793 5074/5074/3786
f 4300/4300/4668 4398/4398/4940 3734/3734/3599
f 3948/3948/3972 5191/5191/4831 3949/3949/3973
f 3559/3559/3310 3558/3558/3309 4706/4706/3115
f 3964/3964/4003 4482/4482/2740 5279/5279/4004
f 4292/4292/4644 5685/5685/4821 3506/3506/3221
f 2879/2879/2581 3149/3149/2582 3946/3946/3968
f 3904/3904/3899 3186/3186/2701 5752/5752/5056
f 4742/4742/3176 3235/3235/2787 5497/5497/4436
f 4553/4553/2873 3961/3961/3997 3960/3960/3996
f 4112/4112/4295 5234/5234/3941 4548/4548/2868
f 4033/4033/4134 3498/3498/3207 3828/3828/3775
f 3310/3310/2914 4844/4844/3317 4770/4770/3223
f 5009/5009/4215 4511/4511/2790 3378/3378/3031
f 4877/4877/3365 3983/3983/4037 4756/4756/3199
f 4371/4371/4869 4714/4714/3134 3345/3345/2978
f 4171/4171/4414 4964/4964/4790 4965/4965/3984
f 4171/4171/4414 4965/4965/3984 4637/4637/3006
f 3515/3515/3234 3800/3800/3718 4943/4943/3483
f 5630/5630/5081 4877/4877/3365 3591/3591/3366
f 5556/5556/4566 4262/4262/4584 4235/4235/4533
f 4117/4117/4305 4140/4140/4353 4196/4196/4448
f 3599/3599/3377 4880/4880/3376 4929/4929/4424
f 5301/5301/4767 3478/3478/3181 3479/3479/3182
f 3962/3962/3998 5078/5078/4639 5624/5624/4692
f 3477/3477/3180 5155/5155/3798 3932/3932/3945
f 4423/4423/5034 3869/3869/3841 3743/3743/3610
f 4078/4078/4224 4384/4384/4915 3268/3268/2844
f 3386/3386/3044 5265/5265/4721 4796/4796/4929
f 4470/4470/3434 5206/5206/4349 3176/3176/2690
f 3577/3577/3340 4007/4007/4080 4323/4323/4717
f 5568/5568/4591 3696/3696/3529 3738/3738/3603
f 4273/4273/4607 5220/5220/3919 4619/4619/5077
f 5752/5752/5056 3186/3186/2701 5398/5398/4237
f 3963/3963/4000 5260/5260/3985 4222/4222/4502
f 2685/2685/2585 4107/4107/4281 3063/3063/2586
f 3648/3648/3460 3273/3273/2853 3274/3274/2855
f 4387/4387/4920 4067/4067/4196 4618/4618/4921
f 4665/4665/3048 4666/4666/3050 3885/3885/3876
f 4323/4323/4717 4200/4200/4457 3225/3225/2769
f 3473/3473/3172 5432/5432/4313 4740/4740/3173
f 5490/5490/4416 5141/5141/3857 4276/4276/4610
f 5401/5401/4244 3373/3373/3023 3336/3336/2963
f 5206/5206/4349 4978/4978/3543 3682/3682/3506
f 4041/4041/4143 5034/5034/5035 4256/4256/5082
f 4013/4013/4088 3356/3356/2996 4185/4185/4432
f 4697/4697/3098 5570/5570/5033 3419/3419/3099
f 3371/3371/3017 5168/5168/3820 4250/4250/4570
f 3748/3748/3620 5069/5069/3696 3836/3836/3792
f 3735/3735/3599 5729/5729/4942 4819/4819/3293
f 5367/5367/4192 5623/5623/5083 3841/3841/3802
f 3269/3269/2845 5429/5429/4647 5428/5428/4523
f 4788/4788/3243 4334/4334/4746 4282/4282/4622
f 5084/5084/3691 5668/5668/4779 3784/3784/3692
f 5454/5454/4359 4120/4120/4314 3363/3363/3005
f 3546/3546/3292 3547/3547/3294 4417/4417/4998
f 4327/4327/4731 5501/5501/4453 4321/4321/4713
f 4068/4068/4197 4327/4327/4731 4321/4321/4713
f 5576/5576/5059 4037/4037/4138 5700/5700/4872
f 5508/5508/4467 4199/4199/4454 4327/4327/4731
f 3556/3556/3307 3256/3256/2822 5277/5277/4001
f 5177/5177/3836 3332/3332/2955 3331/3331/2954
f 5375/5375/4202 4118/4118/4306 4989/4989/3554
f 5317/5317/4098 4018/4018/4097 4237/4237/4535
f 5530/5530/4518 4449/4449/2802 4425/4425/5062
f 4384/4384/4915 3355/3355/2995 3268/3268/2844
f 2981/2981/890 3103/3103/2589 3699/3699/3536
f 4454/4454/2691 3717/3717/4975 4974/4974/4552
f 4424/4424/5045 5716/5716/4885 3232/3232/2781
f 4108/4108/4283 5462/5462/4372 4219/4219/4500
f 3290/3290/2884 3331/3331/2954 3333/3333/2956
f 4146/4146/4367 5190/5190/4693 5631/5631/4704
f 3798/3798/3716 4001/4001/4065 4002/4002/4067
f 3491/3491/4378 3605/3605/3386 3527/3527/5046
f 3991/3991/4052 5579/5579/4602 5200/5200/4516
f 4322/4322/4714 4181/4181/4428 5709/5709/4875
f 4511/4511/2790 4356/4356/4825 4370/4370/4860
f 5571/5571/4593 5663/5663/4772 4306/4306/4681
f 3798/3798/3716 3804/3804/3728 4001/4001/4065
f 4181/4181/4428 3507/3507/3222 5589/5589/4615
f 3506/3506/3221 4030/4030/4131 3507/3507/3222
f 3650/3650/3464 4926/4926/3463 4409/4409/4970
f 5740/5740/4985 5707/5707/4873 3988/3988/4046
f 3190/3190/2708 4187/4187/4598 4753/4753/3193
f 3622/3622/3416 4845/4845/3318 3747/3747/3619
f 4515/4515/4307 5048/5048/4309 3832/3832/3782
f 3395/3395/3060 5582/5582/4606 3396/3396/3061
f 4507/4507/2782 3936/3936/3953 5736/5736/4961
f 5636/5636/4844 4733/4733/5018 4240/4240/4548
f 5238/5238/3946 3330/3330/2953 4011/4011/4085
f 4462/4462/2709 3190/3190/2708 5626/5626/4696
f 4624/4624/2981 3562/3562/3319 3348/3348/2982
f 4995/4995/5027 4280/4280/4621 5248/5248/4443
f 3426/3426/3109 5606/5606/4659 3980/3980/4031
f 4828/4828/4525 4230/4230/4524 4341/4341/4766
f 5365/5365/4187 3342/3342/2971 5689/5689/4836
f 4574/4574/2921 4295/4295/4649 3703/3703/3544
f 4905/4905/3425 3404/3404/3076 4686/4686/3075
f 4738/4738/3171 4522/4522/2816 4028/4028/4128
f 4468/4468/2719 3197/3197/2721 4727/4727/3159
f 3541/3541/3280 5657/5657/4764 4928/4928/3468
f 3403/3403/3074 5731/5731/4950 5131/5131/3759
f 3525/3525/3250 3995/3995/4054 5724/5724/4910
f 4453/4453/4991 3676/3676/3498 4350/4350/4796
f 4315/4315/4700 4657/4657/3036 5312/5312/4710
f 3333/3333/2956 4385/4385/4916 4382/4382/4911
f 5305/5305/4569 4143/4143/4358 3270/3270/2849
f 5365/5365/4187 5689/5689/4836 4402/4402/4948
f 4644/4644/3016 4813/4813/3282 3371/3371/3017
f 3582/3582/3348 4373/4373/4888 4867/4867/3349
f 4329/4329/4734 5145/5145/3783 5146/5146/3784
f 5746/5746/5032 3268/3268/2844 5679/5679/4802
f 5002/5002/3575 4374/4374/4889 4561/4561/2889
f 3584/3584/3351 4928/4928/3468 4319/4319/4706
f 3676/3676/3498 4951/4951/3497 4350/4350/4796
f 4777/4777/4878 4093/4093/4251 4778/4778/4586
f 3207/3207/2737 5602/5602/4652 4582/4582/2928
f 4831/4831/4142 3851/3851/3810 3853/3853/3812
f 5633/5633/4707 4384/4384/4915 4077/4077/4223
f 4935/4935/3471 5630/5630/5081 3591/3591/3366
f 3934/3934/3950 5581/5581/5011 5607/5607/4660
f 3443/3443/3133 4074/4074/4217 5314/5314/4090
f 5019/5019/3597 4297/4297/4653 4988/4988/3553
f 5077/5077/4027 5076/5076/4971 3910/3910/3909
f 2925/2925/2590 3482/3482/3185 2641/2641/535
f 2881/2881/2591 2963/2963/2592 3374/3374/3025
f 3903/3903/3898 3774/3774/3671 3775/3775/3673
f 3768/3768/3656 5737/5737/4963 5302/5302/4058
f 4633/4633/2992 3354/3354/2994 3732/3732/3596
f 3268/3268/2844 3355/3355/2995 3269/3269/2845
f 5377/5377/4669 5379/5379/4328 4301/4301/4670
f 5007/5007/3577 5116/5116/5031 4067/4067/4196
f 4690/4690/3082 4103/4103/4278 3408/3408/3083
f 3584/3584/3351 3441/3441/3130 3541/3541/3280
f 4938/4938/4846 5229/5229/3929 3924/3924/3931
f 4268/4268/4596 4192/4192/4439 4407/4407/4959
f 2680/2680/2488 3146/3146/2593 3370/3370/3014
f 3406/3406/3078 4395/4395/5065 3198/3198/2723
f 4743/4743/3177 3877/3877/3862 3475/3475/3178
f 5547/5547/4538 3774/3774/3671 3358/3358/2998
f 3762/3762/3646 5744/5744/5007 4335/4335/4747
f 3484/3484/3188 4663/4663/3679 4097/4097/4262
f 4535/4535/2846 3269/3269/2845 5428/5428/4523
f 5734/5734/4957 3468/3468/3163 4296/4296/4651
f 5637/5637/4715 4681/4681/4043 3930/3930/3939
f 2913/2913/2594 3021/3021/2595 3388/3388/3047
f 3364/3364/3007 4045/4045/4150 3365/3365/3008
f 3184/3184/2699 3725/3725/3582 3317/3317/2929
f 3789/3789/3704 4703/4703/3107 4241/4241/4550
f 3621/3621/3413 5587/5587/4613 5306/5306/4068
f 3289/3289/2883 3291/3291/2885 5591/5591/4618
f 4690/4690/3082 5617/5617/4678 4372/4372/4881
f 5253/5253/3966 5739/5739/4980 3945/3945/3967
f 3725/3725/3582 4065/4065/4190 4486/4486/2746
f 3089/3089/2554 2693/2693/2596 3803/3803/3727
f 3865/3865/3834 5667/5667/4778 5253/5253/3966
f 4691/4691/3086 4577/4577/2926 3409/3409/3084
f 3825/3825/3770 3230/3230/2778 4505/4505/2777
f 4849/4849/3983 5614/5614/4984 4194/4194/4444
f 3912/3912/3913 5642/5642/4727 5215/5215/3914
f 3392/3392/3056 4251/4251/4571 4252/4252/4573
f 3954/3954/3981 5000/5000/3572 5001/5001/3573
f 4243/4243/4557 4289/4289/4638 4288/4288/4636
f 4418/4418/5005 4462/4462/2709 4058/4058/4172
f 3789/3789/3704 3763/3763/3648 4703/4703/3107
f 3329/3329/2952 5678/5678/4801 5328/5328/4115
f 3166/3166/2673 4205/4205/4464 5353/5353/4522
f 3172/3172/2684 5209/5209/3905 5678/5678/4801
f 4515/4515/4307 4716/4716/4683 4119/4119/4308
f 4198/4198/4452 5661/5661/4769 4210/4210/4475
f 3957/3957/3990 5665/5665/4906 5633/5633/4707
f 5489/5489/4413 3636/3636/3436 4996/4996/3568
f 4242/4242/4551 4069/4069/4198 4068/4068/4197
f 5617/5617/4678 4626/4626/2983 4227/4227/4512
f 5478/5478/4988 5016/5016/3593 3731/3731/3592
f 5730/5730/5075 4054/4054/4165 5346/5346/4164
f 4856/4856/5001 4201/4201/4460 4820/4820/4459
f 4098/4098/4265 3940/3940/3959 4099/4099/4266
f 3850/3850/3809 5031/5031/3631 4166/4166/4401
f 4172/4172/4415 5486/5486/4411 5172/5172/3826
f 3170/3170/2678 4437/4437/2677 5565/5565/4673
f 5386/5386/4242 4052/4052/4158 3738/3738/3603
f 5662/5662/4770 3834/3834/3787 4953/4953/3507
f 3439/3439/3128 5488/5488/4412 5550/5550/4555
f 5606/5606/4659 3426/3426/3109 3683/3683/3510
f 3271/3271/2850 5170/5170/4442 4193/4193/4441
f 4992/4992/3558 5318/5318/4100 3711/3711/3559
f 4334/4334/4746 5492/5492/4783 4282/4282/4622
f 3728/3728/3587 4426/4426/5064 5325/5325/4109
f 4931/4931/3469 5581/5581/5011 3335/3335/2960
f 5686/5686/4822 4044/4044/4149 4475/4475/2726
f 3590/3590/3364 4476/4476/2728 3709/3709/3551
f 4834/4834/3311 3967/3967/4007 3560/3560/3312
f 4218/4218/4497 3383/3383/3041 3382/3382/3040
f 5685/5685/4821 4020/4020/4102 4834/4834/3311
f 5685/5685/4821 4834/4834/3311 4031/4031/4132
f 4046/4046/4152 5233/5233/3938 4047/4047/4153
f 4492/4492/4155 4257/4257/4577 4699/4699/5043
f 2711/2711/2597 2817/2817/1444 5229/5229/3929
f 5352/5352/5084 5351/5351/4900 3161/3161/2667
f 5651/5651/4823 5352/5352/5084 3161/3161/2667
f 3987/3987/4045 4375/4375/4894 3736/3736/3601
f 5196/5196/3971 5195/5195/3943 3459/3459/3151
f 5509/5509/4468 4317/4317/4702 4283/4283/4624
f 3832/3832/3782 5048/5048/4309 4508/4508/2784
f 4402/4402/4948 4599/4599/2951 3319/3319/2931
f 3245/3245/2805 4972/4972/3538 3783/3783/3689
f 4640/4640/3011 4309/4309/4686 4700/4700/3702
f 4097/4097/4262 5411/5411/4263 4411/4411/4973
f 3350/3350/2987 4671/4671/3057 4629/4629/2988
f 4668/4668/3052 4070/4070/4204 5704/5704/4867
f 3972/3972/4017 3766/3766/3654 3588/3588/3357
f 3787/3787/3699 4801/4801/3267 5261/5261/5028
f 5696/5696/4849 5139/5139/3773 3445/3445/3136
f 3671/3671/3486 3385/3385/3043 3384/3384/3042
f 3530/3530/3260 4799/4799/3262 5435/5435/4317
f 4913/4913/3442 3640/3640/3444 4054/4054/4165
f 4086/4086/5085 4214/4214/5086 5484/5484/4408
f 3764/3764/3650 3380/3380/3034 3513/3513/3232
f 4763/4763/3215 3965/3965/4005 4915/4915/3445
f 4062/4062/4186 5365/5365/4187 5371/5371/4200
f 5468/5468/5060 4417/4417/4998 5324/5324/4108
f 4453/4453/4991 4350/4350/4796 5388/5388/4797
f 5268/5268/4745 4420/4420/5015 3601/3601/3381
f 4504/4504/2776 4332/4332/4741 5070/5070/5052
f 4096/4096/4255 5179/5179/3839 4798/4798/3259
f 3419/3419/3099 4150/4150/4832 3418/3418/3097
f 4271/4271/4891 5044/5044/4239 4088/4088/4238
f 3960/3960/3996 4412/4412/4976 5051/5051/3649
f 4824/4824/3304 3543/3543/3286 5272/5272/4805
f 4094/4094/4252 5716/5716/4885 4353/4353/4810
f 3802/3802/3723 4842/4842/3316 3282/3282/2869
f 3173/3173/2687 4684/4684/5057 4442/4442/2685
f 5721/5721/4902 4297/4297/4653 4377/4377/4903
f 3705/3705/3547 4561/4561/2889 4562/4562/2891
f 3613/3613/3398 4383/4383/4914 4815/4815/3285
f 5309/5309/4077 5593/5593/4620 3950/3950/3976
f 5472/5472/4395 3251/3251/2811 5473/5473/4396
f 3951/3951/3977 4116/4116/4304 3686/3686/3516
f 2769/2769/2601 3011/3011/1451 3843/3843/4074
f 5623/5623/5083 5463/5463/4965 3841/3841/3802
f 5728/5728/4936 4170/4170/4406 5510/5510/4473
f 4244/4244/4558 5597/5597/4635 5441/5441/4333
f 5155/5155/3798 3916/3916/3917 3932/3932/3945
f 4014/4014/4092 5599/5599/4642 3288/3288/2880
f 4018/4018/4097 4856/4856/5001 4820/4820/4459
f 5336/5336/4144 3895/3895/3890 4024/4024/4119
f 3306/3306/2911 4460/4460/2706 5664/5664/4773
f 3823/3823/3766 5167/5167/3818 5136/5136/3767
f 4424/4424/5045 3483/3483/3186 5736/5736/4961
f 5108/5108/3864 3879/3879/3865 5106/5106/4698
f 5332/5332/4123 4992/4992/3558 3712/3712/3560
f 3959/3959/3994 3575/3575/3338 4874/4874/3360
f 5481/5481/4405 4170/4170/4406 3752/3752/3626
f 5082/5082/3687 5176/5176/3831 4264/4264/4587
f 3732/3732/3596 5018/5018/3595 4633/4633/2992
f 3464/3464/3158 5025/5025/4490 4468/4468/2719
f 4741/4741/3175 3442/3442/3132 4371/4371/4869
f 2979/2979/831 3155/3155/2602 3664/3664/3478
f 4277/4277/4612 3586/3586/3354 4871/4871/3353
f 4444/4444/3424 4445/4445/5087 4446/4446/5088
f 4447/4447/3423 4444/4444/3424 4446/4446/5088
f 4448/4448/2800 4449/4449/2802 4450/4450/4245
f 4451/4451/2840 4452/4452/3540 4453/4453/4991
f 4487/4487/4210 4488/4488/4211 4489/4489/4657
f 4490/4490/4154 4491/4491/4485 4492/4492/4155
f 4514/4514/4476 4515/4515/4307 4516/4516/3781
f 4541/4541/4927 4467/4467/2717 4542/4542/4075
f 4549/4549/5089 4550/4550/5078 4551/4551/3658
f 4579/4579/4918 4580/4580/4996 4581/4581/4762
f 4585/4585/4330 4586/4586/3986 4587/4587/4343
f 4600/4600/4117 4602/4602/4375 4603/4603/5090
f 4609/4609/4981 4607/4607/2962 4608/4608/2964
f 4617/4617/4919 4618/4618/4921 4619/4619/5077
f 4620/4620/3532 4621/4621/5008 4622/4622/4012
f 4650/4650/3762 4651/4651/4877 4652/4652/5002
f 4661/4661/3448 4662/4662/4450 4663/4663/3679
f 4681/4681/4043 4682/4682/4809 4683/4683/3661
f 4694/4694/5091 4592/4592/2945 4593/4593/2947
f 4699/4699/5043 4700/4700/3702 4701/4701/3402
f 4580/4580/4996 4709/4709/4761 4581/4581/4762
f 4514/4514/4476 4715/4715/4044 4716/4716/4683
f 4722/4722/4259 4724/4724/4901 4725/4725/4774
f 4728/4728/4904 4729/4729/4547 4730/4730/3701
f 4731/4731/4977 4732/4732/3404 4733/4733/5018
f 4746/4746/4235 4747/4747/4969 4749/4749/4865
f 4767/4767/4978 4768/4768/3942 4769/4769/3499
f 4704/4704/3112 4718/4718/3147 4705/4705/3113
f 4777/4777/4878 4778/4778/4586 4779/4779/4628
f 4780/4780/4758 4781/4781/3358 4782/4782/3600
f 4794/4794/3842 4795/4795/5092 4796/4796/4929
f 4802/4802/4404 4803/4803/4335 4490/4490/4154
f 4804/4804/4018 4805/4805/4675 4807/4807/4019
f 4820/4820/4459 4549/4549/5089 4821/4821/4514
f 4828/4828/4525 4829/4829/4505 4830/4830/3863
f 4831/4831/4142 4832/4832/4069 4833/4833/4751
f 4521/4521/2815 4836/4836/3415 4522/4522/2816
f 4837/4837/4637 4838/4838/5093 4839/4839/5094
f 1713/1713/1769 4760/4760/3210 4761/4761/3212
f 4846/4846/4941 4847/4847/4835 4849/4849/3983
f 4787/4787/3242 4853/4853/3676 4788/4788/3243
f 4652/4652/5002 4651/4651/4877 4856/4856/5001
f 4554/4554/2874 4860/4860/4169 4861/4861/3923
f 4862/4862/4291 4644/4644/3016 4538/4538/2848
f 4868/4868/3711 4869/4869/4827 4870/4870/4285
f 2897/2897/2611 2787/2787/2612 4503/4503/2775
f 4894/4894/4047 4895/4895/4956 4639/4639/3010
f 2871/2871/2613 2747/2747/2614 4839/4839/5094
f 4922/4922/4350 4923/4923/4351 4924/4924/4368
f 4866/4866/3347 4823/4823/3301 4752/4752/3190
f 4929/4929/4424 4743/4743/3177 4744/4744/3179
f 4932/4932/4703 4875/4875/3361 4933/4933/5003
f 4937/4937/4034 4938/4938/4846 4939/4939/4035
f 4940/4940/4568 4941/4941/4892 4942/4942/4230
f 4581/4581/4762 4923/4923/4351 4947/4947/3850
f 4964/4964/4790 4889/4889/3387 4965/4965/3984
f 4968/4968/4062 4655/4655/3033 4969/4969/3662
f 4454/4454/2691 4974/4974/4552 4455/4455/2692
f 4979/4979/3872 4980/4980/5030 4981/4981/4212
f 2723/2723/2615 2845/2845/2616 4611/4611/4110
f 4975/4975/4552 4984/4984/4553 4986/4986/4513
f 4594/4594/3791 4995/4995/5027 4596/4596/3829
f 5003/5003/4912 5004/5004/4051 5005/5005/4634
f 4560/4560/2888 4805/4805/4675 4804/4804/4018
f 5008/5008/4510 5009/5009/4215 5010/5010/3754
f 4862/4862/4291 5013/5013/5013 5011/5011/3583
f 4468/4468/2719 5025/5025/4490 5026/5026/3623
f 5030/5030/4385 4682/4682/4809 4681/4681/4043
f 4568/4568/2902 4683/4683/3661 4569/4569/2903
f 5044/5044/4239 5045/5045/5067 5046/5046/4240
f 5048/5048/4309 4507/4507/2782 4508/4508/2784
f 4615/4615/2976 4955/4955/3509 4519/4519/2808
f 4445/4445/5087 5053/5053/3881 5054/5054/4986
f 5066/5066/4845 4527/4527/2824 4526/4526/2823
f 5069/5069/3696 4504/4504/2776 5070/5070/5052
f 4954/4954/3508 5074/5074/3786 5075/5075/4486
f 5076/5076/4971 5077/5077/4027 5078/5078/4639
f 5091/5091/4851 5092/5092/4852 4491/4491/4485
f 4702/4702/3106 5093/5093/4811 5094/5094/4730
f 5100/5100/3962 4547/4547/2865 5101/5101/4795
f 5106/5106/4698 5107/5107/4469 5108/5108/3864
f 5115/5115/5048 5116/5116/5031 4977/4977/3542
f 5123/5123/4127 5124/5124/4626 4738/4738/3171
f 5141/5141/3857 5142/5142/3856 5143/5143/4623
f 4605/4605/2959 5149/5149/4084 5150/5150/4083
f 4869/4869/4827 5156/5156/3845 5157/5157/4286
f 5160/5160/5051 5161/5161/4492 4877/4877/3365
f 5120/5120/3743 5170/5170/4442 5171/5171/4949
f 5124/5124/4626 4737/4737/3170 4738/4738/3171
f 4654/4654/3030 4509/4509/2785 5183/5183/3995
f 5190/5190/4693 5191/5191/4831 5142/5142/3856
f 5194/5194/3970 5195/5195/3943 5196/5196/3971
f 5199/5199/4489 5200/5200/4516 5096/5096/3722
f 4680/4680/3073 5202/5202/4807 5076/5076/4971
f 4554/4554/2874 5051/5051/3649 4860/4860/4169
f 5206/5206/4349 4470/4470/3434 4632/4632/5080
f 5201/5201/3885 5019/5019/3597 4911/4911/3439
f 5213/5213/4543 4900/4900/3412 5214/5214/4544
f 5216/5216/4897 5217/5217/4055 5218/5218/4014
f 5056/5056/3657 4549/4549/5089 4551/4551/3658
f 5030/5030/4385 4681/4681/4043 5228/5228/4803
f 4499/4499/2758 5148/5148/3790 5241/5241/5014
f 4795/4795/5092 5008/5008/4510 5128/5128/3753
f 5126/5126/3752 5244/5244/4277 5125/5125/3750
f 5165/5165/3816 5023/5023/3613 5249/5249/4443
f 5258/5258/4292 5160/5160/5051 5259/5259/4884
f 4696/4696/3095 5261/5261/5028 5262/5262/5095
f 5264/5264/4759 5021/5021/3608 5265/5265/4721
f 5269/5269/4745 5270/5270/4729 5013/5013/5013
f 5272/5272/4805 5273/5273/4185 5274/5274/4184
f 5278/5278/4725 5217/5217/4055 5216/5216/4897
f 5284/5284/4757 5286/5286/4898 5231/5231/5096
f 4834/4834/3311 4835/4835/3313 5288/5288/4122
f 2947/2947/2619 3013/3013/2620 5036/5036/3635
f 5289/5289/5009 5161/5161/4492 5160/5160/5051
f 5290/5290/4081 4447/4447/3423 4446/4446/5088
f 5297/5297/4755 5298/5298/4114 5299/5299/5097
f 4622/4622/4012 5028/5028/3625 5282/5282/4013
f 4900/4900/3412 4901/4901/3414 5214/5214/4544
f 4646/4646/3020 4645/4645/3019 5305/5305/4569
f 4943/4943/3483 4833/4833/4751 4832/4832/4069
f 5311/5311/4269 4585/4585/4330 4990/4990/3555
f 4657/4657/3036 4656/4656/3035 5312/5312/4710
f 4767/4767/4978 4769/4769/3499 5320/5320/4312
f 5062/5062/3666 4854/4854/3326 5063/5063/3667
f 2729/2729/2622 2891/2891/2623 5326/5326/4841
f 5056/5056/3657 4821/4821/4514 4549/4549/5089
f 4469/4469/2720 4468/4468/2719 5026/5026/3623
f 5046/5046/4240 5045/5045/5067 5340/5340/4748
f 4527/4527/2824 4728/4728/4904 4730/4730/3701
f 5351/5351/4900 5352/5352/5084 4806/4806/4716
f 4514/4514/4476 4716/4716/4683 4515/4515/4307
f 4541/4541/4927 4542/4542/4075 5353/5353/4522
f 5209/5209/3905 5208/5208/3904 5356/5356/5098
f 5358/5358/4537 4698/4698/3102 4670/4670/3055
f 5359/5359/4813 5232/5232/3933 5205/5205/3894
f 4639/4639/3010 4895/4895/4956 4640/4640/3011
f 4917/4917/3453 5372/5372/4712 5373/5373/4743
f 5377/5377/4669 5378/5378/4820 5379/5379/4328
f 5385/5385/4242 5097/5097/3724 5341/5341/4159
f 4661/4661/3448 4763/4763/3215 4662/4662/4450
f 4453/4453/4991 5388/5388/4797 5389/5389/5058
f 3151/3151/2625 2733/2733/2626 5394/5394/4456
f 5118/5118/3739 5262/5262/5095 5155/5155/3798
f 5396/5396/4542 5354/5354/4170 5287/5287/4024
f 5246/5246/3960 5247/5247/4549 4916/4916/3451
f 4670/4670/3055 5053/5053/3881 5358/5358/4537
f 5400/5400/4983 4494/4494/2751 4495/4495/2753
f 2887/2887/2627 2917/2917/2628 4898/4898/3405
f 4477/4477/2731 4712/4712/3125 4478/4478/2732
f 4472/4472/2722 4473/4473/2724 5301/5301/4767
f 4696/4696/3095 5262/5262/5095 5255/5255/3975
f 5235/5235/4990 4571/4571/3264 4800/4800/3263
f 5428/5428/4523 5429/5429/4647 4590/4590/2943
f 4450/4450/4245 4529/4529/2828 4448/4448/2800
f 5251/5251/4930 5102/5102/4795 5032/5032/3632
f 5440/5440/4499 5069/5069/3696 5070/5070/5052
f 4824/4824/3304 5272/5272/4805 5274/5274/4184
f 5352/5352/5084 4941/4941/4892 4940/4940/4568
f 5447/5447/5004 5241/5241/5014 5147/5147/3789
f 5371/5371/4200 5365/5365/4187 5450/5450/4947
f 5459/5459/5025 4596/4596/3829 4910/4910/3437
f 4672/4672/3058 5450/5450/4947 5461/5461/4611
f 5270/5270/4729 4908/4908/3433 5011/5011/3583
f 5463/5463/4965 5436/5436/4319 5159/5159/3803
f 5466/5466/4409 5065/5065/3672 5467/5467/4410
f 5088/5088/3700 4736/4736/3168 5177/5177/3836
f 5208/5208/3904 5468/5468/5060 5356/5356/5098
f 5475/5475/4617 5383/5383/4208 5477/5477/4988
f 5162/5162/3811 4517/4517/2798 5137/5137/3769
f 5492/5492/4783 5493/5493/4887 5490/5490/4416
f 5503/5503/4842 5504/5504/4554 4518/4518/2804
f 5506/5506/5099 5327/5327/4113 5438/5438/4322
f 5069/5069/3696 4505/4505/2777 4504/4504/2776
f 4777/4777/4878 4465/4465/2715 4575/4575/2923
f 4869/4869/4827 5157/5157/4286 4870/4870/4285
f 5067/5067/3675 5493/5493/4887 4853/4853/3676
f 5405/5405/4253 5332/5332/4123 5506/5506/5099
f 4455/4455/2692 5020/5020/3607 4614/4614/2975
f 4901/4901/3414 5306/5306/4068 4580/4580/4996
f 5044/5044/4239 5188/5188/3858 5045/5045/5067
f 5520/5520/4581 4893/4893/3391 5006/5006/3576
f 5523/5523/5076 4837/4837/4637 4937/4937/4034
f 5256/5256/3979 5163/5163/3814 5317/5317/4098
f 5527/5527/4679 5528/5528/4645 5105/5105/3731
f 4711/4711/3124 4876/4876/3363 5532/5532/4655
f 5533/5533/4540 5534/5534/4539 5535/5535/4664
f 5032/5032/3632 5102/5102/4795 5545/5545/4576
f 4452/4452/3540 4973/4973/3539 4453/4453/4991
f 5259/5259/4884 4935/4935/3471 4539/4539/2851
f 5501/5501/4453 5512/5512/4478 5156/5156/3845
f 4879/4879/3371 4878/4878/3370 5240/5240/3948
f 5549/5549/4816 4620/4620/3532 4622/4622/4012
f 4701/4701/3402 5199/5199/4489 5096/5096/3722
f 4490/4490/4154 5091/5091/4851 4491/4491/4485
f 5204/5204/3889 5163/5163/3814 5256/5256/3979
f 5083/5083/3690 4972/4972/3538 5030/5030/4385
f 5155/5155/3798 4812/4812/3281 5118/5118/3739
f 5356/5356/5098 5324/5324/4108 5457/5457/4363
f 4892/4892/3391 4891/4891/3390 4976/4976/3542
f 4437/4437/2677 4429/4429/2663 5565/5565/4673
f 4853/4853/3676 5493/5493/4887 5492/5492/4783
f 4697/4697/3098 4784/4784/4633 5570/5570/5033
f 5573/5573/4858 4573/4573/2916 5289/5289/5009
f 4734/4734/3166 4461/4461/2707 4462/4462/2709
f 5312/5312/4710 4656/4656/3035 5574/5574/4913
f 5340/5340/4748 5045/5045/5067 4531/4531/2834
f 4924/4924/4368 4923/4923/4351 5576/5576/5059
f 5545/5545/4576 5577/5577/5021 5032/5032/3632
f 4931/4931/3469 4809/4809/3273 5581/5581/5011
f 5580/5580/4603 4487/4487/4210 5004/5004/4051
f 5342/5342/4160 5341/5341/4159 5584/5584/4870
f 5342/5342/4160 5584/5584/4870 5119/5119/3740
f 5115/5115/5048 5586/5586/5100 5116/5116/5031
f 5588/5588/4838 5400/5400/4983 5195/5195/3943
f 4610/4610/4111 5592/5592/4656 5549/5549/4816
f 5595/5595/4866 4748/4748/4969 5482/5482/4407
f 5330/5330/4118 5439/5439/4327 5336/5336/4144
f 5267/5267/3993 5601/5601/5101 5067/5067/3675
f 5154/5154/3797 5499/5499/4445 5602/5602/4652
f 5599/5599/4642 5603/5603/4943 5604/5604/4776
f 5586/5586/5100 5221/5221/3926 5116/5116/5031
f 4849/4849/3983 5257/5257/3982 5614/5614/4984
f 5616/5616/4799 4933/4933/5003 4875/4875/3361
f 4872/4872/3356 4900/4900/3412 5213/5213/4543
f 5619/5619/5102 4619/4619/5077 5220/5220/3919
f 1713/1713/1769 4761/4761/3212 2753/2753/2634
f 5623/5623/5083 5437/5437/4320 5436/5436/4319
f 5500/5500/4447 5627/5627/4989 5619/5619/5102
f 5103/5103/3729 5104/5104/3731 4550/4550/5078
f 4630/4630/2990 5423/5423/4293 5629/5629/4862
f 5630/5630/5081 5160/5160/5051 4877/4877/3365
f 4986/4986/4513 4694/4694/5091 5281/5281/4010
f 5632/5632/5006 4449/4449/2802 5530/5530/4518
f 4731/4731/4977 5636/5636/4844 4717/4717/3142
f 5260/5260/3985 4586/4586/3986 5337/5337/4146
f 5515/5515/4483 4894/4894/4047 4639/4639/3010
f 5342/5342/4160 5119/5119/3740 5376/5376/4203
f 4596/4596/3829 5022/5022/3611 4910/4910/3437
f 4648/4648/3022 5050/5050/3647 5645/5645/4945
f 5651/5651/4823 5149/5149/4084 5352/5352/5084
f 5025/5025/4490 5170/5170/4442 5026/5026/3623
f 5168/5168/3820 5431/5431/4311 4646/4646/3020
f 5426/5426/4300 5654/5654/5040 4638/4638/3009
f 4558/4558/2882 4542/4542/4075 4467/4467/2717
f 5658/5658/4812 5012/5012/3589 5659/5659/4968
f 5352/5352/5084 4940/4940/4568 4806/4806/4716
f 4927/4927/3466 5633/5633/4707 5665/5665/4906
f 5284/5284/4757 5546/5546/4536 4781/4781/3358
f 4865/4865/3345 4866/4866/3347 5666/5666/5103
f 5303/5303/4063 5507/5507/4465 5670/5670/5000
f 5666/5666/5103 4752/4752/3190 5129/5129/3756
f 5669/5669/4780 5668/5668/4779 5084/5084/3691
f 5356/5356/5098 5457/5457/4363 5493/5493/4887
f 5011/5011/3583 5013/5013/5013 5270/5270/4729
f 5500/5500/4447 5619/5619/5102 5499/5499/4445
f 2907/2907/2637 2723/2723/2615 4611/4611/4110
f 5122/5122/3747 5627/5627/4989 5500/5500/4447
f 4539/4539/2851 4935/4935/3471 4934/4934/3470
f 5306/5306/4068 5587/5587/4613 4709/4709/4761
f 2757/2757/2638 4838/4838/5093 2759/2759/2639
f 4917/4917/3453 5557/5557/4572 4851/4851/3322
f 4596/4596/3829 4995/4995/5027 5022/5022/3611
f 5659/5659/4968 5012/5012/3589 5008/5008/4510
f 4866/4866/3347 4752/4752/3190 5666/5666/5103
f 5572/5572/4594 4826/4826/3306 4825/4825/3305
f 5266/5266/3992 5688/5688/5104 5267/5267/3993
f 4971/4971/3537 4518/4518/2804 5575/5575/4599
f 5560/5560/4578 4560/4560/2888 4804/4804/4018
f 5370/5370/4199 5691/5691/5039 5094/5094/4730
f 4483/4483/2741 5364/5364/4181 5344/5344/4183
f 4740/4740/3173 5432/5432/4313 5433/5433/4315
f 5229/5229/3929 4520/4520/2812 4498/4498/2755
f 5092/5092/4852 4894/4894/4047 5515/5515/4483
f 5692/5692/5037 5625/5625/4695 5055/5055/3653
f 5659/5659/4968 5008/5008/4510 4795/4795/5092
f 4694/4694/5091 4593/4593/2947 5281/5281/4010
f 5347/5347/4166 4676/4676/3067 4675/4675/3066
f 5695/5695/5055 5005/5005/4634 5498/5498/4440
f 5241/5241/5014 5148/5148/3790 5147/5147/3789
f 5697/5697/4933 5655/5655/4754 5494/5494/4423
f 5420/5420/4288 4492/4492/4155 4699/4699/5043
f 5595/5595/4866 5482/5482/4407 5226/5226/3928
f 5576/5576/5059 5700/5700/4872 5460/5460/4366
f 5576/5576/5059 5460/5460/4366 4924/4924/4368
f 5623/5623/5083 4744/4744/3179 5437/5437/4320
f 5691/5691/5039 4703/4703/3107 4702/4702/3106
f 4851/4851/3322 4852/4852/3324 4917/4917/3453
f 5510/5510/4473 4674/4674/3065 5554/5554/4563
f 5381/5381/4206 5383/5383/4208 5475/5475/4617
f 5696/5696/4849 5041/5041/3640 5072/5072/3681
f 5714/5714/4924 4442/4442/2685 5021/5021/3608
f 5556/5556/4566 5282/5282/4013 5715/5715/4974
f 5282/5282/4013 5028/5028/3625 5715/5715/4974
f 5259/5259/4884 4539/4539/2851 5418/5418/4276
f 4438/4438/2679 4439/4439/2680 5446/5446/4347
f 4877/4877/3365 4756/4756/3199 4755/4755/3198
f 5324/5324/4108 5323/5323/4107 5457/5457/4363
f 5720/5720/4896 5216/5216/4897 4502/4502/2773
f 4457/4457/2695 4944/4944/3488 5723/5723/4907
f 5262/5262/5095 5261/5261/5028 5410/5410/4261
f 4688/4688/3081 5443/5443/4340 4690/4690/3082
f 4890/4890/3388 4889/4889/3387 4964/4964/4790
f 5524/5524/4506 5695/5695/5055 5498/5498/4440
f 4580/4580/4996 5306/5306/4068 4709/4709/4761
f 5259/5259/4884 5160/5160/5051 4935/4935/3471
f 5053/5053/3881 4670/4670/3055 5054/5054/4986
f 5144/5144/3780 5511/5511/4477 4516/4516/3781
f 5695/5695/5055 4982/4982/3546 5005/5005/4634
f 5239/5239/3947 4471/4471/2722 5300/5300/4056
f 5694/5694/4848 4912/4912/3441 5454/5454/4359
f 5549/5549/4816 5592/5592/4656 4620/4620/3532
f 5203/5203/3888 5646/5646/4738 5204/5204/3889
f 5297/5297/4755 5299/5299/5097 5628/5628/4697
f 5389/5389/5058 5388/5388/4797 4494/4494/2751
f 5231/5231/5096 5622/5622/4688 5546/5546/4536
f 5340/5340/4748 4531/4531/2834 5525/5525/4508
f 5603/5603/4943 5653/5653/4752 5701/5701/4861
f 5022/5022/3611 5730/5730/5075 5080/5080/3684
f 5178/5178/3837 4836/4836/3415 4902/4902/3417
f 4849/4849/3983 5434/5434/4316 4846/4846/4941
f 4658/4658/3037 5551/5551/4556 5706/5706/4871
f 5034/5034/5035 5137/5137/3769 5392/5392/4220
f 4522/4522/2816 5178/5178/3837 5179/5179/3839
f 4744/4744/3179 5052/5052/3651 5437/5437/4320
f 5688/5688/5104 5356/5356/5098 5601/5601/5101
f 5435/5435/4317 4799/4799/3262 5275/5275/3999
f 5067/5067/3675 5601/5601/5101 5493/5493/4887
f 5468/5468/5060 5324/5324/4108 5356/5356/5098
f 4948/4948/3494 5088/5088/3700 4949/4949/3495
f 4669/4669/3054 5347/5347/4166 4675/4675/3066
f 5158/5158/3799 4780/4780/4758 5618/5618/5063
f 4793/4793/3257 4792/4792/3256 4446/4446/5088
f 5642/5642/4727 5583/5583/4609 5215/5215/3914
f 4939/4939/4035 5447/5447/5004 5456/5456/4362
f 5389/5389/5058 4494/4494/2751 5400/5400/4983
f 2779/2779/2641 5738/5738/5061 2959/2959/2642
f 5719/5719/4895 4445/4445/5087 5054/5054/4986
f 5006/5006/3576 4893/4893/3391 5007/5007/3577
f 4966/4966/3530 4888/4888/3384 4967/4967/3531
f 5447/5447/5004 5147/5147/3789 5456/5456/4362
f 5486/5486/4411 5174/5174/3827 5172/5172/3826
f 4712/4712/3125 4477/4477/2731 4567/4567/2901
f 4865/4865/3345 5666/5666/5103 5130/5130/3758
f 4691/4691/3086 5382/5382/4206 5476/5476/4617
f 5209/5209/3905 5356/5356/5098 5688/5688/5104
f 5629/5629/4862 5003/5003/4912 4631/4631/2991
f 5353/5353/4522 5140/5140/3776 4541/4541/4927
f 2781/2781/2643 4859/4859/3333 2863/2863/2644
f 4610/4610/4111 5693/5693/4843 5592/5592/4656
f 5721/5721/4902 5294/5294/4040 5605/5605/4654
f 2737/2737/2645 2887/2887/2627 4898/4898/3405
f 4746/4746/4235 5263/5263/3988 5548/5548/4546
f 4933/4933/5003 4687/4687/3079 4932/4932/4703
f 5200/5200/4516 5529/5529/4517 4842/4842/3316
f 4684/4684/5057 4685/4685/4419 5491/5491/4418
f 4559/4559/2886 5560/5560/4578 4721/4721/3153
f 4854/4854/3326 5673/5673/4792 5063/5063/3667
f 4982/4982/3546 4631/4631/2991 5003/5003/4912
f 4582/4582/2928 5602/5602/4652 5219/5219/3918
f 2777/2777/2397 2867/2867/2646 4754/4754/3196
f 5715/5715/4974 5699/5699/4857 5556/5556/4566
f 5678/5678/4801 5688/5688/5104 5266/5266/3992
f 3660/3660/4999 4642/4642/3015 5754/5754/5105
f 5408/5408/4257 5495/5495/4427 5743/5743/5010
f 4974/4974/4552 4985/4985/4513 4455/4455/2692
f 4993/4993/3562 5331/5331/4120 5424/5424/4297
f 4832/4832/4069 5558/5558/4574 5543/5543/4576
f 5678/5678/4801 5209/5209/3905 5688/5688/5104
f 5129/5129/3756 5130/5130/3758 5666/5666/5103
f 5463/5463/4965 5623/5623/5083 5436/5436/4319
f 5718/5718/4890 4811/4811/3276 5742/5742/4994
f 4646/4646/3020 5305/5305/4569 5168/5168/3820
f 5170/5170/4442 4850/4850/3320 5171/5171/4949
f 4880/4880/3376 4743/4743/3177 4929/4929/4424
f 5420/5420/4288 4699/4699/5043 5741/5741/4992
f 5718/5718/4890 5742/5742/4994 5554/5554/4563
f 5644/5644/4737 5132/5132/3760 4652/4652/5002
f 5600/5600/4650 5746/5746/5032 5679/5679/4802
f 5107/5107/4469 5703/5703/4864 4567/4567/2901
f 4645/4645/3019 5542/5542/4530 5305/5305/4569
f 5708/5708/4874 5588/5588/4838 5194/5194/3970
f 5136/5136/3767 5167/5167/3818 4863/4863/3339
f 5082/5082/3687 5175/5175/3830 5176/5176/3831
f 5470/5470/4387 4824/4824/3304 5274/5274/4184
f 4802/4802/4404 5442/5442/4336 4803/4803/4335
f 5352/5352/5084 5149/5149/4084 4941/4941/4892
f 5106/5106/4698 5634/5634/4708 5293/5293/4033
f 4817/4817/3290 5047/5047/3642 4818/4818/3291
f 5602/5602/4652 5619/5619/5102 5220/5220/3919
f 4529/4529/2828 4450/4450/4245 5402/5402/4247
f 5588/5588/4838 5195/5195/3943 5194/5194/3970
f 4768/4768/3942 5029/5029/3628 4769/4769/3499
f 5015/5015/5070 5443/5443/4340 4688/4688/3081
f 5309/5309/4077 5198/5198/3874 5593/5593/4620
f 2823/2823/5106 2795/2795/2650 5408/5408/4257
f 4662/4662/4450 4785/4785/3238 4663/4663/3679
f 5523/5523/5076 4937/4937/4034 5711/5711/4880
f 4451/4451/2840 4453/4453/4991 5389/5389/5058
f 5453/5453/4357 4941/4941/4892 5149/5149/4084
f 4559/4559/2886 4560/4560/2888 5560/5560/4578
f 5554/5554/4563 5742/5742/4994 4920/4920/3458
f 5026/5026/3623 5170/5170/4442 5120/5120/3743
f 5228/5228/4803 4681/4681/4043 5637/5637/4715
f 4731/4731/4977 4733/4733/5018 5636/5636/4844
f 5711/5711/4880 4937/4937/4034 5458/5458/4365
f 4846/4846/4941 5434/5434/4316 5729/5729/4942
f 4816/4816/3288 5423/5423/4293 4630/4630/2990
f 5540/5540/4528 5539/5539/4527 5153/5153/3796
f 5565/5565/4673 4429/4429/2663 4819/4819/3293
f 5445/5445/4344 4743/4743/3177 4880/4880/3376
f 5029/5029/3628 4952/4952/3500 4769/4769/3499
f 4750/4750/4865 4748/4748/4969 5595/5595/4866
f 5691/5691/5039 4702/4702/3106 5094/5094/4730
f 4995/4995/5027 5248/5248/4443 5730/5730/5075
f 4919/4919/3455 5083/5083/3690 5030/5030/4385
f 5298/5298/4114 5683/5683/4818 5299/5299/5097
f 5327/5327/4113 5506/5506/5099 5332/5332/4123
f 5641/5641/4723 4658/4658/3037 5706/5706/4871
f 5677/5677/4800 5316/5316/4093 4607/4607/2962
f 5366/5366/4191 4929/4929/4424 5623/5623/5083
f 5356/5356/5098 5493/5493/4887 5601/5601/5101
f 5697/5697/4933 4469/4469/2720 5655/5655/4754
f 5157/5157/4286 5156/5156/3845 5184/5184/3847
f 5098/5098/3725 4911/4911/3439 5099/5099/3726
f 5032/5032/3632 5577/5577/5021 5033/5033/3633
f 5431/5431/4311 4589/4589/2941 5243/5243/3954
f 5114/5114/5048 5224/5224/5050 5585/5585/5107
f 5621/5621/4688 5232/5232/3933 5359/5359/4813
f 5071/5071/3680 4647/4647/3021 5139/5139/3773
f 5499/5499/4445 5619/5619/5102 5602/5602/4652
f 5272/5272/4805 4816/4816/3288 4630/4630/2990
f 5461/5461/4611 5450/5450/4947 5182/5182/3844
f 5555/5555/4565 5470/5470/4387 5469/5469/4386
f 5004/5004/4051 4487/4487/4210 4489/4489/4657
f 5238/5238/3946 4731/4731/4977 4717/4717/3142
f 5624/5624/4692 5078/5078/4639 5077/5077/4027
f 5748/5748/5023 5414/5414/4270 5313/5313/4089
f 4978/4978/3543 4632/4632/5080 5151/5151/4083
f 4550/4550/5078 4549/4549/5089 4820/4820/4459
f 4550/4550/5078 4820/4820/4459 5103/5103/3729
f 5429/5429/4647 5214/5214/4544 4901/4901/3414
f 4832/4832/4069 4831/4831/4142 5558/5558/4574
f 5534/5534/4539 5374/5374/4201 5303/5303/4063
f 4937/4937/4034 4839/4839/5094 4938/4938/4846
f 4584/4584/2936 5655/5655/4754 5348/5348/4167
f 4929/4929/4424 4744/4744/3179 5623/5623/5083
f 4782/4782/3600 4781/4781/3358 4873/4873/3359
f 5212/5212/3911 5211/5211/3910 4552/4552/2870
f 5289/5289/5009 4573/4573/2916 5161/5161/4492
f 4602/4602/4375 4740/4740/3173 4603/4603/5090
f 4481/4481/2740 5415/5415/4270 4483/4483/2741
f 5628/5628/4697 5420/5420/4288 5741/5741/4992
f 5383/5383/4208 5296/5296/4048 5477/5477/4988
f 4963/4963/3525 4603/4603/5090 5433/5433/4315
f 5479/5479/4398 5682/5682/4817 4958/4958/3515
f 5348/5348/4167 5413/5413/4268 5751/5751/5047
f 5602/5602/4652 5220/5220/3919 5219/5219/3918
f 5358/5358/4537 4766/4766/3219 4698/4698/3102
f 4617/4617/4919 4619/4619/5077 5627/5627/4989
f 5191/5191/4831 5190/5190/4693 5460/5460/4366
f 5096/5096/3722 5200/5200/4516 4842/4842/3316
f 5272/5272/4805 4630/4630/2990 5273/5273/4185
f 5073/5073/5054 5042/5042/5044 4707/4707/3118
f 5648/5648/4740 5440/5440/4499 5070/5070/5052
f 5363/5363/4179 4629/4629/2988 5675/5675/4793
f 5694/5694/4848 4911/4911/3439 4912/4912/3441
f 4792/4792/3256 4757/4757/3202 5290/5290/4081
f 4575/4575/2923 4583/4583/2934 4576/4576/2924
f 5357/5357/4176 5076/5076/4971 5078/5078/4639
f 5299/5299/5097 5420/5420/4288 5628/5628/4697
f 5494/5494/4423 5655/5655/4754 4431/4431/2665
f 4613/4613/2973 5011/5011/3583 4908/4908/3433
f 5210/5210/3908 5396/5396/4542 5287/5287/4024
f 4963/4963/3525 4600/4600/4117 4603/4603/5090
f 4579/4579/4918 4581/4581/4762 4947/4947/3850
f 5495/5495/4427 5590/5590/4616 5743/5743/5010
f 5696/5696/4849 5071/5071/3680 5139/5139/3773
f 5433/5433/4315 4603/4603/5090 4740/4740/3173
f 4873/4873/3359 4646/4646/3020 5254/5254/3974
f 5534/5534/4539 5303/5303/4063 5193/5193/3869
f 5575/5575/4599 4506/4506/2779 5643/5643/4732
f 4785/4785/3238 4662/4662/4450 4786/4786/3239
f 4445/4445/5087 5719/5719/4895 4446/4446/5088
f 5262/5262/5095 5410/5410/4261 5155/5155/3798
f 5057/5057/3660 5716/5716/4885 5598/5598/4640
f 4694/4694/5091 4984/4984/4553 4592/4592/2945
f 4562/4562/2891 4530/4530/2829 5713/5713/4883
f 5398/5398/4237 5097/5097/3724 5385/5385/4242
f 5741/5741/4992 4897/4897/3400 5109/5109/3732
f 2703/2703/2651 2707/2707/2652 4697/4697/3098
f 5630/5630/5081 4935/4935/3471 5160/5160/5051
f 4984/4984/4553 4694/4694/5091 4986/4986/4513
f 4632/4632/5080 4978/4978/3543 5206/5206/4349
f 4784/4784/4633 4660/4660/3046 5570/5570/5033
f 4792/4792/3256 5290/5290/4081 4446/4446/5088
f 5603/5603/4943 5701/5701/4861 5747/5747/5017
f 5379/5379/4328 4686/4686/3075 5538/5538/4526
f 5586/5586/5100 5225/5225/3927 5221/5221/3926
f 5038/5038/3637 5039/5039/3638 5471/5471/4393
f 5366/5366/4191 5623/5623/5083 5367/5367/4192
f 5677/5677/4800 4607/4607/2962 4609/4609/4981
f 5164/5164/3815 5163/5163/3814 5204/5204/3889
f 4672/4672/3058 5371/5371/4200 5450/5450/4947
f 5281/5281/4010 5732/5732/4954 5335/5335/4140
f 5403/5403/4249 5292/5292/4030 4779/4779/4628
f 4796/4796/4929 4795/4795/5092 5430/5430/4310
f 4684/4684/5057 5491/5491/4418 4442/4442/2685
f 4780/4780/4758 5284/5284/4757 4781/4781/3358
f 4794/4794/3842 5659/5659/4968 4795/4795/5092
f 2663/2663/2653 3091/3091/2654 5658/5658/4812
f 5631/5631/4704 5212/5212/3911 4552/4552/2870
f 5525/5525/4508 4531/4531/2834 4745/4745/3184
f 5372/5372/4712 5531/5531/4519 5690/5690/4837
f 4622/4622/4012 4621/4621/5008 5028/5028/3625
f 5400/5400/4983 4495/4495/2753 5195/5195/3943
f 5139/5139/3773 4647/4647/3021 5401/5401/4244
f 5535/5535/4664 5534/5534/4539 5193/5193/3869
f 4497/4497/2754 4724/4724/4901 4722/4722/4259
f 4862/4862/4291 4538/4538/2848 5013/5013/5013
f 5074/5074/3786 4954/4954/3508 4953/4953/3507
f 4814/4814/3284 4589/4589/2941 5431/5431/4311
f 4930/4930/4687 5064/5064/3670 5522/5522/4504
f 5207/5207/3901 5552/5552/4560 4907/4907/3431
f 5671/5671/4784 5207/5207/3901 4907/4907/3431
f 5734/5734/4957 5138/5138/3771 4599/4599/2951
f 4477/4477/2731 5107/5107/4469 4567/4567/2901
f 5128/5128/3753 5008/5008/4510 5010/5010/3754
f 5092/5092/4852 5515/5515/4483 4491/4491/4485
f 4691/4691/3086 5476/5476/4617 4577/4577/2926
f 4893/4893/3391 4977/4977/3542 5116/5116/5031
f 5255/5255/3975 5262/5262/5095 5118/5118/3739
f 5311/5311/4269 4990/4990/3555 4653/4653/3027
f 4616/4616/2977 4510/4510/2788 5009/5009/4215
f 4711/4711/3124 5532/5532/4655 5605/5605/4654
f 4583/4583/2934 5337/5337/4146 4576/4576/2924
f 5683/5683/4818 5420/5420/4288 5299/5299/5097
f 4837/4837/4637 4839/4839/5094 4937/4937/4034
f 5322/5322/4105 5321/5321/4104 5608/5608/4662
f 4717/4717/3142 5636/5636/4844 5066/5066/4845
f 5595/5595/4866 5226/5226/3928 5222/5222/5050
f 4540/4540/2854 4501/4501/2763 5609/5609/4663
f 4893/4893/3391 5116/5116/5031 5007/5007/3577
f 4891/4891/3390 4746/4746/4235 4749/4749/4865
f 4522/4522/2816 4836/4836/3415 5178/5178/3837
f 5646/5646/4738 5164/5164/3815 5204/5204/3889
f 4795/4795/5092 5128/5128/3753 5430/5430/4310
f 5100/5100/3962 5101/5101/4795 5250/5250/3963
f 4575/4575/2923 4465/4465/2715 4583/4583/2934
f 5372/5372/4712 5690/5690/4837 5373/5373/4743
f 5718/5718/4890 5554/5554/4563 4674/4674/3065
f 4717/4717/3142 5066/5066/4845 5444/5444/4341
f 5336/5336/4144 5439/5439/4327 5203/5203/3888
f 4803/4803/4335 5091/5091/4851 4490/4490/4154
f 5701/5701/4861 5615/5615/4672 5747/5747/5017
f 4705/4705/3113 4718/4718/3147 4719/4719/3149
f 5719/5719/4895 4793/4793/3257 4446/4446/5088
f 5426/5426/4300 4797/4797/3258 5654/5654/5040
f 5452/5452/5073 5748/5748/5023 4926/4926/3463
f 4982/4982/3546 5003/5003/4912 5005/5005/4634
f 5376/5376/4203 4945/4945/3489 4944/4944/3488
f 5109/5109/3732 5628/5628/4697 5741/5741/4992
f 4950/4950/3496 5295/5295/4041 4951/4951/3497
f 5281/5281/4010 4593/4593/2947 5732/5732/4954
f 4551/4551/3658 5687/5687/4826 4845/4845/3318
f 4510/4510/2788 4511/4511/2790 5009/5009/4215
f 5405/5405/4253 5438/5438/4322 5145/5145/3783
f 5516/5516/4493 5189/5189/3860 4727/4727/3159
f 4882/4882/5108 5564/5564/4579 4886/4886/3380
f 5714/5714/4924 5021/5021/3608 5264/5264/4759
f 4670/4670/3055 4669/4669/3054 4675/4675/3066
f 4675/4675/3066 5054/5054/4986 4670/4670/3055
f 4431/4431/2665 5655/5655/4754 4584/4584/2936
f 5278/5278/4725 5750/5750/5041 5217/5217/4055
f 5688/5688/5104 5601/5601/5101 5267/5267/3993
f 4614/4614/2975 5020/5020/3607 4615/4615/2976
f 5080/5080/3684 5730/5730/5075 5346/5346/4164
f 5180/5180/3843 5461/5461/4611 5182/5182/3844
f 5546/5546/4536 5284/5284/4757 5231/5231/5096
f 5144/5144/3780 4532/4532/2835 5511/5511/4477
f 4588/4588/2940 5057/5057/3660 5598/5598/4640
f 5292/5292/4030 5403/5403/4249 5291/5291/4028
f 4995/4995/5027 5730/5730/5075 5022/5022/3611
f 5667/5667/4778 5739/5739/4980 5253/5253/3966
f 5109/5109/3732 4897/4897/3400 5110/5110/3733
f 5099/5099/3726 4911/4911/3439 5694/5694/4848
f 5511/5511/4477 4514/4514/4476 4516/4516/3781
f 5132/5132/3760 4650/4650/3762 4652/4652/5002
f 5696/5696/4849 5072/5072/3681 5071/5071/3680
f 4631/4631/2991 4630/4630/2990 5629/5629/4862
f 5575/5575/4599 5643/5643/4732 4971/4971/3537
f 5619/5619/5102 5627/5627/4989 4619/4619/5077
f 5614/5614/4984 5257/5257/3982 4679/4679/3071
f 5348/5348/4167 5751/5751/5047 5349/5349/4168
f 5094/5094/4730 5093/5093/4811 5508/5508/4467
f 5495/5495/4427 4533/4533/2837 5611/5611/4666
f 5379/5379/4328 5378/5378/4820 5014/5014/3591
f 5603/5603/4943 5747/5747/5017 5604/5604/4776
f 5230/5230/3932 5232/5232/3933 5621/5621/4688
f 4978/4978/3543 5151/5151/4083 4433/4433/2669
f 5485/5485/4408 4582/4582/2928 5219/5219/3918
f 4763/4763/3215 4915/4915/3445 4662/4662/4450
f 4430/4430/2664 5494/5494/4423 4431/4431/2665
f 5030/5030/4385 4972/4972/3538 4682/4682/4809
f 5328/5328/4115 5678/5678/4801 5266/5266/3992
f 5210/5210/3908 4848/4848/3907 5396/5396/4542
f 4842/4842/3316 5529/5529/4517 5197/5197/3873
f 4680/4680/3073 5076/5076/4971 5357/5357/4176
f 5590/5590/4616 5495/5495/4427 5611/5611/4666
f 4457/4457/2695 5376/5376/4203 4944/4944/3488
f 5405/5405/4253 5506/5506/5099 5438/5438/4322
f 4444/4444/3424 5053/5053/3881 4445/4445/5087
f 5580/5580/4603 5252/5252/3965 4487/4487/4210
f 5580/5580/4603 5004/5004/4051 5003/5003/4912
f 4642/4642/3015 3369/3369/3014 5754/5754/5105
f 5247/5247/4549 3044/3044/1945 3066/3066/2656
f 3434/3434/3121 2985/2985/463 3077/3077/2657
f 4838/4838/5093 2757/2757/2638 2873/2873/2658
f 4158/4158/4384 1713/1713/1769 2695/2695/2659
f 4338/4338/4789 3071/3071/2204 2671/2671/5109
f 4611/4611/4110 63/63/2749 2907/2907/2637
f 2930/2930/841 2636/2636/5110 20/20/29
f 2930/2930/841 20/20/29 1336/1336/784
f 2935/2935/1154 2938/2938/1200 1462/1462/1199
f 2935/2935/1154 1462/1462/1199 1461/1461/1155
f 2638/2638/5111 2940/2940/5112 1498/1498/2575
f 2638/2638/5111 1498/1498/2575 209/209/2574
f 2883/2883/2519 2829/2829/2561 1530/1530/1740
f 2883/2883/2519 1530/1530/1740 246/246/1841
f 2920/2920/2579 2776/2776/5113 359/359/1080
f 2920/2920/2579 359/359/1080 358/358/1306
f 2704/2704/2651 2956/2956/2566 274/274/439
f 2704/2704/2651 274/274/439 1562/1562/441
f 3036/3036/936 3034/3034/5114 1531/1531/390
f 3036/3036/936 1531/1531/390 1712/1712/937
f 3132/3132/2247 3022/3022/2595 245/245/388
f 3132/3132/2247 245/245/388 434/434/2248
f 2916/2916/511 2950/2950/5115 1657/1657/595
f 2916/2916/511 1657/1657/595 324/324/512
f 2836/2836/2094 2926/2926/2590 337/337/534
f 2836/2836/2094 337/337/534 1802/1802/2095
f 2971/2971/2545 2973/2973/5116 516/516/2436
f 2971/2971/2545 516/516/2436 515/515/970
f 2816/2816/5117 2876/2876/5118 1855/1855/1505
f 2816/2816/5117 1855/1855/1505 60/60/86
f 3138/3138/5119 2694/2694/2596 663/663/1088
f 3138/3138/5119 663/663/1088 1992/1992/1644
f 2866/2866/2549 2844/2844/5120 1668/1668/612
f 2866/2866/2549 1668/1668/612 2112/2112/2428
f 2954/2954/533 3006/3006/2510 256/256/410
f 2954/2954/533 256/256/410 337/337/534
f 3016/3016/2163 3018/3018/5121 1318/1318/895
f 3016/3016/2163 1318/1318/895 1678/1678/623
f 2653/2653/2514 2993/2993/1166 2033/2033/1165
f 2653/2653/2514 2033/2033/1165 919/919/2170
f 2728/2728/1872 3014/3014/2620 1911/1911/993
f 2728/2728/1872 1911/1911/993 968/968/1767
f 3008/3008/2389 3126/3126/1445 2106/2106/1300
f 3008/3008/2389 2106/2106/1300 1386/1386/154
f 2859/2859/5122 2809/2809/5123 1798/1798/815
f 2859/2859/5122 1798/1798/815 2331/2331/2459
f 3034/3034/5114 3124/3124/5124 1034/1034/1863
f 3034/3034/5114 1034/1034/1863 1531/1531/390
f 2814/2814/2333 2812/2812/5125 501/501/800
f 2814/2814/2333 501/501/800 521/521/830
f 2738/2738/2645 3040/3040/5126 1087/1087/2135
f 2738/2738/2645 1087/1087/2135 1769/1769/754
f 2904/2904/5127 2838/2838/2310 1099/1099/1997
f 2904/2904/5127 1099/1099/1997 1016/1016/2253
f 3048/3048/2016 2946/2946/5128 1551/1551/1805
f 3048/3048/2016 1551/1551/1805 1585/1585/495
f 3060/3060/2483 3032/3032/1873 968/968/1767
f 3060/3060/2483 968/968/1767 1180/1180/2167
f 2636/2636/5110 3062/3062/2164 1678/1678/623
f 2636/2636/5110 1678/1678/623 20/20/29
f 2882/2882/2591 2894/2894/2236 2256/2256/2238
f 2882/2882/2591 2256/2256/2238 231/231/366
f 2670/2670/2543 2648/2648/1307 358/358/1306
f 2670/2670/2543 358/358/1306 115/115/182
f 2776/2776/5113 2752/2752/2042 102/102/155
f 2776/2776/5113 102/102/155 359/359/1080
f 3084/3084/2511 3086/3086/5129 424/424/675
f 3084/3084/2511 424/424/675 256/256/410
f 2764/2764/2516 3088/3088/2562 17/17/26
f 2764/2764/2516 17/17/26 1550/1550/2517
f 3152/3152/2625 3154/3154/5130 740/740/1237
f 3152/3152/2625 740/740/1237 2273/2273/1845
f 3154/3154/5130 3156/3156/2602 521/521/830
f 3154/3154/5130 521/521/830 740/740/1237
f 2716/2716/2570 2714/2714/2454 1368/1368/115
f 2716/2716/2570 1368/1368/115 2602/2602/2323
f 2820/2820/5131 2892/2892/2623 2204/2204/2262
f 2820/2820/5131 2204/2204/2262 439/439/696
f 2722/2722/2553 2700/2700/5132 2575/2575/2267
f 2722/2722/2553 2575/2575/2267 663/663/1088
f 2770/2770/2601 2710/2710/5133 669/669/1098
f 2770/2770/2601 669/669/1098 704/704/1452
f 3093/3093/2487 3003/3003/1378 224/224/355
f 3093/3093/2487 224/224/355 225/225/357
f 2710/2710/5133 3092/3092/2654 2539/2539/2228
f 2710/2710/5133 2539/2539/2228 669/669/1098
f 3082/3082/2237 3096/3096/2536 2255/2255/2074
f 3082/3082/2237 2255/2255/2074 2256/2256/2238
f 3086/3086/5129 2774/2774/2550 2112/2112/2428
f 3086/3086/5129 2112/2112/2428 424/424/675
f 2772/2772/1953 2780/2780/2641 2619/2619/2533
f 2772/2772/1953 2619/2619/2533 824/824/1371
f 3108/3108/5134 2668/2668/5135 1200/1200/2555
f 3108/3108/5134 1200/1200/2555 2402/2402/2568
f 2806/2806/5136 2820/2820/5131 439/439/696
f 2806/2806/5136 439/439/696 1226/1226/2252
f 2992/2992/1139 2784/2784/5137 1309/1309/27
f 2992/2992/1139 1309/1309/27 17/17/26
f 2977/2977/5138 2792/2792/5139 1509/1509/2648
f 2977/2977/5138 1509/1509/2648 517/517/2436
f 3112/3112/2532 2674/2674/5140 707/707/1174
f 3112/3112/2532 707/707/1174 2338/2338/2467
f 2822/2822/1996 2806/2806/5136 1226/1226/2252
f 2822/2822/1996 1226/1226/2252 1099/1099/1997
f 2741/2741/4545 3113/3113/5141 1033/1033/1788
f 2741/2741/4545 1033/1033/1788 2286/2286/1637
f 2948/2948/2619 2644/2644/5142 633/633/1028
f 2948/2948/2619 633/633/1028 1911/1911/993
f 3127/3127/1817 2859/2859/5122 2331/2331/2459
f 3127/3127/1817 2331/2331/2459 1048/1048/1818
f 3018/3018/5121 2676/2676/2542 115/115/182
f 3018/3018/5121 115/115/182 1318/1318/895
f 2912/2912/1176 2896/2896/2525 567/567/906
f 2912/2912/1176 567/567/906 710/710/1177
f 2851/2851/1568 2831/2831/1156 1460/1460/1155
f 2851/2851/1568 1460/1460/1155 927/927/1569
f 3109/3109/2426 2681/2681/2520 246/246/1841
f 3109/3109/2426 246/246/1841 2458/2458/2001
f 2684/2684/2578 2686/2686/2585 971/971/1662
f 2684/2684/2578 971/971/1662 90/90/136
f 2732/2732/2502 2998/2998/5143 1729/1729/678
f 2732/2732/2502 1729/1729/678 1205/1205/2203
f 3102/3102/2398 2692/2692/2577 90/90/136
f 3102/3102/2398 90/90/136 1622/1622/546
f 3064/3064/2586 2964/2964/2592 231/231/366
f 3064/3064/2586 231/231/366 971/971/1662
f 2720/2720/891 2740/2740/5144 2374/2374/1813
f 2720/2720/891 2374/2374/1813 558/558/892
f 2998/2998/5143 2678/2678/2576 710/710/1177
f 2998/2998/5143 710/710/1177 1729/1729/678
f 2854/2854/2508 2856/2856/1364 819/819/1363
f 2854/2854/2508 819/819/1363 2299/2299/1663
f 2880/2880/2581 2906/2906/2484 1180/1180/2167
f 2880/2880/2581 1180/1180/2167 809/809/1341
f 2768/2768/1880 2918/2918/2628 1769/1769/754
f 2768/2768/1880 1769/1769/754 474/474/756
f 2784/2784/5137 3046/3046/1954 824/824/1371
f 2784/2784/5137 824/824/1371 1309/1309/27
f 2844/2844/5120 2650/2650/2572 2299/2299/1663
f 2844/2844/5120 2299/2299/1663 1668/1668/612
f 2794/2794/2471 3148/3148/5145 1170/1170/2079
f 2794/2794/2471 1170/1170/2079 1730/1730/681
f 2876/2876/5118 3098/3098/5146 427/427/680
f 2876/2876/5118 427/427/680 1855/1855/1505
f 3020/3020/1528 2696/2696/2659 1024/1024/1770
f 3020/3020/1528 1024/1024/1770 1359/1359/92
f 3140/3140/2558 3026/3026/1724 324/324/512
f 3140/3140/2558 324/324/512 216/216/341
f 2962/2962/2521 2816/2816/5117 60/60/86
f 2962/2962/2521 60/60/86 1086/1086/2469
f 3130/3130/2524 2798/2798/2530 1501/1501/343
f 3130/3130/2524 1501/1501/343 567/567/906
f 2700/2700/5132 2702/2702/2083 1476/1476/1490
f 2700/2700/5132 1476/1476/1490 2575/2575/2267
f 3040/3040/5126 2804/2804/2571 2602/2602/2323
f 3040/3040/5126 2602/2602/2323 1087/1087/2135
f 2809/2809/5123 2808/2808/2266 1797/1797/813
f 2809/2809/5123 1797/1797/813 1798/1798/815
f 2878/2878/2082 2846/2846/2616 1477/1477/1489
f 2878/2878/2082 1477/1477/1489 1476/1476/1490
f 2706/2706/2527 2708/2708/2652 1562/1562/441
f 2706/2706/2527 1562/1562/441 1652/1652/2034
f 3056/3056/2535 3138/3138/5119 1992/1992/1644
f 3056/3056/2535 1992/1992/1644 2255/2255/2074
f 2746/2746/2455 2788/2788/2612 1369/1369/116
f 2746/2746/2455 1369/1369/116 1368/1368/115
f 2712/2712/2597 2718/2718/5147 1810/1810/2270
f 2712/2712/2597 1810/1810/2270 2106/2106/1300
f 2760/2760/2639 2750/2750/2038 1707/1707/2040
f 2760/2760/2639 1707/1707/2040 1708/1708/2610
f 2984/2984/5148 3070/3070/938 1712/1712/937
f 2984/2984/5148 1712/1712/937 2608/2608/2557
f 2754/2754/2634 2762/2762/5149 1470/1470/299
f 2754/2754/2634 1470/1470/299 1629/1629/561
f 2960/2960/2642 2984/2984/5148 2608/2608/2557
f 2960/2960/2642 2608/2608/2557 2619/2619/2533
f 2766/2766/2265 2736/2736/5150 1351/1351/85
f 2766/2766/2265 1351/1351/85 1797/1797/813
f 2898/2898/2611 2868/2868/2646 1622/1622/546
f 2898/2898/2611 1622/1622/546 1369/1369/116
f 2800/2800/5151 2782/2782/2643 1731/1731/683
f 2800/2800/5151 1731/1731/683 1737/1737/694
f 2801/2801/2563 2785/2785/2427 2458/2458/2001
f 2801/2801/2563 2458/2458/2001 2498/2498/2539
f 2976/2976/5116 2791/2791/5139 2634/2634/2647
f 2976/2976/5116 2634/2634/2647 518/518/2436
f 809/809/1341 1170/1170/2079 3148/3148/5145
f 809/809/1341 3148/3148/5145 3150/3150/2582
f 227/227/357 1509/1509/2648 2792/2792/5139
f 227/227/357 2792/2792/5139 3143/3143/2593
f 2338/2338/2467 1462/1462/1199 3118/3118/1198
f 2338/2338/2467 3118/3118/1198 3116/3116/2468
f 380/380/598 1033/1033/1788 3113/3113/5141
f 380/380/598 3113/3113/5141 3119/3119/2492
f 474/474/756 1034/1034/1863 3124/3124/5124
f 474/474/756 3124/3124/5124 3054/3054/1879
f 2402/2402/2568 1707/1707/2040 3050/3050/2039
f 2402/2402/2568 3050/3050/2039 3108/3108/5134
f 558/558/892 626/626/1011 3042/3042/2477
f 558/558/892 3042/3042/2477 3104/3104/2589
f 1386/1386/154 102/102/155 3024/3024/2043
f 1386/1386/154 3024/3024/2043 3100/3100/2390
f 2498/2498/2539 2033/2033/1165 2995/2995/1164
f 2498/2498/2539 2995/2995/1164 3057/3057/2564
f 1550/1550/2517 1551/1551/1805 2946/2946/5128
f 1550/1550/2517 2946/2946/5128 2944/2944/2518
f 1336/1336/784 1498/1498/2575 2940/2940/5112
f 1336/1336/784 2940/2940/5112 2970/2970/1051
f 515/515/970 380/380/598 2909/2909/2377
f 515/515/970 2909/2909/2377 2899/2899/2544
f 216/216/341 1501/1501/343 2890/2890/2529
f 216/216/341 2890/2890/2529 2922/2922/2559
f 1708/1708/2610 1709/1709/2609 2872/2872/2613
f 1708/1708/2610 2872/2872/2613 2874/2874/2658
f 1730/1730/681 1731/1731/683 2864/2864/2644
f 1730/1730/681 2864/2864/2644 3134/3134/1739
f 704/704/1452 1657/1657/595 2950/2950/5115
f 704/704/1452 2950/2950/5115 2858/2858/1453
f 920/920/2325 2292/2292/1646 2849/2849/5152
f 920/920/2325 2849/2849/5152 2941/2941/2515
f 2292/2292/1646 962/962/1645 2885/2885/2541
f 2292/2292/1646 2885/2885/2541 2849/2849/5152
f 962/962/1645 803/803/1332 2847/2847/2461
f 962/962/1645 2847/2847/2461 2861/2861/2124
f 1652/1652/2034 245/245/388 2914/2914/2594
f 1652/1652/2034 2914/2914/2594 2842/2842/2528
f 1016/1016/2253 274/274/439 2840/2840/2565
f 1016/1016/2253 2840/2840/2565 2904/2904/5127
f 729/729/1213 2834/2834/5153 2952/2952/496
f 729/729/1213 2952/2952/496 1585/1585/495
f 2287/2287/1637 2288/2288/1638 2824/2824/2649
f 2287/2287/1637 2824/2824/2649 2826/2826/1924
f 2125/2125/1944 501/501/800 2812/2812/5125
f 2125/2125/1944 2812/2812/5125 3065/3065/2656
f 226/226/357 2634/2634/2647 2791/2791/5139
f 226/226/357 2791/2791/5139 3145/3145/2593
f 290/290/465 1470/1470/299 2762/2762/5149
f 290/290/465 2762/2762/5149 3079/3079/2657
f 537/537/856 1530/1530/1740 2755/2755/2560
f 537/537/856 2755/2755/2560 3075/3075/2286
f 2288/2288/1638 2374/2374/1813 2740/2740/5144
f 2288/2288/1638 2740/2740/5144 2796/2796/2650
f 1086/1086/2469 1351/1351/85 2736/2736/5150
f 1086/1086/2469 2736/2736/5150 3038/3038/2556
f 2273/2273/1845 819/819/1363 3002/3002/1362
f 2273/2273/1845 3002/3002/1362 2734/2734/2626
f 1737/1737/694 2204/2204/2262 2730/2730/2622
f 1737/1737/694 2730/2730/2622 2800/2800/5151
f 2125/2125/1944 2725/2725/1943 2999/2999/2460
f 2125/2125/1944 2999/2999/2460 803/803/1332
f 1709/1709/2609 1810/1810/2270 2718/2718/5147
f 1709/1709/2609 2718/2718/5147 2748/2748/2614
f 1205/1205/2203 427/427/680 3098/3098/5146
f 1205/1205/2203 3098/3098/5146 2672/2672/2660
f 434/434/2248 1200/1200/2555 2668/2668/5135
f 434/434/2248 2668/2668/5135 2666/2666/2534
f 729/729/1213 2539/2539/2228 2664/2664/2653
f 729/729/1213 2664/2664/2653 2834/2834/5153
f 1049/1049/1818 707/707/1174 2674/2674/5140
f 1049/1049/1818 2674/2674/5140 2660/2660/1816
f 537/537/856 2652/2652/2486 2828/2828/2478
f 537/537/856 2828/2828/2478 626/626/1011
f 927/927/1569 224/224/355 2957/2957/1377
f 927/927/1569 2957/2957/1377 2645/2645/1570
f 1802/1802/2095 633/633/1028 2644/2644/5142
f 1802/1802/2095 2644/2644/5142 2698/2698/2096
f 291/291/465 2640/2640/464 2638/2638/5111
f 291/291/465 2638/2638/5111 209/209/2574
f 2929/2929/841 4470/4470/3434 3176/3176/2690
f 2929/2929/841 3176/3176/2690 2635/2635/5110
f 2934/2934/1154 4594/4594/3791 4596/4596/3829
f 2934/2934/1154 4596/4596/3829 2937/2937/1200
f 2637/2637/5111 3353/3353/5079 4632/4632/5080
f 2637/2637/5111 4632/4632/5080 2939/2939/5112
f 2884/2884/2519 3389/3389/4451 4664/4664/4355
f 2884/2884/2519 4664/4664/4355 2830/2830/2561
f 2919/2919/2579 3503/3503/3934 3504/3504/3719
f 2919/2919/2579 3504/3504/3719 2775/2775/5113
f 2703/2703/2651 4697/4697/3098 3418/3418/3097
f 2703/2703/2651 3418/3418/3097 2955/2955/5074
f 3035/3035/936 4843/4843/3580 4665/4665/3048
f 3035/3035/936 4665/4665/3048 3033/3033/5114
f 3131/3131/2247 3576/3576/4828 3388/3388/3047
f 3131/3131/2247 3388/3388/3047 3021/3021/2595
f 2915/2915/511 3469/3469/3164 4789/4789/3245
f 2915/2915/511 4789/4789/3245 2949/2949/5115
f 2835/2835/2094 4930/4930/4687 3482/3482/3185
f 2835/2835/2094 3482/3482/3185 2925/2925/2590
f 2972/2972/2545 3658/3658/3612 3661/3661/4999
f 2972/2972/2545 3661/3661/4999 2978/2978/5116
f 2815/2815/5117 3211/3211/2744 4983/4983/4126
f 2815/2815/5117 4983/4983/4126 2875/2875/5118
f 3137/3137/5119 5117/5117/4264 3803/3803/3727
f 3137/3137/5119 3803/3803/3727 2693/2693/2596
f 2865/2865/2549 5235/5235/4990 4800/4800/3263
f 2865/2865/2549 4800/4800/3263 2843/2843/5120
f 2953/2953/533 3482/3482/3185 3399/3399/3068
f 2953/2953/533 3399/3399/3068 3005/3005/2510
f 3015/3015/2163 4810/4810/3274 4452/4452/3540
f 3015/3015/2163 4452/4452/3540 3017/3017/5121
f 2656/2656/2514 4056/4056/4756 5158/5158/3799
f 2656/2656/2514 5158/5158/3799 2994/2994/1166
f 2727/2727/1872 4104/4104/4382 5036/5036/3635
f 2727/2727/1872 5036/5036/3635 3013/3013/2620
f 3007/3007/2389 4520/4520/2812 5229/5229/3929
f 3007/3007/2389 5229/5229/3929 3125/3125/1445
f 2860/2860/5122 5452/5452/5073 4926/4926/3463
f 2860/2860/5122 4926/4926/3463 2810/2810/5123
f 3033/3033/5114 4665/4665/3048 4168/4168/4474
f 3033/3033/5114 4168/4168/4474 3123/3123/5124
f 2813/2813/4905 3664/3664/3478 3643/3643/3449
f 2813/2813/4905 3643/3643/3449 2811/2811/5154
f 2737/2737/2645 4898/4898/3405 4221/4221/4724
f 2737/2737/2645 4221/4221/4724 3039/3039/5126
f 2903/2903/5127 4150/4150/4832 4233/4233/4597
f 2903/2903/5127 4233/4233/4597 2837/2837/2310
f 3047/3047/2016 4720/4720/3150 4685/4685/4419
f 3047/3047/2016 4685/4685/4419 2945/2945/5128
f 3059/3059/2483 4313/4313/4753 4104/4104/4382
f 3059/3059/2483 4104/4104/4382 3031/3031/1873
f 2635/2635/5110 3176/3176/2690 4810/4810/3274
f 2635/2635/5110 4810/4810/3274 3061/3061/2164
f 2881/2881/2591 3374/3374/3025 5378/5378/4820
f 2881/2881/2591 5378/5378/4820 2893/2893/2236
f 2669/2669/2543 3265/3265/2839 3503/3503/3934
f 2669/2669/2543 3503/3503/3934 2647/2647/1307
f 2775/2775/5113 3504/3504/3719 3252/3252/2813
f 2775/2775/5113 3252/3252/2813 2751/2751/2042
f 3083/3083/2511 3399/3399/3068 3567/3567/3327
f 3083/3083/2511 3567/3567/3327 3085/3085/5129
f 2763/2763/2516 4684/4684/5057 3173/3173/2687
f 2763/2763/2516 3173/3173/2687 3087/3087/2562
f 3151/3151/2625 5394/5394/4456 3880/3880/3866
f 3151/3151/2625 3880/3880/3866 3153/3153/5130
f 3153/3153/5130 3880/3880/3866 3664/3664/3478
f 3153/3153/5130 3664/3664/3478 3155/3155/2602
f 2715/2715/2570 5720/5720/4896 4502/4502/2773
f 2715/2715/2570 4502/4502/2773 2713/2713/2454
f 2819/2819/5131 3581/3581/3346 5326/5326/4841
f 2819/2819/5131 5326/5326/4841 2891/2891/2623
f 2721/2721/2553 3803/3803/3727 5693/5693/4843
f 2721/2721/2553 5693/5693/4843 2699/2699/5132
f 2769/2769/2601 3843/3843/4074 3809/3809/3737
f 2769/2769/2601 3809/3809/3737 2709/2709/5133
f 3094/3094/5038 3370/3370/3014 3367/3367/3013
f 3094/3094/5038 3367/3367/3013 3004/3004/4002
f 2709/2709/5133 3809/3809/3737 5658/5658/4812
f 2709/2709/5133 5658/5658/4812 3091/3091/2654
f 3081/3081/2237 5378/5378/4820 5377/5377/4669
f 3081/3081/2237 5377/5377/4669 3095/3095/2536
f 3085/3085/5129 3567/3567/3327 5235/5235/4990
f 3085/3085/5129 5235/5235/4990 2773/2773/2550
f 2771/2771/1953 3961/3961/3997 5738/5738/5061
f 2771/2771/1953 5738/5738/5061 2779/2779/2641
f 3107/3107/5134 5523/5523/5076 4333/4333/5071
f 3107/3107/5134 4333/4333/5071 2667/2667/5135
f 2805/2805/5136 4359/4359/4833 3581/3581/3346
f 2805/2805/5136 3581/3581/3346 2819/2819/5131
f 2991/2991/1139 3173/3173/2687 4443/4443/2686
f 2991/2991/1139 4443/4443/2686 2783/2783/5137
f 2975/2975/5138 3659/3659/4999 4641/4641/3015
f 2975/2975/5138 4641/4641/3015 2789/2789/5139
f 3111/3111/2532 5459/5459/5025 3847/3847/3806
f 3111/3111/2532 3847/3847/3806 2673/2673/5140
f 2821/2821/1996 4233/4233/4597 4359/4359/4833
f 2821/2821/1996 4359/4359/4833 2805/2805/5136
f 2744/2744/4545 5407/5407/4256 4167/4167/4402
f 2744/2744/4545 4167/4167/4402 3114/3114/5155
f 2947/2947/2619 5036/5036/3635 3773/3773/3669
f 2947/2947/2619 3773/3773/3669 2643/2643/5142
f 3128/3128/4431 4183/4183/4430 5452/5452/5073
f 3128/3128/4431 5452/5452/5073 2860/2860/5122
f 3017/3017/5121 4452/4452/3540 3265/3265/2839
f 3017/3017/5121 3265/3265/2839 2675/2675/2542
f 2911/2911/1176 3850/3850/3809 3707/3707/3549
f 2911/2911/1176 3707/3707/3549 2895/2895/2525
f 2852/2852/1568 4063/4063/4188 4595/4595/3791
f 2852/2852/1568 4595/4595/3791 2832/2832/1156
f 3110/3110/2426 5578/5578/4601 3389/3389/4451
f 3110/3110/2426 3389/3389/4451 2682/2682/2520
f 2683/2683/2578 3239/3239/2794 4107/4107/4281
f 2683/2683/2578 4107/4107/4281 2685/2685/2585
f 2731/2731/2502 4338/4338/4789 4857/4857/3329
f 2731/2731/2502 4857/4857/3329 2997/2997/5143
f 3101/3101/2398 4754/4754/3196 3239/3239/2794
f 3101/3101/2398 3239/3239/2794 2691/2691/2577
f 3063/3063/2586 4107/4107/4281 3374/3374/3025
f 3063/3063/2586 3374/3374/3025 2963/2963/2592
f 2719/2719/891 3699/3699/3536 5495/5495/4427
f 2719/2719/891 5495/5495/4427 2739/2739/5144
f 2997/2997/5143 4857/4857/3329 3850/3850/3809
f 2997/2997/5143 3850/3850/3809 2677/2677/2576
f 2853/2853/2508 5419/5419/4282 3956/3956/3989
f 2853/2853/2508 3956/3956/3989 2855/2855/1364
f 2879/2879/2581 3946/3946/3968 4313/4313/4753
f 2879/2879/2581 4313/4313/4753 2905/2905/2484
f 2767/2767/1880 3616/3616/3406 4898/4898/3405
f 2767/2767/1880 4898/4898/3405 2917/2917/2628
f 2783/2783/5137 4443/4443/2686 3961/3961/3997
f 2783/2783/5137 3961/3961/3997 3045/3045/1954
f 2843/2843/5120 4800/4800/3263 5419/5419/4282
f 2843/2843/5120 5419/5419/4282 2649/2649/2572
f 2793/2793/2471 4858/4858/3332 4303/4303/4674
f 2793/2793/2471 4303/4303/4674 3147/3147/5145
f 2875/2875/5118 4983/4983/4126 3569/3569/3330
f 2875/2875/5118 3569/3569/3330 3097/3097/5146
f 3019/3019/1528 4493/4493/2750 4158/4158/4384
f 3019/3019/1528 4158/4158/4384 2695/2695/2659
f 3139/3139/2558 3359/3359/2999 3469/3469/3164
f 3139/3139/2558 3469/3469/3164 3025/3025/1724
f 2961/2961/2521 4220/4220/5026 3211/3211/2744
f 2961/2961/2521 3211/3211/2744 2815/2815/5117
f 3129/3129/2524 3707/3707/3549 4635/4635/3000
f 3129/3129/2524 4635/4635/3000 2797/2797/2530
f 2699/2699/5132 5693/5693/4843 4610/4610/4111
f 2699/2699/5132 4610/4610/4111 2701/2701/2083
f 3039/3039/5126 4221/4221/4724 5720/5720/4896
f 3039/3039/5126 5720/5720/4896 2803/2803/2571
f 2810/2810/5123 4926/4926/3463 4925/4925/3462
f 2810/2810/5123 4925/4925/3462 2807/2807/2266
f 2877/2877/2082 4610/4610/4111 4611/4611/4110
f 2877/2877/2082 4611/4611/4110 2845/2845/2616
f 2705/2705/2527 4784/4784/4633 4697/4697/3098
f 2705/2705/2527 4697/4697/3098 2707/2707/2652
f 3055/3055/2535 5377/5377/4669 5117/5117/4264
f 3055/3055/2535 5117/5117/4264 3137/3137/5119
f 2745/2745/2455 4502/4502/2773 4503/4503/2775
f 2745/2745/2455 4503/4503/2775 2787/2787/2612
f 2711/2711/2597 5229/5229/3929 4938/4938/4846
f 2711/2711/2597 4938/4938/4846 2717/2717/5147
f 2759/2759/2639 4838/4838/5093 4837/4837/4637
f 2759/2759/2639 4837/4837/4637 2749/2749/2038
f 2983/2983/5148 5727/5727/5072 4843/4843/3580
f 2983/2983/5148 4843/4843/3580 3069/3069/938
f 2753/2753/2634 4761/4761/3212 4604/4604/2957
f 2753/2753/2634 4604/4604/2957 2761/2761/5149
f 2959/2959/2642 5738/5738/5061 5727/5727/5072
f 2959/2959/2642 5727/5727/5072 2983/2983/5148
f 2765/2765/2265 4925/4925/3462 4485/4485/2745
f 2765/2765/2265 4485/4485/2745 2735/2735/5150
f 2897/2897/2611 4503/4503/2775 4754/4754/3196
f 2897/2897/2611 4754/4754/3196 2867/2867/2646
f 2799/2799/5151 4865/4865/3345 4859/4859/3333
f 2799/2799/5151 4859/4859/3333 2781/2781/2643
f 2802/2802/2563 5618/5618/5063 5578/5578/4601
f 2802/2802/2563 5578/5578/4601 2786/2786/2427
f 2974/2974/5116 3660/3660/4999 5754/5754/5105
f 2974/2974/5116 5754/5754/5105 2790/2790/5139
f 3946/3946/3968 3149/3149/2582 3147/3147/5145
f 3946/3946/3968 3147/3147/5145 4303/4303/4674
f 3368/3368/3014 3142/3142/2593 2789/2789/5139
f 3368/3368/3014 2789/2789/5139 4641/4641/3015
f 5459/5459/5025 3115/3115/2468 3117/3117/1198
f 5459/5459/5025 3117/3117/1198 4596/4596/3829
f 3524/3524/3249 3120/3120/2492 3114/3114/5155
f 3524/3524/3249 3114/3114/5155 4167/4167/4402
f 3616/3616/3406 3053/3053/4488 3123/3123/5124
f 3616/3616/3406 3123/3123/5124 4168/4168/4474
f 5523/5523/5076 3107/3107/5134 3049/3049/2039
f 5523/5523/5076 3049/3049/2039 4837/4837/4637
f 3699/3699/3536 3103/3103/2589 3041/3041/2477
f 3699/3699/3536 3041/3041/2477 3765/3765/3652
f 4520/4520/2812 3099/3099/2390 3023/3023/2043
f 4520/4520/2812 3023/3023/2043 3252/3252/2813
f 5618/5618/5063 3058/3058/2564 2996/2996/1164
f 5618/5618/5063 2996/2996/1164 5158/5158/3799
f 4684/4684/5057 2943/2943/2518 2945/2945/5128
f 4684/4684/5057 2945/2945/5128 4685/4685/4419
f 4470/4470/3434 2969/2969/1051 2939/2939/5112
f 4470/4470/3434 2939/2939/5112 4632/4632/5080
f 3658/3658/3612 2900/2900/2544 2910/2910/2377
f 3658/3658/3612 2910/2910/2377 3524/3524/3249
f 3359/3359/2999 2921/2921/2559 2889/2889/2529
f 3359/3359/2999 2889/2889/2529 4635/4635/3000
f 4838/4838/5093 2873/2873/2658 2871/2871/2613
f 4838/4838/5093 2871/2871/2613 4839/4839/5094
f 4858/4858/3332 3133/3133/1739 2863/2863/2644
f 4858/4858/3332 2863/2863/2644 4859/4859/3333
f 3843/3843/4074 2857/2857/1453 2949/2949/5115
f 3843/3843/4074 2949/2949/5115 4789/4789/3245
f 4055/4055/4756 2942/2942/2515 2850/2850/5152
f 4055/4055/4756 2850/2850/5152 5412/5412/4267
f 5412/5412/4267 2850/2850/5152 2886/2886/2541
f 5412/5412/4267 2886/2886/2541 4098/4098/4265
f 4098/4098/4265 2862/2862/2124 2848/2848/2461
f 4098/4098/4265 2848/2848/2461 3940/3940/3959
f 4784/4784/4633 2841/2841/2528 2913/2913/2594
f 4784/4784/4633 2913/2913/2594 3388/3388/3047
f 4150/4150/4832 2903/2903/5127 2839/2839/2565
f 4150/4150/4832 2839/2839/2565 3418/3418/3097
f 3869/3869/3841 4720/4720/3150 2951/2951/496
f 3869/3869/3841 2951/2951/496 2833/2833/5153
f 5406/5406/4256 2825/2825/1924 2823/2823/5106
f 5406/5406/4256 2823/2823/5106 5408/5408/4257
f 5247/5247/4549 3066/3066/2656 2811/2811/5154
f 5247/5247/4549 2811/2811/5154 3643/3643/3449
f 3369/3369/3014 3144/3144/2593 2790/2790/5139
f 3369/3369/3014 2790/2790/5139 5754/5754/5105
f 3435/3435/3121 3078/3078/2657 2761/2761/5149
f 3435/3435/3121 2761/2761/5149 4604/4604/2957
f 3678/3678/3502 3076/3076/2286 2756/2756/2560
f 3678/3678/3502 2756/2756/2560 4664/4664/4355
f 5408/5408/4257 2795/2795/2650 2739/2739/5144
f 5408/5408/4257 2739/2739/5144 5495/5495/4427
f 4220/4220/5026 3037/3037/2556 2735/2735/5150
f 4220/4220/5026 2735/2735/5150 4485/4485/2745
f 5394/5394/4456 2733/2733/2626 3001/3001/1362
f 5394/5394/4456 3001/3001/1362 3956/3956/3989
f 4865/4865/3345 2799/2799/5151 2729/2729/2622
f 4865/4865/3345 2729/2729/2622 5326/5326/4841
f 5247/5247/4549 3940/3940/3959 3000/3000/2460
f 5247/5247/4549 3000/3000/2460 2726/2726/1943
f 4839/4839/5094 2747/2747/2614 2717/2717/5147
f 4839/4839/5094 2717/2717/5147 4938/4938/4846
f 4338/4338/4789 2671/2671/5109 3097/3097/5146
f 4338/4338/4789 3097/3097/5146 3569/3569/3330
f 3576/3576/4828 2665/2665/2534 2667/2667/5135
f 3576/3576/4828 2667/2667/5135 4333/4333/5071
f 3869/3869/3841 2833/2833/5153 2663/2663/2653
f 3869/3869/3841 2663/2663/2653 5658/5658/4812
f 4182/4182/4430 2657/2657/1816 2673/2673/5140
f 4182/4182/4430 2673/2673/5140 3847/3847/3806
f 3678/3678/3502 3765/3765/3652 2827/2827/2478
f 3678/3678/3502 2827/2827/2478 2651/2651/2486
f 4063/4063/4188 2646/2646/1570 2958/2958/1377
f 4063/4063/4188 2958/2958/1377 3367/3367/3013
f 4930/4930/4687 2697/2697/2096 2643/2643/5142
f 4930/4930/4687 2643/2643/5142 3773/3773/3669
f 3434/3434/3121 3353/3353/5079 2637/2637/5111
f 3434/3434/3121 2637/2637/5111 2639/2639/464
